# https://github.com/mikedh/trimesh
v -0.85708338 -0.66815382 0.38846153
v -0.85461539 -0.66815382 0.38506415
v -0.85461539 -0.67062628 0.38846153
v -0.85461539 -0.66815382 0.39093399
v -0.85461539 -0.66534024 0.38846153
v -0.82696897 -0.76138461 0.29523078
v -0.82353848 -0.76138461 0.29180032
v -0.82353848 -0.76480913 0.29523078
v -0.82353848 -0.76138461 0.29874834
v -0.83102626 -0.73030770 0.29523078
v -0.82353848 -0.73030770 0.28776240
v -0.82353848 -0.74606162 0.32630768
v -0.83902776 -0.73030770 0.32630768
v -0.82353848 -0.73030770 0.34321740
v -0.82593548 -0.69923079 0.29523078
v -0.82353848 -0.69923079 0.29283595
v -0.83903152 -0.69923079 0.32630768
v -0.82353848 -0.71614426 0.35738462
v -0.84817386 -0.69923079 0.35738462
v -0.82353848 -0.69923079 0.37768626
v -0.82353848 -0.69682074 0.29523078
v -0.83906555 -0.66815382 0.32630768
v -0.82353848 -0.66815382 0.31072739
v -0.84178859 -0.66815382 0.35738462
v -0.82353848 -0.68845546 0.38846153
v -0.82353848 -0.66815382 0.41550449
v -0.82353848 -0.63798469 0.32630768
v -0.83905792 -0.63707691 0.35738462
v -0.82353848 -0.63707691 0.32721624
v -0.84019148 -0.63707691 0.38846153
v -0.82353848 -0.66412330 0.41953847
v -0.84376955 -0.63707691 0.41953847
v -0.82353848 -0.64500272 0.45061538
v -0.83145273 -0.63707691 0.45061538
v -0.82353848 -0.63707691 0.45857298
v -0.82508820 -0.60600001 0.35738462
v -0.82353848 -0.60600001 0.35564694
v -0.83647680 -0.60600001 0.38846153
v -0.83910716 -0.60600001 0.41953847
v -0.83904272 -0.60600001 0.45061538
v -0.82353848 -0.61014646 0.48169231
v -0.82767260 -0.60600001 0.48169231
v -0.82353848 -0.60600001 0.48582646
v -0.82353848 -0.60445952 0.35738462
v -0.82353848 -0.59268522 0.38846153
v -0.82353848 -0.59040850 0.41953847
v -0.82353848 -0.59033102 0.45061538
v -0.82353848 -0.60186583 0.48169231
v -0.79696137 -0.79246151 0.26415384
v -0.79246151 -0.79246151 0.25965029
v -0.79246151 -0.79694265 0.26415384
v -0.79246151 -0.79596233 0.29523078
v -0.79596233 -0.79246151 0.29523078
v -0.79246151 -0.79246151 0.29873461
v -0.80581480 -0.76138461 0.26415384
v -0.79246151 -0.76138461 0.25080061
v -0.79246151 -0.77067369 0.32630768
v -0.80194187 -0.76138461 0.32630768
v -0.79246151 -0.76138461 0.33559671
v -0.80443573 -0.73030770 0.26415384
v -0.79246151 -0.73030770 0.25216535
v -0.79246151 -0.74271297 0.35738462
v -0.80621737 -0.73030770 0.35738462
v -0.79246151 -0.73030770 0.36980084
v -0.79246151 -0.69958752 0.26415384
v -0.79246151 -0.69923079 0.26437861
v -0.79246151 -0.71436822 0.38846153
v -0.81239343 -0.69923079 0.38846153
v -0.79246151 -0.69923079 0.40359893
v -0.80805331 -0.66815382 0.29523078
v -0.79246151 -0.66815382 0.26880810
v -0.79246151 -0.68369609 0.41953847
v -0.81950450 -0.66815382 0.41953847
v -0.79246151 -0.66815382 0.43509588
v -0.80797344 -0.63707691 0.29523078
v -0.79246151 -0.63707691 0.27805266
v -0.82263160 -0.63707691 0.32630768
v -0.79246151 -0.65264195 0.45061538
v -0.79246151 -0.63707691 0.47069344
v -0.80367404 -0.60600001 0.29523078
v -0.79246151 -0.60600001 0.28402528
v -0.80894148 -0.60600001 0.32630768
v -0.79246151 -0.62607116 0.48169231
v -0.79246151 -0.60780710 0.51276922
v -0.79427195 -0.60600001 0.51276922
v -0.79246151 -0.60600001 0.51457626
v -0.79246151 -0.59481537 0.29523078
v -0.80678082 -0.57492310 0.32630768
v -0.79246151 -0.57492310 0.31201851
v -0.80795461 -0.57492310 0.35738462
v -0.80840838 -0.57492310 0.38846153
v -0.80801517 -0.57492310 0.41953847
v -0.80815333 -0.57492310 0.45061538
v -0.80791992 -0.57492310 0.48169231
v -0.79246151 -0.57492310 0.50230515
v -0.79246151 -0.60259330 0.51276922
v -0.79246151 -0.56059623 0.32630768
v -0.79246151 -0.54867750 0.35738462
v -0.80151510 -0.54384613 0.38846153
v -0.79246151 -0.54384613 0.36699978
v -0.79930639 -0.54384613 0.41953847
v -0.79246151 -0.54384613 0.42968115
v -0.79246151 -0.55529505 0.45061538
v -0.79246151 -0.55947226 0.48169231
v -0.79246151 -0.53479576 0.38846153
v -0.79246151 -0.53700131 0.41953847
v -0.80797720 -0.45061538 0.23307693
v -0.79246151 -0.45061538 0.21759903
v -0.79246151 -0.47889104 0.23307693
v -0.79246151 -0.47947291 0.26415384
v -0.80795830 -0.45061538 0.26415384
v -0.79246151 -0.45061538 0.28530666
v -0.80799240 -0.41953847 0.23307693
v -0.79246151 -0.41953847 0.20875694
v -0.80804187 -0.41953847 0.26415384
v -0.79246151 -0.43992552 0.29523078
v -0.80710292 -0.41953847 0.29523078
v -0.79246151 -0.41953847 0.30988723
v -0.79701138 -0.38846153 0.20200001
v -0.79246151 -0.38846153 0.19745021
v -0.79246151 -0.40031284 0.20200001
v -0.80798483 -0.38846153 0.23307693
v -0.80799621 -0.38846153 0.26415384
v -0.79744482 -0.38846153 0.29523078
v -0.79246151 -0.38846153 0.30021399
v -0.79246151 -0.37880039 0.20200001
v -0.79669154 -0.35738462 0.23307693
v -0.79246151 -0.35738462 0.22395577
v -0.79246151 -0.35738462 0.24005246
v -0.79246151 -0.36835295 0.26415384
v -0.79246151 -0.38347828 0.29523078
v -0.79246151 -0.35314026 0.23307693
v -0.77441007 -0.82353848 0.26415384
v -0.76138461 -0.82353848 0.25053245
v -0.76138461 -0.83660448 0.26415384
v -0.76138461 -0.82353848 0.27723467
v -0.76138461 -0.79246151 0.23685579
v -0.76138461 -0.80802655 0.29523078
v -0.76138461 -0.79246151 0.31106275
v -0.76138461 -0.76138461 0.23597960
v -0.76138461 -0.77720517 0.32630768
v -0.76138461 -0.76138461 0.34555566
v -0.76138461 -0.73030770 0.23817192
v -0.76138461 -0.74955922 0.35738462
v -0.76138461 -0.73030770 0.38057056
v -0.79223675 -0.69923079 0.26415384
v -0.76138461 -0.69923079 0.23607598
v -0.76138461 -0.72241676 0.38846153
v -0.76138461 -0.69923079 0.41872618
v -0.78780532 -0.66815382 0.26415384
v -0.76138461 -0.66815382 0.24335465
v -0.76138461 -0.69841772 0.41953847
v -0.76138461 -0.67775142 0.45061538
v -0.77100492 -0.66815382 0.45061538
v -0.76138461 -0.66815382 0.46021301
v -0.77857399 -0.63707691 0.26415384
v -0.76138461 -0.63707691 0.24863815
v -0.76138461 -0.65211058 0.48169231
v -0.78099656 -0.63707691 0.48169231
v -0.76138461 -0.63707691 0.49673736
v -0.77173012 -0.60600001 0.26415384
v -0.76138461 -0.60600001 0.25380167
v -0.76138461 -0.62155741 0.51276922
v -0.76138461 -0.60600001 0.52904528
v -0.76138461 -0.59566796 0.26415384
v -0.77685857 -0.57492310 0.29523078
v -0.76138461 -0.57492310 0.27974921
v -0.78207564 -0.57492310 0.51276922
v -0.76138461 -0.57492310 0.53569388
v -0.76138461 -0.55942643 0.29523078
v -0.77559590 -0.54384613 0.32630768
v -0.76138461 -0.54384613 0.31211144
v -0.78763020 -0.54384613 0.35738462
v -0.78101617 -0.54384613 0.45061538
v -0.77594841 -0.54384613 0.48169231
v -0.76138461 -0.54384613 0.49700209
v -0.76138461 -0.55863786 0.51276922
v -0.77690792 -0.51276922 0.23307693
v -0.76138461 -0.51276922 0.21225034
v -0.76138461 -0.53756291 0.23307693
v -0.76138461 -0.52692235 0.26415384
v -0.77548486 -0.51276922 0.26415384
v -0.76138461 -0.51276922 0.27826533
v -0.76138461 -0.52965742 0.32630768
v -0.76138461 -0.52415383 0.35738462
v -0.77059776 -0.51276922 0.38846153
v -0.76138461 -0.51276922 0.37535974
v -0.77430820 -0.51276922 0.41953847
v -0.76421076 -0.51276922 0.45061538
v -0.76138461 -0.51276922 0.45343402
v -0.76138461 -0.52929747 0.48169231
v -0.78966272 -0.48169231 0.23307693
v -0.76138461 -0.48169231 0.20514664
v -0.79024518 -0.48169231 0.26415384
v -0.76138461 -0.48169231 0.28435189
v -0.76138461 -0.50355613 0.38846153
v -0.76138461 -0.49984193 0.41953847
v -0.76138461 -0.50994313 0.45061538
v -0.76965076 -0.45061538 0.20200001
v -0.76138461 -0.45061538 0.19371022
v -0.76138461 -0.47436047 0.20200001
v -0.76138461 -0.47097677 0.29523078
v -0.78270322 -0.45061538 0.29523078
v -0.76138461 -0.45061538 0.31094941
v -0.78570980 -0.41953847 0.20200001
v -0.76138461 -0.41953847 0.18631619
v -0.76138461 -0.42820323 0.32630768
v -0.77004325 -0.41953847 0.32630768
v -0.76138461 -0.41953847 0.33497551
v -0.76999694 -0.38846153 0.17092308
v -0.76138461 -0.38846153 0.16231985
v -0.76138461 -0.39717555 0.17092308
v -0.77696085 -0.38846153 0.32630768
v -0.76138461 -0.38846153 0.34375134
v -0.77686220 -0.35738462 0.17092308
v -0.76138461 -0.35738462 0.15542646
v -0.78392214 -0.35738462 0.20200001
v -0.78150707 -0.35738462 0.26415384
v -0.77706575 -0.35738462 0.29523078
v -0.76138461 -0.35738462 0.31595528
v -0.76138461 -0.36783040 0.32630768
v -0.77592266 -0.32630768 0.17092308
v -0.76138461 -0.32630768 0.15635850
v -0.77693444 -0.32630768 0.20200001
v -0.77695346 -0.32630768 0.23307693
v -0.77272648 -0.32630768 0.26415384
v -0.76138461 -0.32630768 0.27582133
v -0.76138461 -0.34134689 0.29523078
v -0.76862586 -0.29523078 0.10876923
v -0.76138461 -0.29523078 0.10151723
v -0.76138461 -0.30247739 0.10876923
v -0.76138461 -0.29523078 0.12487555
v -0.76317054 -0.29523078 0.17092308
v -0.76138461 -0.29523078 0.16542205
v -0.77298135 -0.29523078 0.20200001
v -0.76138461 -0.29523078 0.23123479
v -0.76138461 -0.29635224 0.23307693
v -0.76138461 -0.31496581 0.26415384
v -0.76731002 -0.26415384 0.10876923
v -0.76138461 -0.26415384 0.10285079
v -0.76138461 -0.28840330 0.13984616
v -0.77694571 -0.26415384 0.13984616
v -0.76386607 -0.26415384 0.17092308
v -0.76138461 -0.26415384 0.17347817
v -0.76138461 -0.28339472 0.20200001
v -0.76138461 -0.24713299 0.10876923
v -0.77655339 -0.23307693 0.13984616
v -0.76138461 -0.23307693 0.11404194
v -0.77691549 -0.23307693 0.17092308
v -0.76138461 -0.23307693 0.19446182
v -0.76138461 -0.20916973 0.13984616
v -0.76138461 -0.20235914 0.17092308
v -0.73045236 -0.85461539 0.23307693
v -0.73030770 -0.85461539 0.23293194
v -0.73030770 -0.85475993 0.23307693
v -0.73030770 -0.85461539 0.23322238
v -0.74646175 -0.82353848 0.23307693
v -0.73030770 -0.82353848 0.21748926
v -0.73030770 -0.83911496 0.26415384
v -0.73030770 -0.82353848 0.28747720
v -0.75760096 -0.79246151 0.23307693
v -0.73030770 -0.79246151 0.21757260
v -0.73030770 -0.81578773 0.29523078
v -0.73030770 -0.80081433 0.32630768
v -0.73890537 -0.79246151 0.32630768
v -0.73030770 -0.79246151 0.33467239
v -0.75848192 -0.76138461 0.23307693
v -0.73030770 -0.76138461 0.21754605
v -0.73030770 -0.77511197 0.35738462
v -0.74781007 -0.76138461 0.35738462
v -0.73030770 -0.76138461 0.37112314
v -0.75628126 -0.73030770 0.23307693
v -0.73030770 -0.73030770 0.21759903
v -0.73030770 -0.74592549 0.38846153
v -0.75355077 -0.73030770 0.38846153
v -0.73030770 -0.73030770 0.40406033
v -0.75838161 -0.69923079 0.23307693
v -0.73030770 -0.69923079 0.21757260
v -0.73030770 -0.71471983 0.41953847
v -0.76056880 -0.69923079 0.41953847
v -0.73030770 -0.69923079 0.43526980
v -0.75107324 -0.66815382 0.23307693
v -0.73030770 -0.66815382 0.21758790
v -0.73030770 -0.68390423 0.45061538
v -0.73030770 -0.66815382 0.47146592
v -0.73904449 -0.63707691 0.23307693
v -0.73030770 -0.63707691 0.22431864
v -0.73030770 -0.65793753 0.48169231
v -0.73030770 -0.63707691 0.51121694
v -0.73030770 -0.62843698 0.23307693
v -0.73030770 -0.60600001 0.24873559
v -0.73030770 -0.63552535 0.51276922
v -0.73030770 -0.61691523 0.54384613
v -0.74191195 -0.60600001 0.54384613
v -0.73030770 -0.60600001 0.55476832
v -0.73519301 -0.57492310 0.20200001
v -0.73030770 -0.57492310 0.19712265
v -0.73030770 -0.57981247 0.20200001
v -0.73030770 -0.59057993 0.23307693
v -0.74609232 -0.57492310 0.23307693
v -0.73671049 -0.57492310 0.26415384
v -0.75324410 -0.57492310 0.54384613
v -0.73030770 -0.57492310 0.55942255
v -0.74584615 -0.54384613 0.20200001
v -0.73030770 -0.54384613 0.18648051
v -0.75510138 -0.54384613 0.23307693
v -0.74559778 -0.54384613 0.26415384
v -0.73030770 -0.54636353 0.29523078
v -0.73030770 -0.54384613 0.29261735
v -0.73030770 -0.54384613 0.29774815
v -0.74647093 -0.54384613 0.51276922
v -0.73030770 -0.54384613 0.52819306
v -0.73030770 -0.55936188 0.54384613
v -0.75115436 -0.51276922 0.20200001
v -0.73030770 -0.51276922 0.18644637
v -0.73030770 -0.51276922 0.28005293
v -0.73030770 -0.52716559 0.32630768
v -0.74958378 -0.51276922 0.35738462
v -0.73030770 -0.51276922 0.34116259
v -0.74582344 -0.51276922 0.48169231
v -0.73030770 -0.51276922 0.49720043
v -0.73030770 -0.52845263 0.51276922
v -0.75454295 -0.48169231 0.20200001
v -0.73030770 -0.48169231 0.19314177
v -0.73030770 -0.48169231 0.28808606
v -0.73030770 -0.49769074 0.35738462
v -0.73030770 -0.49726105 0.38846153
v -0.73030770 -0.49112844 0.41953847
v -0.73030770 -0.49409389 0.45061538
v -0.73030770 -0.49721181 0.48169231
v -0.73030770 -0.45061538 0.19692467
v -0.73030770 -0.47463253 0.29523078
v -0.73030770 -0.45617497 0.32630768
v -0.73585165 -0.45061538 0.32630768
v -0.73030770 -0.45061538 0.34159660
v -0.73500758 -0.41953847 0.17092308
v -0.73030770 -0.41953847 0.16629729
v -0.73030770 -0.42416805 0.17092308
v -0.73030770 -0.44491223 0.35738462
v -0.74583095 -0.41953847 0.35738462
v -0.73030770 -0.41953847 0.37408936
v -0.73030770 -0.38846153 0.15411057
v -0.74769920 -0.38846153 0.35738462
v -0.73030770 -0.39104366 0.38846153
v -0.73254824 -0.38846153 0.38846153
v -0.73030770 -0.38846153 0.39069998
v -0.74255431 -0.35738462 0.13984616
v -0.73030770 -0.35738462 0.12762493
v -0.73030770 -0.37084356 0.13984616
v -0.75090504 -0.35738462 0.32630768
v -0.74247867 -0.35738462 0.35738462
v -0.73030770 -0.35738462 0.36954835
v -0.73030770 -0.38622707 0.38846153
v -0.73927301 -0.32630768 0.10876923
v -0.73030770 -0.32630768 0.08669362
v -0.73030770 -0.33527303 0.10876923
v -0.74586135 -0.32630768 0.13984616
v -0.74619144 -0.32630768 0.29523078
v -0.73180097 -0.32630768 0.32630768
v -0.73030770 -0.32630768 0.32779679
v -0.73030770 -0.34522089 0.35738462
v -0.74050027 -0.29523078 0.07769231
v -0.73030770 -0.29523078 0.06749970
v -0.73030770 -0.31843841 0.07769231
v -0.75453115 -0.29523078 0.13984616
v -0.76026309 -0.29523078 0.23307693
v -0.74583095 -0.29523078 0.26415384
v -0.73030770 -0.29523078 0.28768891
v -0.73030770 -0.30276421 0.29523078
v -0.73030770 -0.32481581 0.32630768
v -0.74572778 -0.26415384 0.07769231
v -0.73030770 -0.26415384 0.06227228
v -0.74611604 -0.26415384 0.20200001
v -0.74598140 -0.26415384 0.23307693
v -0.73030770 -0.26415384 0.25285316
v -0.73030770 -0.27560124 0.26415384
v -0.74091208 -0.23307693 0.07769231
v -0.73030770 -0.23307693 0.06706071
v -0.75632942 -0.23307693 0.10876923
v -0.75386870 -0.23307693 0.20200001
v -0.73030770 -0.23307693 0.22135136
v -0.73030770 -0.24470398 0.23307693
v -0.73030770 -0.22245896 0.07769231
v -0.74654824 -0.20200001 0.10876923
v -0.73030770 -0.20200001 0.09375475
v -0.75448978 -0.20200001 0.13984616
v -0.76102513 -0.20200001 0.17092308
v -0.75461894 -0.20200001 0.20200001
v -0.73030770 -0.21032457 0.23307693
v -0.73596507 -0.20200001 0.23307693
v -0.73030770 -0.20200001 0.23873432
v -0.73030770 -0.18703069 0.10876923
v -0.74495518 -0.17092308 0.13984616
v -0.73030770 -0.17092308 0.12523629
v -0.74587643 -0.17092308 0.17092308
v -0.73352814 -0.17092308 0.20200001
v -0.73030770 -0.17092308 0.20590109
v -0.73030770 -0.19527139 0.23307693
v -0.73030770 -0.15625298 0.13984616
v -0.73030770 -0.15444796 0.17092308
v -0.73030770 -0.16769694 0.20200001
v -0.69923079 -0.85461539 0.21393541
v -0.69923079 -0.87012357 0.23307693
v -0.69923079 -0.85856104 0.26415384
v -0.70320851 -0.85461539 0.26415384
v -0.69923079 -0.85461539 0.26810959
v -0.70743304 -0.82353848 0.20200001
v -0.69923079 -0.82353848 0.19380067
v -0.69923079 -0.83488131 0.20200001
v -0.69923079 -0.83871627 0.29523078
v -0.72228956 -0.82353848 0.29523078
v -0.69923079 -0.82353848 0.31042758
v -0.70150101 -0.79246151 0.20200001
v -0.69923079 -0.79246151 0.19972362
v -0.69923079 -0.80798477 0.32630768
v -0.69923079 -0.79246151 0.34505671
v -0.71117049 -0.76138461 0.20200001
v -0.69923079 -0.76138461 0.19005311
v -0.69923079 -0.78015548 0.35738462
v -0.69923079 -0.76138461 0.38203666
v -0.71108156 -0.73030770 0.20200001
v -0.69923079 -0.73030770 0.19009198
v -0.69923079 -0.75495964 0.38846153
v -0.69923079 -0.73249584 0.41953847
v -0.70141500 -0.73030770 0.41953847
v -0.69923079 -0.73030770 0.42172462
v -0.70043254 -0.69923079 0.20200001
v -0.69923079 -0.69923079 0.20079376
v -0.69923079 -0.71001214 0.45061538
v -0.71022582 -0.69923079 0.45061538
v -0.69923079 -0.69923079 0.46140358
v -0.69923079 -0.69793695 0.20200001
v -0.69923079 -0.66815382 0.21696410
v -0.69923079 -0.68355066 0.48169231
v -0.71996933 -0.66815382 0.48169231
v -0.69923079 -0.66815382 0.49708912
v -0.69923079 -0.63707691 0.21753846
v -0.69923079 -0.65260017 0.51276922
v -0.72875321 -0.63707691 0.51276922
v -0.69923079 -0.63707691 0.52905667
v -0.69923079 -0.60959005 0.23307693
v -0.69923079 -0.60600001 0.23666695
v -0.69923079 -0.62231022 0.54384613
v -0.69923079 -0.60600001 0.56885159
v -0.69923079 -0.57492310 0.18651465
v -0.69923079 -0.59045774 0.20200001
v -0.69923079 -0.60240531 0.23307693
v -0.69923079 -0.58042955 0.57492310
v -0.70077926 -0.57492310 0.57492310
v -0.69923079 -0.57492310 0.57646728
v -0.69923079 -0.54384613 0.18573791
v -0.72575212 -0.54384613 0.29523078
v -0.70069391 -0.54384613 0.54384613
v -0.69923079 -0.54384613 0.54530931
v -0.69923079 -0.57337749 0.57492310
v -0.69923079 -0.51276922 0.18673539
v -0.70208609 -0.51276922 0.29523078
v -0.71520007 -0.51276922 0.32630768
v -0.71193671 -0.51276922 0.51276922
v -0.69923079 -0.51276922 0.52551186
v -0.69923079 -0.54238164 0.54384613
v -0.69923079 -0.49742845 0.20200001
v -0.72139347 -0.48169231 0.20200001
v -0.69923079 -0.48169231 0.21780710
v -0.72298700 -0.48169231 0.29523078
v -0.71482617 -0.48169231 0.32630768
v -0.71364456 -0.48169231 0.35738462
v -0.69923079 -0.48169231 0.38127959
v -0.69923079 -0.48810980 0.38846153
v -0.71964216 -0.48169231 0.41953847
v -0.69923079 -0.48169231 0.39585486
v -0.71686906 -0.48169231 0.45061538
v -0.69923079 -0.48169231 0.47567347
v -0.69923079 -0.48707199 0.48169231
v -0.69923079 -0.50002295 0.51276922
v -0.72522622 -0.45061538 0.20200001
v -0.69923079 -0.45061538 0.22871669
v -0.72462493 -0.45061538 0.35738462
v -0.69923079 -0.45061538 0.38085401
v -0.69923079 -0.46755594 0.41953847
v -0.69923079 -0.46719733 0.45061538
v -0.69923079 -0.41953847 0.16795248
v -0.69923079 -0.42251688 0.17092308
v -0.69923079 -0.43508452 0.20200001
v -0.69923079 -0.44298255 0.38846153
v -0.71593553 -0.41953847 0.38846153
v -0.69923079 -0.41953847 0.40397725
v -0.70387959 -0.38846153 0.13984616
v -0.69923079 -0.38846153 0.13580185
v -0.69923079 -0.39249730 0.13984616
v -0.69923079 -0.38846153 0.40395081
v -0.69923079 -0.35738462 0.12296098
v -0.71464342 -0.35738462 0.38846153
v -0.69923079 -0.35738462 0.40388170
v -0.72589511 -0.32630768 0.07769231
v -0.69923079 -0.32630768 0.06184858
v -0.69923079 -0.34251833 0.07769231
v -0.69923079 -0.34319288 0.10876923
v -0.71059430 -0.32630768 0.35738462
v -0.69923079 -0.32630768 0.36874115
v -0.69923079 -0.34197953 0.38846153
v -0.69923079 -0.29523078 0.05492923
v -0.72277707 -0.29523078 0.29523078
v -0.70332432 -0.29523078 0.32630768
v -0.69923079 -0.29523078 0.33040130
v -0.69923079 -0.31493011 0.35738462
v -0.69923079 -0.26415384 0.05724034
v -0.71887445 -0.26415384 0.26415384
v -0.69923079 -0.26415384 0.29152527
v -0.69923079 -0.26785928 0.29523078
v -0.69923079 -0.29113722 0.32630768
v -0.69923079 -0.23307693 0.04998431
v -0.71852511 -0.23307693 0.23307693
v -0.69923079 -0.23307693 0.26200253
v -0.69923079 -0.23522243 0.26415384
v -0.70158786 -0.20200001 0.04661538
v -0.69923079 -0.20200001 0.04425827
v -0.69923079 -0.21452382 0.04661538
v -0.71475410 -0.20200001 0.07769231
v -0.69923079 -0.20200001 0.24862297
v -0.69923079 -0.19423652 0.04661538
v -0.71479195 -0.17092308 0.07769231
v -0.69923079 -0.17092308 0.05274579
v -0.71470881 -0.17092308 0.10876923
v -0.71645939 -0.17092308 0.23307693
v -0.69923079 -0.17092308 0.24886908
v -0.69923079 -0.14364120 0.07769231
v -0.70379335 -0.13984616 0.10876923
v -0.69923079 -0.13984616 0.09161791
v -0.69923079 -0.14289156 0.13984616
v -0.69923079 -0.13984616 0.12781556
v -0.70482016 -0.13984616 0.17092308
v -0.69923079 -0.13984616 0.15095396
v -0.71464676 -0.13984616 0.20200001
v -0.69923079 -0.13984616 0.21737806
v -0.69923079 -0.15539220 0.23307693
v -0.69923079 -0.13528545 0.10876923
v -0.69923079 -0.13476200 0.17092308
v -0.69923079 -0.12443395 0.20200001
v -0.67804033 -0.88569230 0.20200001
v -0.66815382 -0.88569230 0.19212012
v -0.66815382 -0.89556563 0.20200001
v -0.66815382 -0.89257735 0.23307693
v -0.67502844 -0.88569230 0.23307693
v -0.66815382 -0.88569230 0.23997244
v -0.68730974 -0.85461539 0.20200001
v -0.66815382 -0.85461539 0.18645395
v -0.66815382 -0.87015384 0.26415384
v -0.66815382 -0.85461539 0.28188735
v -0.66815382 -0.82353848 0.18645395
v -0.66815382 -0.84126455 0.29523078
v -0.66815382 -0.82548994 0.32630768
v -0.67011338 -0.82353848 0.32630768
v -0.66815382 -0.82353848 0.32826635
v -0.66815382 -0.79246151 0.18646912
v -0.66815382 -0.80614692 0.35738462
v -0.68510300 -0.79246151 0.35738462
v -0.66815382 -0.79246151 0.37105510
v -0.66815382 -0.76138461 0.18649189
v -0.66815382 -0.77693063 0.38846153
v -0.69281828 -0.76138461 0.38846153
v -0.66815382 -0.76138461 0.40398481
v -0.66815382 -0.73030770 0.18646154
v -0.66815382 -0.74579304 0.41953847
v -0.66815382 -0.73030770 0.43627343
v -0.66815382 -0.69923079 0.18670054
v -0.66815382 -0.71598464 0.45061538
v -0.66815382 -0.69923079 0.47320575
v -0.66815382 -0.67475414 0.20200001
v -0.66815382 -0.66815382 0.20843674
v -0.66815382 -0.69074422 0.48169231
v -0.66815382 -0.67141843 0.51276922
v -0.67142129 -0.66815382 0.51276922
v -0.66815382 -0.66815382 0.51603383
v -0.66815382 -0.63707691 0.21754605
v -0.66815382 -0.64953673 0.54384613
v -0.68136251 -0.63707691 0.54384613
v -0.66815382 -0.63707691 0.55631328
v -0.66815382 -0.61002535 0.23307693
v -0.66815382 -0.60600001 0.23710226
v -0.66815382 -0.62156874 0.57492310
v -0.69317359 -0.60600001 0.57492310
v -0.66815382 -0.60600001 0.59043890
v -0.66815382 -0.57492310 0.19130297
v -0.66815382 -0.58562690 0.20200001
v -0.66815382 -0.60196429 0.23307693
v -0.66815382 -0.57492310 0.58904821
v -0.66815382 -0.54384613 0.18646912
v -0.66815382 -0.56082428 0.57492310
v -0.66815382 -0.54384613 0.55942243
v -0.66815382 -0.52744025 0.20200001
v -0.68310565 -0.51276922 0.20200001
v -0.66815382 -0.51276922 0.23182054
v -0.68164939 -0.51276922 0.26415384
v -0.66815382 -0.52834767 0.26415384
v -0.66815382 -0.51276922 0.23454528
v -0.66815382 -0.51276922 0.27757835
v -0.66815382 -0.52688915 0.54384613
v -0.66815382 -0.51276922 0.52967376
v -0.68402195 -0.48169231 0.23307693
v -0.66815382 -0.51163769 0.23307693
v -0.68515569 -0.48169231 0.26415384
v -0.66815382 -0.48169231 0.27967322
v -0.67661971 -0.48169231 0.38846153
v -0.69313484 -0.48169231 0.48169231
v -0.66815382 -0.48169231 0.49642178
v -0.66815382 -0.49684986 0.51276922
v -0.69487965 -0.45061538 0.23307693
v -0.68228823 -0.45061538 0.26415384
v -0.66815382 -0.45061538 0.27811289
v -0.67805064 -0.45061538 0.38846153
v -0.66815382 -0.46606332 0.41953847
v -0.66815382 -0.45061538 0.39255291
v -0.66815382 -0.46614248 0.45061538
v -0.66815382 -0.46734977 0.48169231
v -0.69563788 -0.41953847 0.17092308
v -0.66815382 -0.41953847 0.18722297
v -0.66815382 -0.43269718 0.20200001
v -0.66815382 -0.43506932 0.23307693
v -0.66815382 -0.43667135 0.26415384
v -0.66815382 -0.41953847 0.40403035
v -0.66815382 -0.38846153 0.13535374
v -0.66815382 -0.39294648 0.13984616
v -0.66815382 -0.40563804 0.17092308
v -0.66815382 -0.38846153 0.41758323
v -0.67401242 -0.35738462 0.07769231
v -0.66815382 -0.35738462 0.07223858
v -0.66815382 -0.36284268 0.07769231
v -0.66815382 -0.35983163 0.10876923
v -0.67101735 -0.35738462 0.10876923
v -0.66815382 -0.35738462 0.41631368
v -0.67568111 -0.32630768 0.04661538
v -0.66815382 -0.32630768 0.03932082
v -0.66815382 -0.33360764 0.04661538
v -0.67067152 -0.32630768 0.38846153
v -0.66815382 -0.32630768 0.39098829
v -0.68601179 -0.29523078 0.04661538
v -0.66815382 -0.29523078 0.03635461
v -0.66815382 -0.30068290 0.35738462
v -0.66815382 -0.29523078 0.35193244
v -0.66815382 -0.32378098 0.38846153
v -0.68864655 -0.26415384 0.04661538
v -0.66815382 -0.26415384 0.03103911
v -0.69552535 -0.26415384 0.29523078
v -0.66815382 -0.26415384 0.31686053
v -0.66815382 -0.27360103 0.32630768
v -0.69585896 -0.23307693 0.04661538
v -0.66815382 -0.23307693 0.02120795
v -0.69708431 -0.23307693 0.26415384
v -0.66815382 -0.23307693 0.28561988
v -0.66815382 -0.24268462 0.29523078
v -0.68215555 -0.20200001 0.01553846
v -0.66815382 -0.20200001 0.00153675
v -0.66815382 -0.22643420 0.01553846
v -0.66815382 -0.20282842 0.26415384
v -0.66815382 -0.20200001 0.26332662
v -0.68365812 -0.17092308 0.01553846
v -0.66815382 -0.17092308 0.00007955
v -0.69308108 -0.17092308 0.04661538
v -0.66815382 -0.20083229 0.26415384
v -0.68118727 -0.17092308 0.26415384
v -0.66815382 -0.17092308 0.27696285
v -0.68368095 -0.13984616 0.01553846
v -0.66815382 -0.13984616 -0.00150048
v -0.68369234 -0.13984616 0.04661538
v -0.69542599 -0.13984616 0.07769231
v -0.69618803 -0.13984616 0.13984616
v -0.68195277 -0.13984616 0.23307693
v -0.66815382 -0.13984616 0.24690947
v -0.66815382 -0.15811041 0.26415384
v -0.67678601 -0.10876923 0.01553846
v -0.66815382 -0.10876923 0.00669387
v -0.68373019 -0.10876923 0.04661538
v -0.68367714 -0.10876923 0.07769231
v -0.68373770 -0.10876923 0.10876923
v -0.67414629 -0.10876923 0.13984616
v -0.66815382 -0.12428493 0.17092308
v -0.66815382 -0.10876923 0.14584805
v -0.66815382 -0.12430769 0.20200001
v -0.66815382 -0.12597977 0.23307693
v -0.66815382 -0.09911027 0.01553846
v -0.66815382 -0.08849183 0.04661538
v -0.66815382 -0.09034996 0.07769231
v -0.66815382 -0.09319295 0.10876923
v -0.66815382 -0.10277675 0.13984616
v -0.64601922 -0.91676921 0.20200001
v -0.63707691 -0.91676921 0.18731201
v -0.63707691 -0.92571777 0.20200001
v -0.63707691 -0.91676921 0.21096408
v -0.64902812 -0.88569230 0.17092308
v -0.63707691 -0.88569230 0.15896468
v -0.63707691 -0.90373832 0.17092308
v -0.63707691 -0.90123075 0.23307693
v -0.63707691 -0.88569230 0.25540730
v -0.65188110 -0.85461539 0.17092308
v -0.63707691 -0.85461539 0.15610753
v -0.63707691 -0.87695497 0.26415384
v -0.63707691 -0.86614406 0.29523078
v -0.65073949 -0.85461539 0.29523078
v -0.63707691 -0.85461539 0.30675244
v -0.65113336 -0.82353848 0.17092308
v -0.63707691 -0.82353848 0.15686660
v -0.63707691 -0.83902752 0.32630768
v -0.63707691 -0.82353848 0.34290433
v -0.65166306 -0.79246151 0.17092308
v -0.63707691 -0.79246151 0.15631807
v -0.63707691 -0.80909216 0.35738462
v -0.63707691 -0.79246151 0.38343945
v -0.64498281 -0.76138461 0.17092308
v -0.63707691 -0.76138461 0.16298550
v -0.63707691 -0.78743947 0.38846153
v -0.63707691 -0.76903230 0.41953847
v -0.64470214 -0.76138461 0.41953847
v -0.63707691 -0.76138461 0.42718619
v -0.63707691 -0.75141871 0.17092308
v -0.63707691 -0.73030770 0.18398315
v -0.63707691 -0.74237460 0.45061538
v -0.65032279 -0.73030770 0.45061538
v -0.63707691 -0.73030770 0.46268225
v -0.63707691 -0.69923079 0.18648431
v -0.63707691 -0.71480709 0.48169231
v -0.65970033 -0.69923079 0.48169231
v -0.63707691 -0.69923079 0.49725342
v -0.63707691 -0.67388266 0.20200001
v -0.63707691 -0.66815382 0.20771739
v -0.63707691 -0.68363911 0.51276922
v -0.63707691 -0.66815382 0.53033298
v -0.63707691 -0.63707691 0.21754226
v -0.63707691 -0.65467054 0.54384613
v -0.63707691 -0.63707691 0.57178879
v -0.63707691 -0.61847079 0.23307693
v -0.63707691 -0.60600001 0.24555860
v -0.63707691 -0.63394535 0.57492310
v -0.63707691 -0.60600001 0.59508955
v -0.65745687 -0.57492310 0.20200001
v -0.65273619 -0.57492310 0.23307693
v -0.63707691 -0.57492310 0.24911815
v -0.63707691 -0.57492310 0.59007615
v -0.65260780 -0.54384613 0.20200001
v -0.65268737 -0.54384613 0.23307693
v -0.63707691 -0.54384613 0.24973105
v -0.63707691 -0.55984187 0.57492310
v -0.63707691 -0.54384613 0.55933934
v -0.66702175 -0.51276922 0.23307693
v -0.63707691 -0.52456897 0.26415384
v -0.63707691 -0.51276922 0.27496493
v -0.63707691 -0.51734990 0.54384613
v -0.63707691 -0.51276922 0.53926164
v -0.63707691 -0.48169231 0.28261253
v -0.65693861 -0.48169231 0.38846153
v -0.63707691 -0.48626196 0.38846153
v -0.63707691 -0.48169231 0.38383421
v -0.63707691 -0.48169231 0.39304262
v -0.63707691 -0.49089533 0.51276922
v -0.63707691 -0.48169231 0.50356615
v -0.63707691 -0.46698880 0.29523078
v -0.65052748 -0.45061538 0.29523078
v -0.63707691 -0.45061538 0.30869627
v -0.66398835 -0.45061538 0.38846153
v -0.63707691 -0.45061538 0.37308028
v -0.63707691 -0.46615764 0.41953847
v -0.63707691 -0.46615386 0.45061538
v -0.63707691 -0.46613866 0.48169231
v -0.65345585 -0.41953847 0.20200001
v -0.63707691 -0.41953847 0.22760399
v -0.63707691 -0.42416915 0.23307693
v -0.63707691 -0.43490413 0.26415384
v -0.63707691 -0.43718347 0.29523078
v -0.63707691 -0.43527573 0.38846153
v -0.63707691 -0.41953847 0.40719512
v -0.66179502 -0.38846153 0.13984616
v -0.63707691 -0.38846153 0.15207319
v -0.63707691 -0.40409809 0.17092308
v -0.63707691 -0.40555969 0.20200001
v -0.63707691 -0.40714428 0.41953847
v -0.66619503 -0.38846153 0.41953847
v -0.63707691 -0.38846153 0.43506932
v -0.63707691 -0.35738462 0.06419360
v -0.63707691 -0.37094283 0.07769231
v -0.63707691 -0.36018842 0.10876923
v -0.63707691 -0.37615532 0.13984616
v -0.66492337 -0.35738462 0.41953847
v -0.63707691 -0.35738462 0.43505415
v -0.63707691 -0.32630768 0.03248196
v -0.63707691 -0.34038866 0.04661538
v -0.63707691 -0.34191427 0.41953847
v -0.63707691 -0.32630768 0.40396976
v -0.63707691 -0.29523078 0.03106934
v -0.66274095 -0.29523078 0.35738462
v -0.63707691 -0.29523078 0.37299100
v -0.63707691 -0.31074652 0.38846153
v -0.63707691 -0.26415384 0.01827339
v -0.65855330 -0.26415384 0.32630768
v -0.63707691 -0.26415384 0.34165826
v -0.63707691 -0.27963191 0.35738462
v -0.66247070 -0.23307693 0.01553846
v -0.63707691 -0.23307693 0.00001138
v -0.63707691 -0.26141164 0.01553846
v -0.65847760 -0.23307693 0.29523078
v -0.63707691 -0.23307693 0.31068161
v -0.63707691 -0.24880335 0.32630768
v -0.64355630 -0.20200001 -0.01553846
v -0.63707691 -0.20200001 -0.02201782
v -0.63707691 -0.20849186 -0.01553846
v -0.66732895 -0.20200001 0.26415384
v -0.63707691 -0.20200001 0.27973023
v -0.63707691 -0.21761096 0.29523078
v -0.65253967 -0.17092308 -0.01553846
v -0.63707691 -0.17092308 -0.03105790
v -0.63707691 -0.17092308 0.27965057
v -0.65413094 -0.13984616 -0.01553846
v -0.63707691 -0.13984616 -0.03862773
v -0.63707691 -0.15215570 0.26415384
v -0.63707691 -0.13984616 0.25187701
v -0.64912677 -0.10876923 -0.04661538
v -0.63707691 -0.10876923 -0.05865801
v -0.63707691 -0.12886733 -0.04661538
v -0.65289706 -0.10876923 -0.01553846
v -0.64978981 -0.10876923 0.17092308
v -0.63707691 -0.10876923 0.18346201
v -0.63707691 -0.12446524 0.20200001
v -0.63707691 -0.12328687 0.23307693
v -0.64867848 -0.07769231 -0.04661538
v -0.63707691 -0.07769231 -0.05820984
v -0.65261537 -0.07769231 -0.01553846
v -0.65386862 -0.07769231 0.01553846
v -0.65732688 -0.07769231 0.04661538
v -0.65550351 -0.07769231 0.07769231
v -0.65267581 -0.07769231 0.10876923
v -0.63707691 -0.07769231 0.12969990
v -0.63707691 -0.08789174 0.13984616
v -0.63707691 -0.09606735 0.17092308
v -0.63707691 -0.06357169 -0.04661538
v -0.64716232 -0.04661538 -0.01553846
v -0.63707691 -0.04661538 -0.02801747
v -0.64933854 -0.04661538 0.01553846
v -0.64334559 -0.04661538 0.04661538
v -0.63707691 -0.04661538 0.05607275
v -0.63707691 -0.05799390 0.07769231
v -0.63707691 -0.06206689 0.10876923
v -0.63707691 -0.03653000 -0.01553846
v -0.63707691 -0.03435374 0.01553846
v -0.63707691 -0.04035161 0.04661538
v -0.61737239 -0.94784617 0.17092308
v -0.60600001 -0.94784617 0.15952945
v -0.60600001 -0.95922559 0.17092308
v -0.60600001 -0.94784617 0.18230604
v -0.62740785 -0.91676921 0.17092308
v -0.60600001 -0.91676921 0.14819664
v -0.60600001 -0.93231910 0.20200001
v -0.60600001 -0.91676921 0.22715883
v -0.61225420 -0.88569230 0.13984616
v -0.60600001 -0.88569230 0.13359684
v -0.60600001 -0.89833379 0.13984616
v -0.60600001 -0.91084880 0.23307693
v -0.60600001 -0.90051383 0.26415384
v -0.62776083 -0.88569230 0.26415384
v -0.60600001 -0.88569230 0.27890018
v -0.60957092 -0.85461539 0.13984616
v -0.60600001 -0.85461539 0.13627984
v -0.60600001 -0.87005955 0.29523078
v -0.60600001 -0.85461539 0.31889683
v -0.61585164 -0.82353848 0.13984616
v -0.60600001 -0.82353848 0.13000113
v -0.60600001 -0.84720731 0.32630768
v -0.60600001 -0.83316499 0.35738462
v -0.61659312 -0.82353848 0.35738462
v -0.60600001 -0.82353848 0.36701116
v -0.61116737 -0.79246151 0.13984616
v -0.60600001 -0.79246151 0.13468511
v -0.60600001 -0.80797720 0.38846153
v -0.63204664 -0.79246151 0.38846153
v -0.60600001 -0.79246151 0.40394700
v -0.60600001 -0.78466004 0.13984616
v -0.60600001 -0.76138461 0.15143575
v -0.60600001 -0.77687383 0.41953847
v -0.60600001 -0.76138461 0.43859464
v -0.62213182 -0.73030770 0.17092308
v -0.60600001 -0.73030770 0.15728116
v -0.60600001 -0.74937105 0.45061538
v -0.60600001 -0.73030770 0.47479880
v -0.61391050 -0.69923079 0.10876923
v -0.60600001 -0.69923079 0.10038307
v -0.60600001 -0.70844072 0.10876923
v -0.60600001 -0.69923079 0.11829785
v -0.60600001 -0.71653390 0.17092308
v -0.60600001 -0.69923079 0.18632770
v -0.60600001 -0.72341418 0.48169231
v -0.60600001 -0.70413899 0.51276922
v -0.61090422 -0.69923079 0.51276922
v -0.60600001 -0.69923079 0.51767349
v -0.60600001 -0.68222892 0.10876923
v -0.60600001 -0.67853463 0.13984616
v -0.61468232 -0.66815382 0.13984616
v -0.60600001 -0.66815382 0.12188099
v -0.60600001 -0.66815382 0.14862104
v -0.60600001 -0.68086064 0.20200001
v -0.60600001 -0.66815382 0.21471415
v -0.60600001 -0.68124717 0.54384613
v -0.62116295 -0.66815382 0.54384613
v -0.60600001 -0.66815382 0.55701745
v -0.60600001 -0.65794909 0.13984616
v -0.60600001 -0.63707691 0.22360082
v -0.60600001 -0.65268773 0.57492310
v -0.63394809 -0.63707691 0.57492310
v -0.60600001 -0.63707691 0.59122497
v -0.60600001 -0.62764257 0.23307693
v -0.60600001 -0.60600001 0.24858515
v -0.60600001 -0.60600001 0.59072781
v -0.60600001 -0.57492310 0.25515929
v -0.60600001 -0.57492310 0.58207393
v -0.60600001 -0.54384613 0.25377464
v -0.60600001 -0.56779897 0.57492310
v -0.60600001 -0.54384613 0.55936188
v -0.60600001 -0.53348720 0.26415384
v -0.60600001 -0.51276922 0.28165597
v -0.60600001 -0.51788801 0.54384613
v -0.60600001 -0.51276922 0.53872734
v -0.60600001 -0.49916455 0.29523078
v -0.62443668 -0.48169231 0.29523078
v -0.61785448 -0.48169231 0.32630768
v -0.60600001 -0.49397334 0.32630768
v -0.60600001 -0.48169231 0.34850481
v -0.63247091 -0.48169231 0.38846153
v -0.60600001 -0.49328077 0.51276922
v -0.60600001 -0.48169231 0.50100076
v -0.62158781 -0.45061538 0.32630768
v -0.60600001 -0.45061538 0.34271356
v -0.62170702 -0.45061538 0.38846153
v -0.62095565 -0.45061538 0.41953847
v -0.60600001 -0.45061538 0.43448275
v -0.60600001 -0.46607092 0.45061538
v -0.60600001 -0.46631530 0.48169231
v -0.63244623 -0.41953847 0.23307693
v -0.61854744 -0.41953847 0.26415384
v -0.60600001 -0.41953847 0.28114703
v -0.60600001 -0.43055120 0.29523078
v -0.60600001 -0.43506932 0.32630768
v -0.62469727 -0.41953847 0.41953847
v -0.60600001 -0.41953847 0.43550572
v -0.61434788 -0.38846153 0.17092308
v -0.60600001 -0.38846153 0.17956696
v -0.60600001 -0.40371802 0.20200001
v -0.60600001 -0.40400001 0.23307693
v -0.60600001 -0.40715340 0.26415384
v -0.60600001 -0.38859776 0.45061538
v -0.60612905 -0.38846153 0.45061538
v -0.60600001 -0.38846153 0.45074400
v -0.60600001 -0.35738462 0.06446294
v -0.60600001 -0.37063619 0.07769231
v -0.63112819 -0.35738462 0.10876923
v -0.60600001 -0.35738462 0.09757950
v -0.60600001 -0.35738462 0.11783491
v -0.60600001 -0.37305477 0.13984616
v -0.60600001 -0.38004833 0.17092308
v -0.60600001 -0.38790283 0.45061538
v -0.60600001 -0.35738462 0.44485486
v -0.60600001 -0.32630768 0.03532442
v -0.60600001 -0.33756018 0.04661538
v -0.60600001 -0.34820974 0.10876923
v -0.60651368 -0.32630768 0.41953847
v -0.60600001 -0.32630768 0.42005605
v -0.60600001 -0.29523078 0.03100923
v -0.60600001 -0.30609983 0.38846153
v -0.60600001 -0.29523078 0.37759247
v -0.60600001 -0.32579058 0.41953847
v -0.63115233 -0.26415384 0.01553846
v -0.60600001 -0.26415384 0.00651961
v -0.60600001 -0.27316025 0.01553846
v -0.60600001 -0.27859521 0.35738462
v -0.60600001 -0.26415384 0.34293574
v -0.60600001 -0.23307693 -0.00543903
v -0.60600001 -0.24769805 0.32630768
v -0.60600001 -0.23307693 0.31169036
v -0.60600001 -0.20200001 -0.03103899
v -0.60600001 -0.22296409 -0.01553846
v -0.60600001 -0.21452868 0.29523078
v -0.60600001 -0.20200001 0.28270939
v -0.61666149 -0.17092308 -0.04661538
v -0.60600001 -0.17092308 -0.05726660
v -0.60600001 -0.18156067 -0.04661538
v -0.60600001 -0.17092308 0.27962047
v -0.62908924 -0.13984616 -0.04661538
v -0.60600001 -0.13984616 -0.06252674
v -0.60600001 -0.14602990 0.26415384
v -0.60600001 -0.13984616 0.25798219
v -0.61419749 -0.10876923 -0.07769231
v -0.60600001 -0.10876923 -0.08588985
v -0.60600001 -0.11726576 -0.07769231
v -0.60600001 -0.11766539 0.20200001
v -0.60600001 -0.10876923 0.19308522
v -0.60600001 -0.12354430 0.23307693
v -0.61510497 -0.07769231 -0.07769231
v -0.60600001 -0.07769231 -0.08679729
v -0.62623060 -0.07769231 0.13984616
v -0.60600001 -0.07769231 0.15464012
v -0.60600001 -0.09328767 0.17092308
v -0.60600001 -0.06618161 -0.07769231
v -0.62412453 -0.04661538 -0.04661538
v -0.60600001 -0.04661538 -0.06484883
v -0.62568074 -0.04661538 0.07769231
v -0.60600001 -0.04661538 0.10149814
v -0.60600001 -0.05387290 0.10876923
v -0.60600001 -0.06286810 0.13984616
v -0.60600001 -0.02571732 -0.04661538
v -0.61975175 -0.01553846 -0.01553846
v -0.60600001 -0.01553846 -0.03478306
v -0.61947954 -0.01553846 0.01553846
v -0.60600001 -0.01553846 0.03863810
v -0.60600001 -0.02203204 0.04661538
v -0.60600001 -0.03108451 0.07769231
v -0.60600001 -0.00179045 -0.01553846
v -0.60600001 -0.00206264 0.01553846
v -0.58370626 -0.94784617 0.13984616
v -0.57492310 -0.94784617 0.13108751
v -0.57492310 -0.95659250 0.13984616
v -0.57492310 -0.96333170 0.17092308
v -0.57492310 -0.94804156 0.20200001
v -0.57511950 -0.94784617 0.20200001
v -0.57492310 -0.94784617 0.20219560
v -0.59763765 -0.91676921 0.13984616
v -0.57492310 -0.91676921 0.12433804
v -0.57492310 -0.93224692 0.23307693
v -0.60005844 -0.91676921 0.23307693
v -0.57492310 -0.91676921 0.24870738
v -0.57492310 -0.88569230 0.12436057
v -0.57492310 -0.90136081 0.26415384
v -0.57492310 -0.88606763 0.29523078
v -0.57529515 -0.88569230 0.29523078
v -0.57492310 -0.88569230 0.29560646
v -0.57492310 -0.85461539 0.11649140
v -0.57492310 -0.86960101 0.32630768
v -0.59819424 -0.85461539 0.32630768
v -0.57492310 -0.85461539 0.34124061
v -0.57750273 -0.82353848 0.10876923
v -0.57492310 -0.82353848 0.10618735
v -0.57492310 -0.83023322 0.10876923
v -0.57492310 -0.83900511 0.35738462
v -0.57492310 -0.82353848 0.37789217
v -0.57492310 -0.79644531 0.10876923
v -0.57492310 -0.79246151 0.10917822
v -0.57492310 -0.81297934 0.38846153
v -0.57492310 -0.79628676 0.41953847
v -0.57873523 -0.79246151 0.41953847
v -0.57492310 -0.79246151 0.42336369
v -0.58061087 -0.76138461 0.04661538
v -0.57492310 -0.76138461 0.04092764
v -0.57492310 -0.76785064 0.04661538
v -0.57492310 -0.77696818 0.07769231
v -0.59053689 -0.76138461 0.07769231
v -0.57492310 -0.76138461 0.09479953
v -0.59440684 -0.76138461 0.13984616
v -0.57492310 -0.76138461 0.12283235
v -0.57492310 -0.77463120 0.45061538
v -0.59174860 -0.76138461 0.45061538
v -0.57492310 -0.76138461 0.46386939
v -0.58321953 -0.73030770 0.04661538
v -0.57492310 -0.73030770 0.03832786
v -0.59208810 -0.73030770 0.07769231
v -0.57492310 -0.74191695 0.10876923
v -0.58666271 -0.73030770 0.10876923
v -0.58391762 -0.73030770 0.13984616
v -0.57492310 -0.74592918 0.48169231
v -0.59916621 -0.73030770 0.48169231
v -0.57492310 -0.73030770 0.49720824
v -0.57492310 -0.71241748 0.04661538
v -0.59105718 -0.69923079 0.07769231
v -0.57492310 -0.69923079 0.05319735
v -0.58150667 -0.69923079 0.13984616
v -0.58735752 -0.69923079 0.17092308
v -0.57492310 -0.71462572 0.51276922
v -0.57492310 -0.69923079 0.53189200
v -0.59024268 -0.66815382 0.07769231
v -0.57492310 -0.66815382 0.06236510
v -0.59914595 -0.66815382 0.10876923
v -0.57878661 -0.66815382 0.17092308
v -0.58167708 -0.66815382 0.20200001
v -0.57492310 -0.68730545 0.54384613
v -0.57492310 -0.67157078 0.57492310
v -0.57836246 -0.66815382 0.57492310
v -0.57492310 -0.66815382 0.57833409
v -0.57492310 -0.65293950 0.07769231
v -0.59050667 -0.63707691 0.10876923
v -0.57492310 -0.63707691 0.09326077
v -0.59224826 -0.63707691 0.13984616
v -0.59328878 -0.63707691 0.17092308
v -0.58567089 -0.63707691 0.20200001
v -0.57492310 -0.64282370 0.23307693
v -0.57492310 -0.63707691 0.22369744
v -0.58556759 -0.63707691 0.23307693
v -0.57492310 -0.63707691 0.23881908
v -0.57492310 -0.63707691 0.59369379
v -0.57492310 -0.62146312 0.10876923
v -0.57865179 -0.60600001 0.13984616
v -0.57492310 -0.60600001 0.13612063
v -0.58927697 -0.60600001 0.17092308
v -0.58600521 -0.60600001 0.20200001
v -0.57492310 -0.60600001 0.21533380
v -0.57492310 -0.60600001 0.25451961
v -0.57492310 -0.60600001 0.59054452
v -0.57492310 -0.60226810 0.13984616
v -0.57492310 -0.59164232 0.17092308
v -0.57492310 -0.59492135 0.20200001
v -0.57492310 -0.59828764 0.26415384
v -0.59701794 -0.57492310 0.26415384
v -0.57492310 -0.57492310 0.28370425
v -0.59467149 -0.57492310 0.57492310
v -0.57492310 -0.58548009 0.57492310
v -0.57492310 -0.57492310 0.56428474
v -0.59562755 -0.54384613 0.26415384
v -0.57492310 -0.55203819 0.29523078
v -0.58035201 -0.54384613 0.29523078
v -0.57507533 -0.54384613 0.32630768
v -0.57492310 -0.54399824 0.32630768
v -0.57492310 -0.54384613 0.32645980
v -0.57492310 -0.54384613 0.55937701
v -0.59240651 -0.51276922 0.29523078
v -0.58848125 -0.51276922 0.32630768
v -0.57492310 -0.51276922 0.33942598
v -0.57492310 -0.52781856 0.54384613
v -0.57492310 -0.51276922 0.52879304
v -0.57492310 -0.48169231 0.34180063
v -0.57492310 -0.49723077 0.51276922
v -0.57492310 -0.48169231 0.48391914
v -0.57492310 -0.45061538 0.34187272
v -0.57492310 -0.47384319 0.45061538
v -0.57492310 -0.45061538 0.43527263
v -0.57492310 -0.47946045 0.48169231
v -0.59041995 -0.41953847 0.29523078
v -0.57492310 -0.41953847 0.30629638
v -0.57492310 -0.43495482 0.32630768
v -0.57492310 -0.41953847 0.44879493
v -0.58814228 -0.38846153 0.20200001
v -0.57492310 -0.38846153 0.21995117
v -0.57492310 -0.39912301 0.23307693
v -0.57492310 -0.40399620 0.26415384
v -0.57492310 -0.40856028 0.29523078
v -0.57492310 -0.41715297 0.45061538
v -0.57492310 -0.38846153 0.46389940
v -0.57492310 -0.35738462 0.07622479
v -0.57492310 -0.35885277 0.07769231
v -0.57492310 -0.35738462 0.08056641
v -0.58221680 -0.35738462 0.13984616
v -0.57492310 -0.35738462 0.14719394
v -0.57492310 -0.37298360 0.17092308
v -0.57492310 -0.37551355 0.20200001
v -0.59441453 -0.35738462 0.45061538
v -0.57492310 -0.35738462 0.45920047
v -0.58396339 -0.32630768 0.04661538
v -0.57492310 -0.32630768 0.05250360
v -0.57492310 -0.34721288 0.10876923
v -0.57492310 -0.35000956 0.13984616
v -0.57492310 -0.34879354 0.45061538
v -0.57492310 -0.32630768 0.43060598
v -0.57492310 -0.29523078 0.03808187
v -0.57492310 -0.31445029 0.04661538
v -0.57492310 -0.29834273 0.38846153
v -0.57492310 -0.29523078 0.38534689
v -0.57492310 -0.31522277 0.41953847
v -0.58064282 -0.26415384 0.01553846
v -0.57492310 -0.26415384 0.01816729
v -0.57492310 -0.27460679 0.35738462
v -0.57492310 -0.26415384 0.34693843
v -0.57492310 -0.23307693 -0.00455454
v -0.57492310 -0.26152384 0.01553846
v -0.57492310 -0.24501665 0.32630768
v -0.57492310 -0.23307693 0.31436792
v -0.57492310 -0.20200001 -0.03111112
v -0.57492310 -0.22209649 -0.01553846
v -0.57492310 -0.21408804 0.29523078
v -0.57492310 -0.20200001 0.28314269
v -0.57492310 -0.17092308 -0.06211212
v -0.57492310 -0.18647677 -0.04661538
v -0.57492310 -0.17092308 0.27964312
v -0.58639359 -0.13984616 -0.07769231
v -0.57492310 -0.13984616 -0.08881067
v -0.57492310 -0.15095058 -0.07769231
v -0.57492310 -0.15014416 0.26415384
v -0.57492310 -0.13984616 0.25387931
v -0.57492310 -0.10876923 -0.09323077
v -0.57492310 -0.11715806 0.20200001
v -0.57492310 -0.10876923 0.19361420
v -0.57492310 -0.12429252 0.23307693
v -0.57492310 -0.07769231 -0.09321559
v -0.57492310 -0.09296830 0.17092308
v -0.57492310 -0.07769231 0.15562811
v -0.59314179 -0.04661538 -0.07769231
v -0.57492310 -0.04661538 -0.09323077
v -0.59588945 -0.04661538 0.10876923
v -0.57492310 -0.04661538 0.12080564
v -0.57492310 -0.06217287 0.13984616
v -0.58442247 -0.01553846 -0.07769231
v -0.57492310 -0.01553846 -0.08719810
v -0.59582108 -0.01553846 -0.04661538
v -0.59949136 -0.01553846 0.04661538
v -0.57492310 -0.01553846 0.06739774
v -0.57492310 -0.02581957 0.07769231
v -0.57492310 -0.03457898 0.10876923
v -0.57492310 -0.00608394 -0.07769231
v -0.57492310 0.01447247 -0.04661538
v -0.58474559 0.01553846 -0.01553846
v -0.57492310 0.01553846 -0.04439437
v -0.57492310 0.01553846 0.00866309
v -0.57492310 0.01193659 0.01553846
v -0.57492310 -0.00001517 0.04661538
v -0.57492310 0.02535112 -0.01553846
v -0.54602212 -0.97892308 0.17092308
v -0.54384613 -0.97892308 0.16406739
v -0.54384613 -0.98110694 0.17092308
v -0.54384613 -0.97892308 0.17311090
v -0.54384613 -0.94784617 0.12433804
v -0.54384613 -0.97235823 0.13984616
v -0.54384613 -0.96348256 0.20200001
v -0.54384613 -0.94784617 0.21896437
v -0.54384613 -0.91676921 0.11839209
v -0.54384613 -0.93362898 0.23307693
v -0.54384613 -0.92104083 0.26415384
v -0.54818708 -0.91676921 0.26415384
v -0.54384613 -0.91676921 0.26842541
v -0.55589527 -0.88569230 0.10876923
v -0.54384613 -0.88569230 0.09665541
v -0.54384613 -0.90393507 0.10876923
v -0.54384613 -0.90125346 0.29523078
v -0.54384613 -0.88569230 0.31138131
v -0.56718957 -0.85461539 0.10876923
v -0.54384613 -0.85461539 0.09323456
v -0.54384613 -0.87072819 0.32630768
v -0.54384613 -0.85461539 0.35677835
v -0.54384613 -0.82353848 0.09297624
v -0.54384613 -0.85400909 0.35738462
v -0.54384613 -0.83716124 0.38846153
v -0.56257421 -0.82353848 0.38846153
v -0.54384613 -0.82353848 0.40208426
v -0.56061262 -0.79246151 0.04661538
v -0.54384613 -0.79246151 0.02861098
v -0.54384613 -0.81814575 0.04661538
v -0.54384613 -0.79246151 0.07148425
v -0.57451367 -0.79246151 0.10876923
v -0.54384613 -0.79246151 0.08390523
v -0.54384613 -0.80796963 0.41953847
v -0.54384613 -0.79246151 0.43640241
v -0.54384613 -0.76138461 0.01924549
v -0.54384613 -0.78625828 0.07769231
v -0.56085616 -0.76138461 0.10876923
v -0.54384613 -0.77826369 0.45061538
v -0.54384613 -0.76138461 0.47599295
v -0.54384613 -0.73030770 0.02823661
v -0.54384613 -0.75568748 0.48169231
v -0.54384613 -0.73804283 0.51276922
v -0.55151391 -0.73030770 0.51276922
v -0.54384613 -0.73030770 0.52054697
v -0.56835383 -0.69923079 0.04661538
v -0.54384613 -0.69923079 0.03102749
v -0.54384613 -0.71469641 0.54384613
v -0.56289631 -0.69923079 0.54384613
v -0.54384613 -0.69923079 0.55926239
v -0.55889601 -0.66815382 0.04661538
v -0.54384613 -0.66815382 0.03156558
v -0.54384613 -0.68361998 0.57492310
v -0.54384613 -0.66815382 0.59039682
v -0.54801095 -0.63707691 0.04661538
v -0.54384613 -0.63707691 0.04245408
v -0.55927175 -0.63707691 0.07769231
v -0.54384613 -0.64481068 0.23307693
v -0.54384613 -0.63707691 0.22532618
v -0.54384613 -0.63707691 0.24077681
v -0.54384613 -0.63707691 0.58966309
v -0.54384613 -0.63242912 0.04661538
v -0.55588162 -0.60600001 0.07769231
v -0.54384613 -0.60600001 0.06469435
v -0.55937701 -0.60600001 0.10876923
v -0.54384613 -0.62930626 0.23307693
v -0.56171316 -0.60600001 0.23307693
v -0.54717869 -0.60600001 0.26415384
v -0.54384613 -0.60717851 0.26415384
v -0.54384613 -0.60600001 0.26296148
v -0.54384613 -0.60600001 0.26535308
v -0.55592853 -0.60600001 0.57492310
v -0.54384613 -0.61894542 0.57492310
v -0.54384613 -0.60600001 0.56275451
v -0.54384613 -0.59355199 0.07769231
v -0.54384613 -0.57784039 0.10876923
v -0.55096012 -0.57492310 0.13984616
v -0.54384613 -0.57492310 0.11681432
v -0.54949993 -0.57492310 0.17092308
v -0.55617988 -0.57492310 0.20200001
v -0.54384613 -0.57492310 0.22953764
v -0.54384613 -0.57735300 0.23307693
v -0.56340361 -0.57492310 0.29523078
v -0.54384613 -0.59056425 0.29523078
v -0.54384613 -0.57492310 0.31077683
v -0.54384613 -0.57492310 0.55937701
v -0.54384613 -0.56780910 0.13984616
v -0.54384613 -0.56927162 0.17092308
v -0.54384613 -0.56258208 0.20200001
v -0.54384613 -0.54384613 0.32486767
v -0.57206196 -0.54384613 0.32630768
v -0.54570109 -0.54384613 0.54384613
v -0.54384613 -0.54570109 0.54384613
v -0.54384613 -0.54384613 0.54199123
v -0.54384613 -0.53188074 0.32630768
v -0.54384613 -0.51276922 0.32854578
v -0.54384613 -0.51276922 0.51661819
v -0.54384613 -0.48169231 0.34187639
v -0.56722081 -0.48169231 0.45061538
v -0.54384613 -0.49723077 0.45061538
v -0.54384613 -0.48169231 0.43513739
v -0.57269925 -0.48169231 0.48169231
v -0.54384613 -0.49723837 0.48169231
v -0.54384613 -0.50891870 0.51276922
v -0.54384613 -0.45061538 0.34754658
v -0.54384613 -0.45061538 0.43512246
v -0.54384613 -0.41953847 0.31881398
v -0.54384613 -0.42697942 0.32630768
v -0.54384613 -0.41953847 0.43513417
v -0.55466622 -0.38846153 0.23307693
v -0.54384613 -0.38846153 0.23981632
v -0.54384613 -0.40405294 0.26415384
v -0.54384613 -0.40404949 0.29523078
v -0.55957496 -0.38846153 0.45061538
v -0.54384613 -0.38846153 0.43712983
v -0.57346106 -0.35738462 0.07769231
v -0.55484766 -0.35738462 0.17092308
v -0.54384613 -0.35738462 0.18193154
v -0.54384613 -0.37296090 0.20200001
v -0.54384613 -0.38169125 0.23307693
v -0.56607622 -0.35738462 0.45061538
v -0.54384613 -0.35738462 0.43538609
v -0.54384613 -0.32630768 0.06215385
v -0.54384613 -0.34182346 0.07769231
v -0.54384613 -0.34224740 0.10876923
v -0.54384613 -0.34121576 0.13984616
v -0.54384613 -0.34634152 0.17092308
v -0.54684281 -0.32630768 0.41953847
v -0.54384613 -0.32804146 0.41953847
v -0.54384613 -0.32630768 0.41780469
v -0.56635928 -0.29523078 0.04661538
v -0.54384613 -0.29523078 0.06208556
v -0.54384613 -0.30422533 0.38846153
v -0.54384613 -0.29523078 0.37946698
v -0.54384613 -0.26415384 0.03095660
v -0.54384613 -0.27985063 0.04661538
v -0.54384613 -0.27745518 0.35738462
v -0.54384613 -0.26415384 0.34408328
v -0.54384613 -0.23307693 -0.00001517
v -0.54384613 -0.24862297 0.01553846
v -0.54384613 -0.24833371 0.32630768
v -0.54384613 -0.23307693 0.31103194
v -0.54384613 -0.20200001 -0.03105037
v -0.54384613 -0.21752708 -0.01553846
v -0.54384613 -0.21752708 0.29523078
v -0.54384613 -0.20200001 0.27976048
v -0.54384613 -0.17092308 -0.06207442
v -0.54384613 -0.18642740 -0.04661538
v -0.54384613 -0.17092308 0.27973771
v -0.54384613 -0.13984616 -0.09322318
v -0.54384613 -0.15533175 -0.07769231
v -0.54384613 -0.15536197 0.26415384
v -0.54384613 -0.13984616 0.24293664
v -0.54384613 -0.10876923 -0.09835648
v -0.54384613 -0.12431528 0.20200001
v -0.54384613 -0.10876923 0.18647671
v -0.54384613 -0.12996675 0.23307693
v -0.55291581 -0.07769231 -0.10876923
v -0.54384613 -0.07769231 -0.11785773
v -0.54384613 -0.09168892 -0.10876923
v -0.54384613 -0.09322318 0.17092308
v -0.54384613 -0.07769231 0.15542243
v -0.55741662 -0.04661538 -0.10876923
v -0.54384613 -0.04661538 -0.12233225
v -0.54384613 -0.06209706 0.13984616
v -0.54384613 -0.04661538 0.12029161
v -0.55313039 -0.01553846 -0.10876923
v -0.54384613 -0.01553846 -0.11805346
v -0.54714060 -0.01553846 0.07769231
v -0.54384613 -0.01553846 0.07941482
v -0.54384613 -0.03509657 0.10876923
v -0.54384613 -0.00331641 -0.10876923
v -0.55931658 0.01553846 -0.07769231
v -0.54384613 0.01553846 -0.09643740
v -0.57385612 0.01553846 -0.04661538
v -0.57131803 0.01553846 0.01553846
v -0.54384613 0.01553846 0.04428696
v -0.54384613 0.01321217 0.04661538
v -0.54384613 -0.01381748 0.07769231
v -0.54384613 0.03492360 -0.07769231
v -0.55043894 0.04661538 -0.04661538
v -0.54384613 0.04661538 -0.05622035
v -0.54923451 0.04661538 -0.01553846
v -0.54384613 0.04661538 -0.00964385
v -0.54384613 0.03192087 0.01553846
v -0.54384613 0.05320315 -0.04661538
v -0.54384613 0.05200368 -0.01553846
v -0.53022593 -0.97892308 0.13984616
v -0.51276922 -0.97892308 0.13190171
v -0.51276922 -0.98685879 0.13984616
v -0.51276922 -0.99441975 0.17092308
v -0.51276922 -0.97892308 0.18843016
v -0.51276922 -0.94784617 0.12125079
v -0.51276922 -0.96537936 0.20200001
v -0.51276922 -0.95577037 0.23307693
v -0.52175981 -0.94784617 0.23307693
v -0.51276922 -0.94784617 0.24101272
v -0.52087569 -0.91676921 0.10876923
v -0.51276922 -0.91676921 0.10451865
v -0.51276922 -0.92269951 0.10876923
v -0.51276922 -0.93233794 0.26415384
v -0.51276922 -0.91676921 0.28195411
v -0.51276922 -0.88569230 0.09323077
v -0.51276922 -0.90345550 0.29523078
v -0.51276922 -0.89258653 0.32630768
v -0.52007926 -0.88569230 0.32630768
v -0.51276922 -0.88569230 0.33319670
v -0.51276922 -0.85461539 0.08494087
v -0.51276922 -0.87022161 0.35738462
v -0.54324675 -0.85461539 0.35738462
v -0.51276922 -0.85461539 0.37317842
v -0.53844255 -0.82353848 0.04661538
v -0.51276922 -0.82353848 0.01895078
v -0.51276922 -0.83950281 0.04661538
v -0.51276922 -0.84484702 0.07769231
v -0.52541023 -0.82353848 0.07769231
v -0.51276922 -0.83924180 0.38846153
v -0.51276922 -0.82353848 0.41518095
v -0.53084713 -0.79246151 0.01553846
v -0.51276922 -0.79246151 -0.00006034
v -0.51276922 -0.82016289 0.01553846
v -0.53764778 -0.79246151 0.07769231
v -0.51276922 -0.81918091 0.41953847
v -0.51276922 -0.80379546 0.45061538
v -0.52539724 -0.79246151 0.45061538
v -0.51276922 -0.79246151 0.46196693
v -0.53994966 -0.76138461 0.01553846
v -0.51276922 -0.76138461 0.00045238
v -0.51276922 -0.77703238 0.48169231
v -0.53821421 -0.76138461 0.48169231
v -0.51276922 -0.76138461 0.49741629
v -0.53121364 -0.73030770 0.01553846
v -0.51276922 -0.73030770 -0.00006793
v -0.51276922 -0.74593383 0.51276922
v -0.51276922 -0.73030770 0.53662533
v -0.52837229 -0.69923079 0.01553846
v -0.51276922 -0.69923079 -0.00002655
v -0.51276922 -0.72308689 0.54384613
v -0.51276922 -0.69923079 0.56542009
v -0.52829629 -0.66815382 0.01553846
v -0.51276922 -0.66815382 0.00000379
v -0.52497703 -0.66815382 0.57492310
v -0.51276922 -0.66815382 0.56277704
v -0.52834547 -0.63707691 0.01553846
v -0.51276922 -0.63707691 -0.00004540
v -0.53610677 -0.63707691 0.23307693
v -0.52910239 -0.63707691 0.57492310
v -0.51276922 -0.63707691 0.55899519
v -0.52400655 -0.60600001 0.01553846
v -0.51276922 -0.60600001 0.00431519
v -0.52929193 -0.60600001 0.04661538
v -0.54266542 -0.60600001 0.26415384
v -0.51276922 -0.61164784 0.29523078
v -0.51276922 -0.60600001 0.28960538
v -0.51846933 -0.60600001 0.29523078
v -0.51276922 -0.60600001 0.30083838
v -0.51276922 -0.60600001 0.55392861
v -0.51276922 -0.58605576 0.01553846
v -0.52832288 -0.57492310 0.04661538
v -0.51276922 -0.57492310 0.02299259
v -0.52873206 -0.57492310 0.07769231
v -0.54092628 -0.57492310 0.10876923
v -0.54141730 -0.57492310 0.23307693
v -0.52168161 -0.57492310 0.26415384
v -0.51276922 -0.57492310 0.27304763
v -0.52546668 -0.57492310 0.32630768
v -0.51276922 -0.58756226 0.32630768
v -0.51276922 -0.57492310 0.33904544
v -0.52259910 -0.57492310 0.54384613
v -0.51276922 -0.59016395 0.54384613
v -0.51276922 -0.57492310 0.53402281
v -0.51276922 -0.55175930 0.04661538
v -0.52316856 -0.54384613 0.07769231
v -0.51276922 -0.54384613 0.05920055
v -0.52791464 -0.54384613 0.10876923
v -0.52744269 -0.54384613 0.13984616
v -0.52107382 -0.54384613 0.17092308
v -0.51276922 -0.54384613 0.18223692
v -0.51276922 -0.55593574 0.20200001
v -0.51276922 -0.55942255 0.23307693
v -0.51276922 -0.56599832 0.26415384
v -0.54241681 -0.54384613 0.32630768
v -0.51276922 -0.54384613 0.34384704
v -0.51276922 -0.54384613 0.52225769
v -0.51276922 -0.53345352 0.07769231
v -0.51276922 -0.52870452 0.10876923
v -0.51276922 -0.52918029 0.13984616
v -0.51276922 -0.53554451 0.17092308
v -0.51276922 -0.51276922 0.34409088
v -0.52478909 -0.51276922 0.41953847
v -0.51276922 -0.52478909 0.41953847
v -0.51276922 -0.51276922 0.40592656
v -0.51520383 -0.51276922 0.45061538
v -0.51276922 -0.51520598 0.45061538
v -0.52371788 -0.51276922 0.48169231
v -0.51276922 -0.52371097 0.48169231
v -0.53999728 -0.51276922 0.51276922
v -0.51276922 -0.53435129 0.51276922
v -0.51276922 -0.49598789 0.35738462
v -0.52478760 -0.48169231 0.35738462
v -0.51276922 -0.48169231 0.38640532
v -0.52823591 -0.48169231 0.41953847
v -0.51276922 -0.48169231 0.38979378
v -0.53399503 -0.45061538 0.35738462
v -0.51276922 -0.48034808 0.38846153
v -0.52823144 -0.45061538 0.38846153
v -0.52826601 -0.45061538 0.41953847
v -0.53224170 -0.41953847 0.32630768
v -0.51594329 -0.41953847 0.35738462
v -0.52651531 -0.41953847 0.38846153
v -0.52833426 -0.41953847 0.41953847
v -0.51276922 -0.38846153 0.24684972
v -0.51276922 -0.40386236 0.26415384
v -0.51276922 -0.40398481 0.29523078
v -0.51276922 -0.40877569 0.32630768
v -0.51276922 -0.41635191 0.35738462
v -0.51276922 -0.40584096 0.38846153
v -0.51276922 -0.38846153 0.40494934
v -0.52739602 -0.38846153 0.41953847
v -0.51276922 -0.35738462 0.19505872
v -0.51276922 -0.36432597 0.20200001
v -0.51276922 -0.37482443 0.23307693
v -0.52120256 -0.35738462 0.41953847
v -0.51276922 -0.35738462 0.41109908
v -0.52527791 -0.32630768 0.07769231
v -0.51276922 -0.32630768 0.09063087
v -0.51276922 -0.34140930 0.10876923
v -0.51735479 -0.32630768 0.13984616
v -0.51276922 -0.32630768 0.13534971
v -0.51276922 -0.32630768 0.14672069
v -0.51276922 -0.33750162 0.17092308
v -0.51276922 -0.32630768 0.40401518
v -0.51276922 -0.29523078 0.07717200
v -0.51276922 -0.29599690 0.07769231
v -0.51276922 -0.32202327 0.13984616
v -0.51276922 -0.31077683 0.38846153
v -0.51276922 -0.29523078 0.37290031
v -0.52773505 -0.26415384 0.04661538
v -0.51276922 -0.26415384 0.06193204
v -0.51276922 -0.27969232 0.35738462
v -0.51276922 -0.26415384 0.34189156
v -0.52784771 -0.23307693 0.01553846
v -0.51276922 -0.23307693 0.03063971
v -0.51276922 -0.24905266 0.04661538
v -0.51276922 -0.24856246 0.32630768
v -0.51276922 -0.23307693 0.30370632
v -0.52514327 -0.20200001 -0.01553846
v -0.51276922 -0.20200001 -0.00327622
v -0.51276922 -0.21808870 0.01553846
v -0.52085102 -0.20200001 0.26415384
v -0.51276922 -0.21011095 0.26415384
v -0.51276922 -0.20200001 0.25603122
v -0.51276922 -0.22460137 0.29523078
v -0.51276922 -0.17092308 -0.05971695
v -0.51276922 -0.18405417 -0.04661538
v -0.51276922 -0.18962958 -0.01553846
v -0.52367651 -0.17092308 0.26415384
v -0.51276922 -0.17092308 0.25323275
v -0.51276922 -0.13984616 -0.09316237
v -0.51276922 -0.15530109 -0.07769231
v -0.52344722 -0.13984616 0.20200001
v -0.51276922 -0.15049684 0.20200001
v -0.51276922 -0.13984616 0.19130142
v -0.53399950 -0.13984616 0.23307693
v -0.51276922 -0.15539214 0.23307693
v -0.51409584 -0.10876923 -0.10876923
v -0.51276922 -0.10876923 -0.10945350
v -0.51276922 -0.10945088 -0.10876923
v -0.52210766 -0.10876923 0.17092308
v -0.51276922 -0.11814605 0.17092308
v -0.51276922 -0.10876923 0.16156873
v -0.51276922 -0.07769231 -0.12429252
v -0.51990503 -0.07769231 0.13984616
v -0.51276922 -0.08486298 0.13984616
v -0.51276922 -0.07769231 0.13267003
v -0.51276922 -0.04661538 -0.12424729
v -0.52654129 -0.04661538 0.10876923
v -0.51276922 -0.05653640 0.10876923
v -0.51276922 -0.04661538 0.09885806
v -0.51276922 -0.01553846 -0.12765843
v -0.51276922 -0.01553846 0.08861305
v -0.53152883 0.01553846 -0.10876923
v -0.51276922 0.01553846 -0.12578061
v -0.54151350 0.01553846 0.04661538
v -0.51276922 0.01553846 0.06214626
v -0.51276922 -0.00462116 0.07769231
v -0.52508634 0.04661538 -0.10876923
v -0.51276922 0.04661538 -0.12108636
v -0.53216869 0.04661538 -0.07769231
v -0.52915162 0.04661538 0.01553846
v -0.51276922 0.04661538 0.03101646
v -0.51276922 0.03100129 0.04661538
v -0.51276922 0.05886387 -0.10876923
v -0.51276922 0.07736369 -0.07769231
v -0.52179193 0.07769231 -0.04661538
v -0.51276922 0.07769231 -0.07690200
v -0.51276922 0.07769231 -0.02444962
v -0.51276922 0.07329924 -0.01553846
v -0.51276922 0.06215385 0.01553846
v -0.51276922 0.08672124 -0.04661538
v -0.48169231 -0.97892308 0.13558634
v -0.48169231 -0.98317569 0.13984616
v -0.48169231 -0.99446535 0.17092308
v -0.48169231 -0.98637259 0.20200001
v -0.49073753 -0.97892308 0.20200001
v -0.48169231 -0.97892308 0.20947713
v -0.48169231 -0.94784617 0.12299678
v -0.48169231 -0.96336561 0.23307693
v -0.48169231 -0.94784617 0.25250000
v -0.48169231 -0.91676921 0.09930048
v -0.48169231 -0.92737651 0.10876923
v -0.48169231 -0.93620300 0.26415384
v -0.48169231 -0.92666721 0.29523078
v -0.49364212 -0.91676921 0.29523078
v -0.48169231 -0.91676921 0.30512878
v -0.48169231 -0.88569230 0.09313913
v -0.48169231 -0.90118521 0.32630768
v -0.48169231 -0.88569230 0.34497029
v -0.49663863 -0.85461539 0.04661538
v -0.48169231 -0.85461539 0.03057570
v -0.48169231 -0.86909533 0.04661538
v -0.48169231 -0.86702216 0.07769231
v -0.50293136 -0.85461539 0.07769231
v -0.48169231 -0.87330353 0.35738462
v -0.48169231 -0.86058629 0.38846153
v -0.48778057 -0.85461539 0.38846153
v -0.48169231 -0.85461539 0.39444187
v -0.50939363 -0.82353848 0.01553846
v -0.48169231 -0.82353848 -0.00005275
v -0.48169231 -0.84068549 0.01553846
v -0.48169231 -0.83914483 0.41953847
v -0.50844795 -0.82353848 0.41953847
v -0.48169231 -0.82353848 0.43520957
v -0.48169231 -0.79246151 -0.00001517
v -0.48169231 -0.80807227 0.45061538
v -0.48169231 -0.79246151 0.47316080
v -0.48169231 -0.76138461 -0.00002655
v -0.48169231 -0.78391802 0.48169231
v -0.48169231 -0.76974314 0.51276922
v -0.49011397 -0.76138461 0.51276922
v -0.48169231 -0.76138461 0.52111590
v -0.48169231 -0.73030770 -0.00951368
v -0.48169231 -0.73030770 0.53680527
v -0.49237999 -0.69923079 -0.01553846
v -0.48169231 -0.69923079 -0.02621588
v -0.48169231 -0.72052425 -0.01553846
v -0.48927820 -0.69923079 0.54384613
v -0.48169231 -0.69923079 0.53626031
v -0.49719656 -0.66815382 -0.01553846
v -0.48169231 -0.66815382 -0.03102755
v -0.49484095 -0.66815382 0.54384613
v -0.48169231 -0.66815382 0.53071237
v -0.49722317 -0.63707691 -0.01553846
v -0.48169231 -0.63707691 -0.03106934
v -0.49761263 -0.63707691 0.54384613
v -0.48169231 -0.63707691 0.52835703
v -0.49721181 -0.60600001 -0.01553846
v -0.48169231 -0.60600001 -0.03109595
v -0.50719255 -0.60600001 0.29523078
v -0.48169231 -0.61162496 0.32630768
v -0.48169231 -0.60600001 0.32075366
v -0.48727715 -0.60600001 0.32630768
v -0.48169231 -0.60600001 0.33194837
v -0.50268674 -0.60600001 0.54384613
v -0.48169231 -0.60600001 0.52572167
v -0.49726859 -0.57492310 -0.01553846
v -0.48169231 -0.57492310 -0.03113750
v -0.50530130 -0.57492310 0.01553846
v -0.48169231 -0.58440471 0.29523078
v -0.48169231 -0.57492310 0.28561443
v -0.49236095 -0.57492310 0.35738462
v -0.48169231 -0.58558488 0.35738462
v -0.48169231 -0.57492310 0.36801562
v -0.49169490 -0.57492310 0.51276922
v -0.48169231 -0.58732581 0.51276922
v -0.48169231 -0.57492310 0.50279307
v -0.48902807 -0.54384613 -0.01553846
v -0.48169231 -0.54384613 -0.02285513
v -0.49719295 -0.54384613 0.01553846
v -0.50484461 -0.54384613 0.04661538
v -0.50067967 -0.54384613 0.20200001
v -0.48169231 -0.54384613 0.22780137
v -0.48169231 -0.54912382 0.23307693
v -0.48169231 -0.55944526 0.26415384
v -0.49917200 -0.54384613 0.35738462
v -0.48169231 -0.55933911 0.38846153
v -0.49716261 -0.54384613 0.38846153
v -0.48690596 -0.54384613 0.41953847
v -0.48169231 -0.54905981 0.41953847
v -0.48169231 -0.54384613 0.44302195
v -0.49452010 -0.54384613 0.48169231
v -0.48169231 -0.55664462 0.48169231
v -0.48169231 -0.54384613 0.45325261
v -0.50326794 -0.54384613 0.51276922
v -0.48169231 -0.53560287 -0.01553846
v -0.48998877 -0.51276922 0.01553846
v -0.48169231 -0.51276922 0.00626200
v -0.49730256 -0.51276922 0.04661538
v -0.49721938 -0.51276922 0.07769231
v -0.49722698 -0.51276922 0.10876923
v -0.49704280 -0.51276922 0.13984616
v -0.48169231 -0.51276922 0.17045137
v -0.48169231 -0.51322991 0.17092308
v -0.48169231 -0.52830392 0.20200001
v -0.49951291 -0.51276922 0.35738462
v -0.49885383 -0.51276922 0.38846153
v -0.48169231 -0.54194093 0.45061538
v -0.48169231 -0.50448173 0.01553846
v -0.48169231 -0.49696302 0.04661538
v -0.48169231 -0.49651617 0.07769231
v -0.48169231 -0.49727997 0.10876923
v -0.48169231 -0.49740735 0.13984616
v -0.49308044 -0.48169231 0.32630768
v -0.48169231 -0.48169231 0.30917770
v -0.48169231 -0.50095677 0.32630768
v -0.48169231 -0.48169231 0.33886570
v -0.51143634 -0.48169231 0.38846153
v -0.48828837 -0.45061538 0.29523078
v -0.48169231 -0.45061538 0.28864229
v -0.48169231 -0.46191797 0.29523078
v -0.49730256 -0.45061538 0.32630768
v -0.48169231 -0.45061538 0.34737921
v -0.49718139 -0.41953847 0.29523078
v -0.48169231 -0.41953847 0.27973416
v -0.50199956 -0.41953847 0.32630768
v -0.48169231 -0.41953847 0.35276380
v -0.48169231 -0.38846153 0.25009581
v -0.48169231 -0.40252709 0.26415384
v -0.48169231 -0.41494066 0.35738462
v -0.49657774 -0.38846153 0.38846153
v -0.48169231 -0.38846153 0.37356856
v -0.50572366 -0.35738462 0.20200001
v -0.48169231 -0.35738462 0.21740048
v -0.48169231 -0.37289652 0.23307693
v -0.48169231 -0.36842829 0.38846153
v -0.48169231 -0.35738462 0.39894104
v -0.49766761 -0.32630768 0.10876923
v -0.50158226 -0.32630768 0.17092308
v -0.48169231 -0.32630768 0.18652627
v -0.48169231 -0.34193844 0.20200001
v -0.48492390 -0.32630768 0.38846153
v -0.48169231 -0.33208898 0.38846153
v -0.48169231 -0.32630768 0.38522717
v -0.51224893 -0.29523078 0.07769231
v -0.48169231 -0.29523078 0.09999506
v -0.48169231 -0.30401111 0.10876923
v -0.48169231 -0.31076923 0.13984616
v -0.48169231 -0.29603875 0.17092308
v -0.48169231 -0.29523078 0.36471212
v -0.49746910 -0.26415384 0.07769231
v -0.48169231 -0.27165818 0.10876923
v -0.48514831 -0.26415384 0.10876923
v -0.48169231 -0.26415384 0.11223122
v -0.48712417 -0.26415384 0.32630768
v -0.48169231 -0.26961628 0.32630768
v -0.48169231 -0.26415384 0.32084957
v -0.48169231 -0.28790870 0.35738462
v -0.49724594 -0.23307693 0.04661538
v -0.49148014 -0.23307693 0.07769231
v -0.48169231 -0.23307693 0.09237034
v -0.48169231 -0.25806186 0.10876923
v -0.48332438 -0.23307693 0.26415384
v -0.48169231 -0.23470744 0.26415384
v -0.48169231 -0.23307693 0.25983509
v -0.50433564 -0.23307693 0.29523078
v -0.48169231 -0.24866073 0.29523078
v -0.49711767 -0.20200001 0.01553846
v -0.48848891 -0.20200001 0.04661538
v -0.48169231 -0.20200001 0.05492864
v -0.48169231 -0.22141454 0.07769231
v -0.48169231 -0.20200001 0.24314210
v -0.49630317 -0.17092308 -0.04661538
v -0.48169231 -0.17092308 -0.02908109
v -0.48169231 -0.18130222 -0.01553846
v -0.48169231 -0.18344091 0.01553846
v -0.48169231 -0.19522154 0.04661538
v -0.48469332 -0.17092308 0.17092308
v -0.48169231 -0.17468926 0.17092308
v -0.48169231 -0.17092308 0.16788858
v -0.49720806 -0.17092308 0.20200001
v -0.48169231 -0.18647671 0.20200001
v -0.49718532 -0.17092308 0.23307693
v -0.48169231 -0.19191492 0.23307693
v -0.48169231 -0.13984616 -0.08585577
v -0.48169231 -0.14802723 -0.07769231
v -0.48169231 -0.15868899 -0.04661538
v -0.49726117 -0.13984616 0.17092308
v -0.48169231 -0.13984616 0.14657512
v -0.50663048 -0.10876923 -0.10876923
v -0.48169231 -0.10876923 -0.10616631
v -0.49644947 -0.10876923 0.13984616
v -0.48169231 -0.13256872 0.13984616
v -0.48169231 -0.10876923 0.12400385
v -0.48169231 -0.07769231 -0.12430011
v -0.48169231 -0.10616980 -0.10876923
v -0.49154267 -0.07769231 0.10876923
v -0.48169231 -0.08849918 0.10876923
v -0.48169231 -0.07769231 0.09892219
v -0.48169231 -0.04661538 -0.13849837
v -0.48169231 -0.04661538 0.09323835
v -0.50047219 -0.01553846 -0.13984616
v -0.48169231 -0.01553846 -0.15527022
v -0.48169231 -0.04524976 -0.13984616
v -0.48169231 -0.01553846 0.09189697
v -0.49871874 0.01553846 -0.13984616
v -0.48169231 0.01553846 -0.15541497
v -0.48169231 -0.00070300 0.07769231
v -0.48169231 0.01553846 0.06280610
v -0.49554819 0.04661538 -0.13984616
v -0.48169231 0.04661538 -0.15370958
v -0.48675573 0.04661538 0.04661538
v -0.48169231 0.04661538 0.05171193
v -0.48169231 0.06564274 -0.13984616
v -0.49716279 0.07769231 -0.10876923
v -0.48169231 0.07769231 -0.12935984
v -0.51244032 0.07769231 -0.07769231
v -0.50837249 0.07769231 -0.01553846
v -0.48850486 0.07769231 0.01553846
v -0.48169231 0.07769231 0.02234579
v -0.48169231 0.05170778 0.04661538
v -0.48169231 0.09720346 -0.10876923
v -0.48818395 0.10876923 -0.07769231
v -0.48169231 0.10876923 -0.08726604
v -0.48720691 0.10876923 -0.04661538
v -0.48169231 0.10876923 -0.03997990
v -0.48169231 0.09500141 -0.01553846
v -0.48169231 0.08450746 0.01553846
v -0.48169231 0.11525837 -0.07769231
v -0.48169231 0.11428829 -0.04661538
v -0.47585419 -0.97892308 0.13984616
v -0.45061538 -0.97892308 0.15247649
v -0.45061538 -0.99448049 0.17092308
v -0.45061538 -0.99448436 0.20200001
v -0.45061538 -0.97892308 0.22204238
v -0.45061538 -0.94784617 0.12435322
v -0.45061538 -0.96625608 0.13984616
v -0.45061538 -0.96789199 0.23307693
v -0.45061538 -0.95939553 0.26415384
v -0.46608391 -0.94784617 0.26415384
v -0.45061538 -0.94784617 0.27572447
v -0.45061538 -0.91676921 0.10763341
v -0.45061538 -0.91790181 0.10876923
v -0.45061538 -0.93228489 0.29523078
v -0.45061538 -0.91676921 0.31693628
v -0.45061538 -0.88569230 0.09292468
v -0.45061538 -0.90741062 0.32630768
v -0.45061538 -0.89736271 0.35738462
v -0.46541616 -0.88569230 0.35738462
v -0.45061538 -0.88569230 0.36907640
v -0.45061538 -0.85461539 0.01815377
v -0.45061538 -0.87266803 0.04661538
v -0.45061538 -0.87048644 0.07769231
v -0.45061538 -0.87017661 0.38846153
v -0.45061538 -0.85461539 0.40651643
v -0.45061538 -0.82353848 0.00001138
v -0.45061538 -0.85199654 0.01553846
v -0.45061538 -0.84157860 0.41953847
v -0.45061538 -0.82861608 0.45061538
v -0.45573261 -0.82353848 0.45061538
v -0.45061538 -0.82353848 0.45571584
v -0.45061538 -0.79246151 -0.00000759
v -0.45061538 -0.80711061 0.48169231
v -0.47239855 -0.79246151 0.48169231
v -0.45061538 -0.79246151 0.49631485
v -0.45061538 -0.76138461 -0.01283128
v -0.45061538 -0.76138461 0.49790710
v -0.47283420 -0.76138461 0.51276922
v -0.47565567 -0.73030770 -0.01553846
v -0.45061538 -0.73030770 -0.03105037
v -0.45061538 -0.75867134 -0.01553846
v -0.46471715 -0.73030770 0.51276922
v -0.45061538 -0.73030770 0.49874216
v -0.45061538 -0.69923079 -0.03105422
v -0.46613488 -0.69923079 0.51276922
v -0.45061538 -0.69923079 0.49463740
v -0.45061538 -0.66815382 -0.04288346
v -0.46613866 -0.66815382 0.51276922
v -0.45061538 -0.66815382 0.49500608
v -0.46403009 -0.63707691 -0.04661538
v -0.45061538 -0.63707691 -0.06003751
v -0.45061538 -0.66342419 -0.04661538
v -0.46207753 -0.63707691 0.29523078
v -0.45061538 -0.64337474 0.29523078
v -0.45061538 -0.63707691 0.28891566
v -0.45061538 -0.63707691 0.32060760
v -0.46613872 -0.63707691 0.51276922
v -0.45061538 -0.63707691 0.48934168
v -0.46616521 -0.60600001 -0.04661538
v -0.45061538 -0.60600001 -0.06214247
v -0.45061538 -0.63077170 0.29523078
v -0.45121500 -0.60600001 0.32630768
v -0.45061538 -0.60600001 0.32648456
v -0.45061538 -0.61946553 0.35738462
v -0.46405849 -0.60600001 0.35738462
v -0.45061538 -0.60600001 0.37583429
v -0.46136442 -0.60600001 0.48169231
v -0.45061538 -0.62520605 0.48169231
v -0.45061538 -0.60600001 0.46866044
v -0.46873254 -0.60600001 0.51276922
v -0.46615005 -0.57492310 -0.04661538
v -0.45061538 -0.57492310 -0.06219581
v -0.46738878 -0.57492310 0.29523078
v -0.45061538 -0.57492310 0.30591846
v -0.45061538 -0.60586512 0.32630768
v -0.46613115 -0.57492310 0.38846153
v -0.45061538 -0.59535503 0.38846153
v -0.46498430 -0.57492310 0.41953847
v -0.45061538 -0.58929199 0.41953847
v -0.46562481 -0.57492310 0.45061538
v -0.45061538 -0.59234470 0.45061538
v -0.46610838 -0.57492310 0.48169231
v -0.46611211 -0.54384613 -0.04661538
v -0.45061538 -0.54384613 -0.06381205
v -0.47642955 -0.54384613 0.23307693
v -0.45061538 -0.54384613 0.24860780
v -0.45061538 -0.55941868 0.26415384
v -0.45061538 -0.56397218 0.29523078
v -0.47978711 -0.54384613 0.45061538
v -0.46578130 -0.51276922 -0.04661538
v -0.45061538 -0.51276922 -0.06178889
v -0.46735665 -0.51276922 -0.01553846
v -0.48123097 -0.51276922 0.17092308
v -0.45919779 -0.51276922 0.20200001
v -0.45061538 -0.51276922 0.21056126
v -0.45061538 -0.52830768 0.23307693
v -0.46607906 -0.51276922 0.29523078
v -0.45061538 -0.51276922 0.27957875
v -0.45061538 -0.52867693 0.29523078
v -0.45061538 -0.53502291 0.32630768
v -0.47355896 -0.51276922 0.32630768
v -0.45061538 -0.52837580 0.35738462
v -0.46622959 -0.51276922 0.35738462
v -0.45061538 -0.51276922 0.37301022
v -0.45061538 -0.48617950 -0.04661538
v -0.46611959 -0.48169231 -0.01553846
v -0.45061538 -0.48169231 -0.04228739
v -0.46613866 -0.48169231 0.01553846
v -0.46635365 -0.48169231 0.04661538
v -0.46686846 -0.48169231 0.07769231
v -0.46609327 -0.48169231 0.10876923
v -0.46077681 -0.48169231 0.13984616
v -0.45061538 -0.48169231 0.15040331
v -0.45061538 -0.49678567 0.17092308
v -0.45061538 -0.50418377 0.20200001
v -0.47172618 -0.48169231 0.29523078
v -0.45061538 -0.48169231 0.27969232
v -0.46738693 -0.48169231 0.35738462
v -0.45061538 -0.48169231 0.37639099
v -0.45061538 -0.46501648 -0.01553846
v -0.45061538 -0.45959553 0.01553846
v -0.45061538 -0.45793068 0.04661538
v -0.45061538 -0.46257740 0.07769231
v -0.45061538 -0.46617660 0.10876923
v -0.45061538 -0.47152755 0.13984616
v -0.45061538 -0.45061538 0.27969989
v -0.47161415 -0.45061538 0.35738462
v -0.45061538 -0.45061538 0.37342134
v -0.45061538 -0.41953847 0.27969611
v -0.47707155 -0.41953847 0.35738462
v -0.45061538 -0.41953847 0.37293068
v -0.45061538 -0.38846153 0.26150203
v -0.45061538 -0.39111218 0.26415384
v -0.45061538 -0.38846153 0.37294215
v -0.45825854 -0.35738462 0.23307693
v -0.45061538 -0.35738462 0.24070603
v -0.47128677 -0.35738462 0.38846153
v -0.45061538 -0.35738462 0.37282112
v -0.45329461 -0.32630768 -0.17092308
v -0.45061538 -0.32630768 -0.17509346
v -0.45061538 -0.32899287 -0.17092308
v -0.45061538 -0.35736382 -0.13984616
v -0.46614626 -0.32630768 -0.13984616
v -0.45061538 -0.35244823 -0.10876923
v -0.46614626 -0.32630768 -0.10876923
v -0.45061538 -0.32630768 -0.08508497
v -0.46618059 -0.32630768 0.20200001
v -0.45061538 -0.32630768 0.21796501
v -0.45061538 -0.34940603 0.23307693
v -0.45061538 -0.32630768 0.37292308
v -0.45061538 -0.29806635 -0.17092308
v -0.46616143 -0.29523078 -0.13984616
v -0.45061538 -0.29523078 -0.17063186
v -0.46613866 -0.29523078 -0.10876923
v -0.45061538 -0.29523078 -0.08813197
v -0.47290581 -0.29523078 0.10876923
v -0.46615386 -0.29523078 0.13984616
v -0.48088363 -0.29523078 0.17092308
v -0.46615386 -0.29523078 0.20200001
v -0.45061538 -0.29523078 0.22223572
v -0.47435927 -0.29523078 0.35738462
v -0.45061538 -0.31076163 0.35738462
v -0.45061538 -0.29523078 0.34186891
v -0.46615386 -0.26415384 -0.13984616
v -0.45061538 -0.26415384 -0.16235258
v -0.46617660 -0.26415384 -0.10876923
v -0.45061538 -0.26415384 -0.09247229
v -0.46566471 -0.26415384 0.13984616
v -0.45994803 -0.26415384 0.17092308
v -0.46611977 -0.26415384 0.20200001
v -0.45061538 -0.28388289 0.23307693
v -0.46558711 -0.26415384 0.23307693
v -0.45595270 -0.26415384 0.26415384
v -0.45061538 -0.26949549 0.26415384
v -0.46086597 -0.26415384 0.29523078
v -0.45061538 -0.27441117 0.29523078
v -0.45061538 -0.27967712 0.32630768
v -0.45061538 -0.24596266 -0.13984616
v -0.45061538 -0.24787356 -0.10876923
v -0.47113615 -0.23307693 0.10876923
v -0.46628436 -0.23307693 0.13984616
v -0.46217865 -0.23307693 0.17092308
v -0.46473670 -0.23307693 0.20200001
v -0.47375390 -0.23307693 0.23307693
v -0.46820042 -0.20200001 0.07769231
v -0.46610844 -0.20200001 0.10876923
v -0.46599612 -0.20200001 0.13984616
v -0.46810362 -0.20200001 0.17092308
v -0.46615386 -0.20200001 0.20200001
v -0.47161055 -0.20200001 0.23307693
v -0.47129965 -0.17092308 -0.01553846
v -0.46917808 -0.17092308 0.01553846
v -0.46613866 -0.17092308 0.04661538
v -0.46618047 -0.17092308 0.07769231
v -0.46616521 -0.17092308 0.10876923
v -0.46624157 -0.17092308 0.13984616
v -0.47345796 -0.13984616 -0.07769231
v -0.45061538 -0.13984616 -0.05878563
v -0.45061538 -0.15195838 -0.04661538
v -0.45061538 -0.15536559 -0.01553846
v -0.45061538 -0.15533513 0.01553846
v -0.45061538 -0.13984616 0.04394922
v -0.45326483 -0.13984616 0.04661538
v -0.46615005 -0.13984616 0.07769231
v -0.46619189 -0.13984616 0.10876923
v -0.47496074 -0.13984616 0.13984616
v -0.45061538 -0.10876923 -0.09447909
v -0.45061538 -0.12435345 -0.07769231
v -0.45061538 -0.13719907 0.04661538
v -0.45061538 -0.10876923 0.06713314
v -0.46117455 -0.10876923 0.07769231
v -0.46724924 -0.10876923 0.10876923
v -0.45061538 -0.07769231 -0.12426223
v -0.45061538 -0.09448668 -0.10876923
v -0.45061538 -0.09482359 0.07769231
v -0.45061538 -0.07769231 0.08973642
v -0.47930130 -0.04661538 -0.13984616
v -0.45061538 -0.04661538 -0.15078734
v -0.45061538 -0.05753589 -0.13984616
v -0.45061538 -0.04661538 0.09292468
v -0.45061538 -0.01553846 -0.15530169
v -0.45061538 -0.01553846 0.08813861
v -0.45061538 0.01553846 -0.16478793
v -0.45061538 -0.00218296 0.07769231
v -0.45061538 0.01553846 0.06521075
v -0.45273414 0.04661538 -0.17092308
v -0.45061538 0.04661538 -0.17303704
v -0.45061538 0.03950955 -0.17092308
v -0.45061538 0.04661538 0.06210062
v -0.45061538 0.05096874 -0.17092308
v -0.47121951 0.07769231 -0.13984616
v -0.45061538 0.07769231 -0.16131385
v -0.45061538 0.06210820 0.04661538
v -0.45061538 0.07769231 0.03108451
v -0.46199134 0.10876923 -0.13984616
v -0.45061538 0.10876923 -0.15121152
v -0.47012660 0.10876923 -0.10876923
v -0.46791324 0.10876923 -0.01553846
v -0.45061538 0.10876923 0.00275520
v -0.45061538 0.09600434 0.01553846
v -0.45061538 0.12012754 -0.13984616
v -0.45061538 0.13421471 -0.10876923
v -0.45787290 0.13984616 -0.07769231
v -0.45061538 0.13984616 -0.09569369
v -0.45061538 0.13984616 -0.05523159
v -0.45061538 0.13659672 -0.04661538
v -0.45061538 0.12431148 -0.01553846
v -0.45061538 0.14709815 -0.07769231
v -0.41953847 -0.97892308 0.16159043
v -0.41953847 -0.98826212 0.17092308
v -0.41953847 -0.99446154 0.20200001
v -0.41953847 -0.99002683 0.23307693
v -0.43518648 -0.97892308 0.23307693
v -0.41953847 -0.97892308 0.24418069
v -0.41953847 -0.94784617 0.13962589
v -0.41953847 -0.94806641 0.13984616
v -0.41953847 -0.96336192 0.26415384
v -0.41953847 -0.94784617 0.28999090
v -0.44943979 -0.91676921 0.10876923
v -0.41953847 -0.91676921 0.12405625
v -0.41953847 -0.94259989 0.29523078
v -0.41953847 -0.93025899 0.32630768
v -0.43946460 -0.91676921 0.32630768
v -0.41953847 -0.91676921 0.33984220
v -0.42583764 -0.88569230 0.04661538
v -0.41953847 -0.88569230 0.04179886
v -0.41953847 -0.89050883 0.04661538
v -0.41953847 -0.88569230 0.06373612
v -0.41953847 -0.88569230 0.08168018
v -0.41953847 -0.90163666 0.10876923
v -0.41953847 -0.90124214 0.35738462
v -0.41953847 -0.88569230 0.37983152
v -0.41953847 -0.85461539 0.01831192
v -0.41953847 -0.88165027 0.07769231
v -0.41953847 -0.87707138 0.38846153
v -0.41953847 -0.86618108 0.41953847
v -0.43354267 -0.85461539 0.41953847
v -0.41953847 -0.85461539 0.43107590
v -0.41953847 -0.82353848 0.00161464
v -0.41953847 -0.85126072 0.01553846
v -0.41953847 -0.82983577 0.45061538
v -0.41953847 -0.82353848 0.45693475
v -0.41953847 -0.79246151 -0.00004185
v -0.43595874 -0.79246151 0.48169231
v -0.41953847 -0.79246151 0.45931736
v -0.44630566 -0.76138461 -0.01553846
v -0.41953847 -0.76138461 -0.02709599
v -0.41953847 -0.77298832 -0.01553846
v -0.43502399 -0.76138461 0.48169231
v -0.41953847 -0.76138461 0.45421442
v -0.41953847 -0.73030770 -0.03107692
v -0.42955497 -0.73030770 0.45061538
v -0.41953847 -0.75467932 0.45061538
v -0.41953847 -0.73030770 0.44060546
v -0.43500146 -0.73030770 0.48169231
v -0.42021087 -0.69923079 -0.04661538
v -0.41953847 -0.69923079 -0.04728969
v -0.41953847 -0.69990444 -0.04661538
v -0.43057585 -0.69923079 0.45061538
v -0.41953847 -0.69923079 0.43959886
v -0.43768144 -0.69923079 0.48169231
v -0.44688347 -0.66815382 -0.04661538
v -0.41953847 -0.66815382 -0.06215764
v -0.42698187 -0.66815382 0.32630768
v -0.41953847 -0.67559171 0.32630768
v -0.41953847 -0.66815382 0.31824836
v -0.41953847 -0.66815382 0.33970836
v -0.43485785 -0.66815382 0.45061538
v -0.41953847 -0.66815382 0.42675704
v -0.43730909 -0.66815382 0.48169231
v -0.41953847 -0.63707691 -0.06486761
v -0.44429535 -0.63707691 0.29523078
v -0.41953847 -0.65960819 0.32630768
v -0.41953847 -0.63707691 0.34031627
v -0.43517157 -0.63707691 0.35738462
v -0.41953847 -0.65910774 0.35738462
v -0.43381485 -0.63707691 0.38846153
v -0.41953847 -0.65296191 0.38846153
v -0.43415248 -0.63707691 0.41953847
v -0.41953847 -0.66041350 0.41953847
v -0.43507692 -0.63707691 0.45061538
v -0.44295195 -0.63707691 0.48169231
v -0.43174627 -0.60600001 -0.07769231
v -0.41953847 -0.60600001 -0.08989290
v -0.41953847 -0.62089759 -0.07769231
v -0.41953847 -0.60600001 0.33960521
v -0.43997726 -0.60600001 0.38846153
v -0.43506554 -0.60600001 0.41953847
v -0.43746811 -0.60600001 0.45061538
v -0.43512267 -0.57492310 -0.07769231
v -0.41953847 -0.57492310 -0.09321559
v -0.41953847 -0.59274316 0.32630768
v -0.41953847 -0.57492310 0.30302122
v -0.43675393 -0.54384613 -0.07769231
v -0.41953847 -0.54384613 -0.09646129
v -0.41953847 -0.55117744 0.26415384
v -0.41953847 -0.54384613 0.25682527
v -0.41953847 -0.56606507 0.29523078
v -0.43912432 -0.54384613 0.32630768
v -0.41953847 -0.54384613 0.31248239
v -0.41953847 -0.55634195 0.32630768
v -0.41953847 -0.54384613 0.34433770
v -0.43507692 -0.51276922 -0.07769231
v -0.41953847 -0.51276922 -0.09965797
v -0.41953847 -0.52453625 0.23307693
v -0.41953847 -0.51276922 0.22128129
v -0.41953847 -0.51276922 0.27959037
v -0.41953847 -0.52971137 0.29523078
v -0.41953847 -0.53364003 0.35738462
v -0.41953847 -0.51276922 0.38195819
v -0.43037236 -0.48169231 -0.17092308
v -0.41953847 -0.48169231 -0.19946660
v -0.41953847 -0.49249184 -0.17092308
v -0.41953847 -0.49457005 -0.13984616
v -0.43244198 -0.48169231 -0.13984616
v -0.41953847 -0.49702692 -0.10876923
v -0.42848790 -0.48169231 -0.10876923
v -0.43508452 -0.48169231 -0.07769231
v -0.44630376 -0.48169231 -0.04661538
v -0.43380743 -0.48169231 0.17092308
v -0.41953847 -0.48169231 0.18474720
v -0.41953847 -0.49726117 0.20200001
v -0.41953847 -0.48169231 0.27969611
v -0.41953847 -0.49667016 0.38846153
v -0.42822379 -0.48169231 0.38846153
v -0.41953847 -0.48169231 0.39459658
v -0.42269057 -0.45061538 -0.23307693
v -0.41953847 -0.45061538 -0.23623869
v -0.41953847 -0.45375919 -0.23307693
v -0.41953847 -0.48029864 -0.20200001
v -0.43515992 -0.45061538 -0.20200001
v -0.43506932 -0.45061538 -0.17092308
v -0.43506932 -0.45061538 -0.13984616
v -0.43508452 -0.45061538 -0.10876923
v -0.43506175 -0.45061538 -0.07769231
v -0.43507314 -0.45061538 -0.04661538
v -0.43624458 -0.45061538 -0.01553846
v -0.44163522 -0.45061538 0.01553846
v -0.44330007 -0.45061538 0.04661538
v -0.43865338 -0.45061538 0.07769231
v -0.43443361 -0.45061538 0.10876923
v -0.41953847 -0.45061538 0.12814867
v -0.41953847 -0.46172196 0.13984616
v -0.41953847 -0.46786818 0.17092308
v -0.41953847 -0.45061538 0.27959782
v -0.41953847 -0.47286507 0.38846153
v -0.41953847 -0.45061538 0.37654996
v -0.43162602 -0.41953847 -0.23307693
v -0.41953847 -0.41953847 -0.24618578
v -0.43506175 -0.41953847 -0.20200001
v -0.43506932 -0.41953847 -0.17092308
v -0.43503153 -0.41953847 -0.13984616
v -0.43509969 -0.41953847 -0.10876923
v -0.43507314 -0.41953847 -0.07769231
v -0.42959926 -0.41953847 -0.04661538
v -0.41953847 -0.41953847 -0.02236114
v -0.41953847 -0.42322350 -0.01553846
v -0.41953847 -0.42126104 0.01553846
v -0.41953847 -0.42819712 0.04661538
v -0.41953847 -0.43513364 0.07769231
v -0.41953847 -0.43571270 0.10876923
v -0.41953847 -0.41953847 0.27957186
v -0.41953847 -0.41953847 0.37293068
v -0.43243831 -0.38846153 -0.23307693
v -0.41953847 -0.38846153 -0.24799876
v -0.43507692 -0.38846153 -0.20200001
v -0.43508452 -0.38846153 -0.17092308
v -0.43509209 -0.38846153 -0.13984616
v -0.43511486 -0.38846153 -0.10876923
v -0.43506554 -0.38846153 -0.07769231
v -0.42841679 -0.38846153 -0.04661538
v -0.41953847 -0.38846153 -0.03771526
v -0.44795519 -0.38846153 0.26415384
v -0.41953847 -0.38846153 0.27961263
v -0.41953847 -0.38846153 0.37292686
v -0.43043661 -0.35738462 -0.23307693
v -0.41953847 -0.35738462 -0.24444400
v -0.43506175 -0.35738462 -0.20200001
v -0.43510732 -0.35738462 -0.17092308
v -0.45059451 -0.35738462 -0.13984616
v -0.44567499 -0.35738462 -0.10876923
v -0.43511468 -0.35738462 -0.07769231
v -0.42371422 -0.35738462 -0.04661538
v -0.41953847 -0.35738462 -0.04257458
v -0.43145519 -0.35738462 0.26415384
v -0.41953847 -0.35738462 0.27608487
v -0.41953847 -0.35738462 0.36969808
v -0.43253139 -0.32630768 -0.26415384
v -0.41953847 -0.32630768 -0.27734941
v -0.41953847 -0.33979946 -0.26415384
v -0.43505421 -0.32630768 -0.23307693
v -0.43886012 -0.32630768 -0.20200001
v -0.44321170 -0.32630768 -0.07769231
v -0.43505421 -0.32630768 -0.04661538
v -0.41953847 -0.34113938 -0.01553846
v -0.43467528 -0.32630768 -0.01553846
v -0.41953847 -0.32630768 0.00119853
v -0.43554139 -0.32630768 0.23307693
v -0.42644182 -0.32630768 0.26415384
v -0.41953847 -0.32630768 0.27110201
v -0.42970020 -0.32630768 0.35738462
v -0.41953847 -0.33953527 0.35738462
v -0.41953847 -0.32630768 0.34718609
v -0.43168050 -0.29523078 -0.26415384
v -0.41953847 -0.29523078 -0.27630311
v -0.43506932 -0.29523078 -0.23307693
v -0.43767333 -0.29523078 -0.20200001
v -0.45032418 -0.29523078 -0.17092308
v -0.44018924 -0.29523078 -0.07769231
v -0.43505043 -0.29523078 -0.04661538
v -0.43403506 -0.29523078 -0.01553846
v -0.41953847 -0.29523078 0.00014024
v -0.43978450 -0.29523078 0.23307693
v -0.43507692 -0.29523078 0.26415384
v -0.41953847 -0.30720726 0.29523078
v -0.43146810 -0.29523078 0.29523078
v -0.43495110 -0.29523078 0.32630768
v -0.41953847 -0.31070036 0.32630768
v -0.42563409 -0.26415384 -0.26415384
v -0.41953847 -0.26415384 -0.27026150
v -0.43509588 -0.26415384 -0.23307693
v -0.43516460 -0.26415384 -0.20200001
v -0.44205400 -0.26415384 -0.17092308
v -0.43581650 -0.26415384 -0.07769231
v -0.43506554 -0.26415384 -0.04661538
v -0.43014741 -0.26415384 -0.01553846
v -0.41953847 -0.26415384 -0.00496009
v -0.41953847 -0.25795338 -0.26415384
v -0.41953847 -0.23965089 -0.23307693
v -0.43150979 -0.23307693 -0.20200001
v -0.41953847 -0.23307693 -0.22374706
v -0.43512985 -0.23307693 -0.17092308
v -0.43774801 -0.23307693 -0.13984616
v -0.43586391 -0.23307693 -0.10876923
v -0.42944917 -0.23307693 -0.07769231
v -0.41953847 -0.23307693 -0.06254132
v -0.41953847 -0.24333070 -0.04661538
v -0.41953847 -0.25354144 -0.01553846
v -0.42955810 -0.20200001 -0.20200001
v -0.41953847 -0.20200001 -0.21614830
v -0.43508071 -0.20200001 -0.17092308
v -0.43508831 -0.20200001 -0.13984616
v -0.43358019 -0.20200001 -0.10876923
v -0.42225406 -0.20200001 -0.07769231
v -0.41953847 -0.20200001 -0.07437293
v -0.42150882 -0.17092308 -0.20200001
v -0.41953847 -0.17092308 -0.20408587
v -0.43204722 -0.17092308 -0.17092308
v -0.43254536 -0.17092308 -0.13984616
v -0.42576358 -0.17092308 -0.10876923
v -0.41953847 -0.17092308 -0.09763771
v -0.41953847 -0.19652487 -0.07769231
v -0.41953847 -0.16777098 -0.20200001
v -0.41953847 -0.14206201 -0.17092308
v -0.41953847 -0.14044435 -0.13984616
v -0.41953847 -0.16023321 -0.10876923
v -0.43854633 -0.13984616 -0.04661538
v -0.43500811 -0.13984616 -0.01553846
v -0.43511125 -0.13984616 0.01553846
v -0.42242289 -0.10876923 -0.07769231
v -0.41953847 -0.10876923 -0.07483326
v -0.41953847 -0.12432275 -0.04661538
v -0.41953847 -0.12442583 -0.01553846
v -0.41953847 -0.12422358 0.01553846
v -0.43107915 -0.10876923 0.04661538
v -0.41953847 -0.10876923 0.03497114
v -0.41953847 -0.07769231 -0.12262240
v -0.41953847 -0.09150054 -0.10876923
v -0.41953847 -0.10588481 -0.07769231
v -0.41953847 -0.09727086 0.04661538
v -0.43854234 -0.07769231 0.07769231
v -0.41953847 -0.07769231 0.06223718
v -0.41953847 -0.04661538 -0.15184402
v -0.41953847 -0.05861688 -0.13984616
v -0.43199950 -0.04661538 0.07769231
v -0.41953847 -0.04661538 0.06552775
v -0.41953847 -0.01553846 -0.16075465
v -0.43468913 -0.01553846 0.07769231
v -0.41953847 -0.01553846 0.06758932
v -0.44446820 0.01553846 -0.17092308
v -0.41953847 0.01553846 -0.18645015
v -0.41953847 -0.00536672 -0.17092308
v -0.41953847 0.01553846 0.06223007
v -0.41953847 0.04661538 -0.18646912
v -0.41953847 0.04661538 0.06216902
v -0.44099969 0.07769231 -0.17092308
v -0.41953847 0.07769231 -0.18643884
v -0.41953847 0.07090810 0.04661538
v -0.41953847 0.07769231 0.03983640
v -0.43306988 0.10876923 -0.17092308
v -0.41953847 0.10876923 -0.18445450
v -0.43574300 0.10876923 0.01553846
v -0.41953847 0.10876923 0.02896426
v -0.41953847 0.12229319 -0.17092308
v -0.43349138 0.13984616 -0.13984616
v -0.41953847 0.13984616 -0.15379909
v -0.44498396 0.13984616 -0.10876923
v -0.44736317 0.13984616 -0.04661538
v -0.43038571 0.13984616 -0.01553846
v -0.41953847 0.13984616 -0.00469810
v -0.41953847 0.12219882 0.01553846
v -0.41953847 0.15381788 -0.13984616
v -0.41953847 0.15767901 -0.10876923
v -0.41953847 0.16300684 -0.07769231
v -0.41953847 0.15603273 -0.04661538
v -0.41953847 0.15067264 -0.01553846
v -0.42261314 0.57492310 -0.29523078
v -0.41953847 0.57492310 -0.30035850
v -0.41953847 0.57184839 -0.29523078
v -0.41953847 0.56443667 -0.26415384
v -0.43002817 0.57492310 -0.26415384
v -0.41953847 0.56234241 -0.23307693
v -0.43212646 0.57492310 -0.23307693
v -0.41953847 0.56318539 -0.20200001
v -0.43127611 0.57492310 -0.20200001
v -0.41953847 0.56986755 -0.17092308
v -0.42458984 0.57492310 -0.17092308
v -0.41953847 0.57492310 -0.16427627
v -0.43199655 0.60600001 -0.32630768
v -0.41953847 0.60600001 -0.34237429
v -0.41953847 0.58902985 -0.32630768
v -0.43509209 0.60600001 -0.29523078
v -0.43505415 0.60600001 -0.26415384
v -0.43535131 0.60600001 -0.23307693
v -0.43641755 0.60600001 -0.20200001
v -0.43504277 0.60600001 -0.17092308
v -0.41953847 0.58786225 -0.13984616
v -0.43506175 0.60600001 -0.13984616
v -0.41953847 0.60070002 -0.10876923
v -0.42484277 0.60600001 -0.10876923
v -0.41953847 0.60600001 -0.10344987
v -0.43491209 0.63707691 -0.32630768
v -0.41953847 0.63707691 -0.34707049
v -0.43506175 0.63707691 -0.29523078
v -0.43723249 0.63707691 -0.26415384
v -0.44459558 0.63707691 -0.23307693
v -0.44415981 0.63707691 -0.20200001
v -0.43715534 0.63707691 -0.17092308
v -0.43505415 0.63707691 -0.13984616
v -0.43506554 0.63707691 -0.10876923
v -0.41953847 0.63707691 -0.07991096
v -0.41953847 0.65239763 -0.32630768
v -0.41953847 0.66122621 -0.29523078
v -0.42907307 0.66815382 -0.26415384
v -0.41953847 0.66815382 -0.28300598
v -0.43453515 0.66815382 -0.23307693
v -0.43516004 0.66815382 -0.20200001
v -0.43514124 0.66815382 -0.17092308
v -0.43500829 0.66815382 -0.13984616
v -0.43187410 0.66815382 -0.10876923
v -0.41953847 0.66279221 -0.07769231
v -0.42002854 0.66815382 -0.07769231
v -0.41953847 0.66815382 -0.07719215
v -0.41953847 0.67767876 -0.26415384
v -0.41953847 0.68315053 -0.23307693
v -0.41953847 0.68376023 -0.20200001
v -0.41953847 0.68373770 -0.17092308
v -0.41953847 0.68356311 -0.13984616
v -0.41953847 0.68044597 -0.10876923
v -0.41953847 0.66864467 -0.07769231
v -0.41019946 -0.97892308 0.17092308
v -0.38846153 -0.97892308 0.19395217
v -0.38846153 -0.98697090 0.20200001
v -0.38846153 -0.99438536 0.23307693
v -0.38846153 -0.97892308 0.25716940
v -0.41931826 -0.94784617 0.13984616
v -0.38846153 -0.94784617 0.15916775
v -0.38846153 -0.95960855 0.17092308
v -0.38846153 -0.97198629 0.26415384
v -0.38846153 -0.96326983 0.29523078
v -0.41422534 -0.94784617 0.29523078
v -0.38846153 -0.94784617 0.31075382
v -0.39485353 -0.91676921 0.13984616
v -0.38846153 -0.91676921 0.14623061
v -0.38846153 -0.93242222 0.32630768
v -0.38846153 -0.91676921 0.35407910
v -0.39550158 -0.88569230 0.04661538
v -0.38846153 -0.90119654 0.07769231
v -0.38846153 -0.88569230 0.04820785
v -0.41547745 -0.88569230 0.07769231
v -0.38846153 -0.88569230 0.10737355
v -0.38982961 -0.88569230 0.10876923
v -0.38846153 -0.88569230 0.11015507
v -0.38846153 -0.91040945 0.13984616
v -0.38846153 -0.91346377 0.35738462
v -0.38846153 -0.89911425 0.38846153
v -0.40911770 -0.88569230 0.38846153
v -0.38846153 -0.88569230 0.40190950
v -0.38846153 -0.85461539 0.03002919
v -0.38846153 -0.88410795 0.04661538
v -0.38846153 -0.88430256 0.10876923
v -0.38846153 -0.85461539 0.40482533
v -0.40727735 -0.85461539 0.41953847
v -0.38846153 -0.82353848 0.01172486
v -0.38846153 -0.82782739 0.01553846
v -0.40294361 -0.82353848 0.41953847
v -0.38846153 -0.82353848 0.40481478
v -0.41320920 -0.82353848 0.45061538
v -0.38846153 -0.79246151 0.00006046
v -0.40406799 -0.79246151 0.41953847
v -0.38846153 -0.79246151 0.38910598
v -0.41085488 -0.79246151 0.45061538
v -0.38846153 -0.76138461 -0.02857583
v -0.38846153 -0.77437788 -0.01553846
v -0.39481205 -0.76138461 0.38846153
v -0.38846153 -0.79007727 0.38846153
v -0.38846153 -0.76138461 0.38211110
v -0.40396965 -0.76138461 0.41953847
v -0.41593936 -0.76138461 0.45061538
v -0.38846153 -0.73030770 -0.03117224
v -0.40258589 -0.73030770 0.38846153
v -0.38846153 -0.73030770 0.36168084
v -0.40397725 -0.73030770 0.41953847
v -0.38846153 -0.69923079 -0.05958548
v -0.38846153 -0.71228629 -0.04661538
v -0.40038389 -0.69923079 0.32630768
v -0.38846153 -0.71117479 0.32630768
v -0.38846153 -0.69923079 0.31449237
v -0.40400001 -0.69923079 0.35738462
v -0.38846153 -0.72665000 0.35738462
v -0.40399241 -0.69923079 0.38846153
v -0.40396965 -0.69923079 0.41953847
v -0.38846153 -0.66815382 -0.06212356
v -0.40618268 -0.66815382 0.32630768
v -0.38846153 -0.68062997 0.32630768
v -0.40580842 -0.67866689 0.33866879
v -0.41039187 -0.66815382 0.35738462
v -0.38846153 -0.66815382 0.33549228
v -0.40559822 -0.66815382 0.38846153
v -0.41248563 -0.66815382 0.41953847
v -0.40384185 -0.63707691 -0.07769231
v -0.38846153 -0.63707691 -0.09035660
v -0.38846153 -0.64971203 -0.07769231
v -0.40677232 -0.65822399 0.33908075
v -0.38846153 -0.63707691 0.34203488
v -0.38846153 -0.60600001 -0.09365956
v -0.38846153 -0.60600001 0.33625668
v -0.39985833 -0.57492310 -0.10876923
v -0.38846153 -0.57492310 -0.12016956
v -0.38846153 -0.58672118 -0.10876923
v -0.40286803 -0.57492310 0.29523078
v -0.38846153 -0.58192450 0.29523078
v -0.38846153 -0.57492310 0.28823459
v -0.38846153 -0.59606427 0.32630768
v -0.40720871 -0.54384613 -0.10876923
v -0.38846153 -0.54384613 -0.12408268
v -0.38846153 -0.54421008 0.26415384
v -0.38846153 -0.54384613 0.26379061
v -0.40524927 -0.54384613 0.32630768
v -0.40292516 -0.51276922 -0.20200001
v -0.38846153 -0.51276922 -0.22820485
v -0.38846153 -0.52723289 -0.20200001
v -0.38846153 -0.52827740 -0.17092308
v -0.40396971 -0.51276922 -0.17092308
v -0.38846153 -0.52811307 -0.13984616
v -0.40399241 -0.51276922 -0.13984616
v -0.41042718 -0.51276922 -0.10876923
v -0.38988069 -0.51276922 0.23307693
v -0.38846153 -0.51276922 0.23396035
v -0.39817372 -0.51276922 0.29523078
v -0.38846153 -0.51276922 0.30500787
v -0.38846153 -0.53009993 0.32630768
v -0.38846153 -0.52830017 0.35738462
v -0.38846153 -0.51276922 0.37296090
v -0.39949325 -0.48169231 -0.26415384
v -0.38846153 -0.48169231 -0.27518904
v -0.38846153 -0.49272057 -0.26415384
v -0.38846153 -0.50843793 -0.23307693
v -0.40395838 -0.48169231 -0.23307693
v -0.41813183 -0.48169231 -0.20200001
v -0.38846153 -0.48889172 0.20200001
v -0.38846153 -0.48169231 0.19479790
v -0.38846153 -0.51188749 0.23307693
v -0.39899504 -0.48169231 0.29523078
v -0.38846153 -0.48169231 0.30575746
v -0.41341296 -0.48169231 0.38846153
v -0.38846153 -0.48169231 0.37292308
v -0.40401137 -0.45061538 -0.26415384
v -0.38846153 -0.45061538 -0.29427391
v -0.40848050 -0.45061538 0.13984616
v -0.38846153 -0.45061538 0.15542243
v -0.38846153 -0.46617281 0.17092308
v -0.40390173 -0.45061538 0.29523078
v -0.38846153 -0.45061538 0.31748149
v -0.38923216 -0.45061538 0.35738462
v -0.38846153 -0.45138270 0.35738462
v -0.38846153 -0.45061538 0.35550988
v -0.40122321 -0.41953847 -0.29523078
v -0.38846153 -0.41953847 -0.30799246
v -0.38846153 -0.44926026 -0.29523078
v -0.40506184 -0.41953847 -0.26415384
v -0.41585657 -0.41953847 -0.01553846
v -0.41781673 -0.41953847 0.01553846
v -0.41087982 -0.41953847 0.04661538
v -0.40392044 -0.41953847 0.07769231
v -0.38846153 -0.41953847 0.10253924
v -0.38846153 -0.42575145 0.10876923
v -0.38846153 -0.43502399 0.13984616
v -0.40386817 -0.41953847 0.29523078
v -0.38846153 -0.43511996 0.32630768
v -0.39730424 -0.41953847 0.32630768
v -0.40399241 -0.41953847 0.35738462
v -0.40317252 -0.38846153 -0.29523078
v -0.38846153 -0.38846153 -0.30994928
v -0.40605059 -0.38846153 -0.26415384
v -0.40404186 -0.38846153 -0.01553846
v -0.39499301 -0.38846153 0.01553846
v -0.38846153 -0.38846153 0.02202001
v -0.38846153 -0.40408298 0.04661538
v -0.38846153 -0.40402663 0.07769231
v -0.40393943 -0.38846153 0.29523078
v -0.40397719 -0.38846153 0.32630768
v -0.40401137 -0.38846153 0.35738462
v -0.40193251 -0.35738462 -0.29523078
v -0.38846153 -0.35738462 -0.30870920
v -0.40451363 -0.35738462 -0.26415384
v -0.40370962 -0.35738462 -0.01553846
v -0.39275846 -0.35738462 0.01553846
v -0.38846153 -0.35738462 0.01984262
v -0.40400380 -0.35738462 0.29523078
v -0.40401897 -0.35738462 0.32630768
v -0.40722135 -0.35738462 0.35738462
v -0.39358020 -0.32630768 -0.32630768
v -0.38846153 -0.32630768 -0.33141592
v -0.38846153 -0.33142427 -0.32630768
v -0.40421540 -0.32630768 -0.29523078
v -0.40560830 -0.32630768 0.01553846
v -0.38846153 -0.33292907 0.04661538
v -0.39509568 -0.32630768 0.04661538
v -0.38846153 -0.32630768 0.05324441
v -0.40403426 -0.32630768 0.29523078
v -0.40402663 -0.32630768 0.32630768
v -0.39411503 -0.29523078 -0.32630768
v -0.38846153 -0.29523078 -0.33195436
v -0.40401137 -0.29523078 -0.29523078
v -0.40518898 -0.29523078 0.01553846
v -0.39498666 -0.29523078 0.04661538
v -0.38846153 -0.29523078 0.05313297
v -0.38846153 -0.27946702 -0.32630768
v -0.40403420 -0.26415384 -0.29523078
v -0.38846153 -0.26415384 -0.32079381
v -0.40397730 -0.26415384 0.01553846
v -0.38846153 -0.26415384 0.04572722
v -0.38846153 -0.26725799 0.04661538
v -0.39762574 -0.23307693 -0.29523078
v -0.38846153 -0.23307693 -0.30445850
v -0.40417659 -0.23307693 -0.26415384
v -0.41295946 -0.23307693 -0.23307693
v -0.40930146 -0.23307693 -0.04661538
v -0.40400758 -0.23307693 -0.01553846
v -0.39854318 -0.23307693 0.01553846
v -0.38846153 -0.23307693 0.02561347
v -0.38846153 -0.21816523 -0.29523078
v -0.40399620 -0.20200001 -0.26415384
v -0.38846153 -0.20200001 -0.28552675
v -0.40826064 -0.20200001 -0.23307693
v -0.40573117 -0.20200001 -0.04661538
v -0.40401897 -0.20200001 -0.01553846
v -0.39891145 -0.20200001 0.01553846
v -0.38846153 -0.20200001 0.02597137
v -0.40400380 -0.17092308 -0.26415384
v -0.38846153 -0.17092308 -0.28105390
v -0.40447727 -0.17092308 -0.23307693
v -0.40993077 -0.17092308 -0.07769231
v -0.40405318 -0.17092308 -0.04661538
v -0.40400380 -0.17092308 -0.01553846
v -0.39278507 -0.17092308 0.01553846
v -0.38846153 -0.17092308 0.01985839
v -0.40033475 -0.13984616 -0.26415384
v -0.38846153 -0.13984616 -0.27600560
v -0.40400380 -0.13984616 -0.23307693
v -0.40789530 -0.13984616 -0.20200001
v -0.41801083 -0.13984616 -0.17092308
v -0.41910657 -0.13984616 -0.13984616
v -0.40952510 -0.13984616 -0.10876923
v -0.40398487 -0.13984616 -0.07769231
v -0.40396976 -0.13984616 -0.04661538
v -0.40359408 -0.13984616 -0.01553846
v -0.38846153 -0.13984616 0.00572592
v -0.38846153 -0.16248938 0.01553846
v -0.38879567 -0.10876923 -0.26415384
v -0.38846153 -0.10876923 -0.26448798
v -0.40400001 -0.10876923 -0.23307693
v -0.40400758 -0.10876923 -0.20200001
v -0.40481782 -0.10876923 -0.17092308
v -0.40557635 -0.10876923 -0.13984616
v -0.40398487 -0.10876923 -0.10876923
v -0.41665789 -0.10876923 -0.07769231
v -0.38846153 -0.10876923 -0.00900937
v -0.40417108 -0.10876923 0.01553846
v -0.38846153 -0.10811863 -0.26415384
v -0.40348259 -0.07769231 -0.23307693
v -0.38846153 -0.07769231 -0.25320655
v -0.40400380 -0.07769231 -0.20200001
v -0.40401518 -0.07769231 -0.17092308
v -0.40409821 -0.07769231 -0.13984616
v -0.38846153 -0.09058600 0.01553846
v -0.40385550 -0.07769231 0.04661538
v -0.38846153 -0.07769231 0.02858739
v -0.40024382 -0.04661538 -0.23307693
v -0.38846153 -0.04661538 -0.24540514
v -0.40337247 -0.04661538 -0.20200001
v -0.38846153 -0.04661538 -0.18549614
v -0.38846153 -0.06056488 -0.17092308
v -0.38875425 -0.04661538 -0.13984616
v -0.38846153 -0.04679789 -0.13984616
v -0.38846153 -0.04661538 -0.13966163
v -0.38846153 -0.05713015 0.04661538
v -0.38846153 -0.04661538 0.05704154
v -0.38846153 -0.01758373 -0.23307693
v -0.38846153 -0.03171205 -0.20200001
v -0.38846153 -0.01553846 -0.16688909
v -0.38846153 -0.04643098 -0.13984616
v -0.38846153 -0.01553846 0.06215005
v -0.38846153 0.01553846 -0.18644643
v -0.38846153 -0.01151135 -0.17092308
v -0.38846153 0.01553846 0.06217661
v -0.39470598 0.04661538 -0.20200001
v -0.38846153 0.04661538 -0.20825174
v -0.38846153 0.04038551 -0.20200001
v -0.38846153 0.04661538 0.06223707
v -0.40158060 0.07769231 -0.20200001
v -0.38846153 0.07769231 -0.21514863
v -0.39776176 0.07769231 0.04661538
v -0.38846153 0.07769231 0.04992693
v -0.38846153 0.10257374 -0.20200001
v -0.38846153 0.10876923 -0.19720908
v -0.38846153 0.08100966 0.04661538
v -0.38846153 0.10876923 0.03109210
v -0.39902046 0.13984616 -0.17092308
v -0.38846153 0.13984616 -0.18149564
v -0.38846153 0.12905179 0.01553846
v -0.38846153 0.13984616 0.00473722
v -0.38846153 0.15041871 -0.17092308
v -0.38846153 0.16190943 -0.13984616
v -0.40561566 0.17092308 -0.10876923
v -0.38846153 0.17092308 -0.13024741
v -0.41161066 0.17092308 -0.07769231
v -0.40181786 0.17092308 -0.04661538
v -0.38846153 0.17092308 -0.03345034
v -0.38846153 0.15583748 -0.01553846
v -0.38846153 0.18576460 -0.10876923
v -0.38846153 0.18642360 -0.07769231
v -0.38846153 0.18364042 -0.04661538
v -0.40415406 0.38846153 -0.29523078
v -0.38846153 0.38846153 -0.31133217
v -0.38846153 0.36000159 -0.29523078
v -0.38846153 0.38846153 -0.27954206
v -0.40392360 0.41953847 -0.29523078
v -0.38846153 0.41953847 -0.31900412
v -0.38846153 0.41953847 -0.27980292
v -0.40400758 0.45061538 -0.29523078
v -0.38846153 0.45061538 -0.31324992
v -0.38846153 0.45061538 -0.27970743
v -0.40340814 0.48169231 -0.29523078
v -0.38846153 0.48169231 -0.31016219
v -0.38846153 0.47407138 -0.26415384
v -0.39610493 0.48169231 -0.26415384
v -0.38846153 0.48169231 -0.25651047
v -0.38846153 0.49660105 -0.29523078
v -0.38846153 0.48943546 -0.26415384
v -0.39194149 0.54384613 -0.35738462
v -0.38846153 0.54384613 -0.36149347
v -0.38846153 0.54036629 -0.35738462
v -0.38846153 0.53155994 -0.32630768
v -0.40076226 0.54384613 -0.32630768
v -0.38846153 0.52989614 -0.29523078
v -0.40243402 0.54384613 -0.29523078
v -0.38846153 0.53069931 -0.26415384
v -0.40147787 0.54384613 -0.26415384
v -0.38846153 0.53510886 -0.23307693
v -0.39719883 0.54384613 -0.23307693
v -0.38846153 0.54384613 -0.20455894
v -0.40135470 0.57492310 -0.38846153
v -0.38846153 0.57492310 -0.40129229
v -0.38846153 0.56059510 -0.38846153
v -0.40398863 0.57492310 -0.35738462
v -0.40842769 0.57492310 -0.32630768
v -0.38846153 0.54490077 -0.20200001
v -0.38846153 0.55605197 -0.17092308
v -0.38846153 0.55939978 -0.13984616
v -0.40660670 0.57492310 -0.13984616
v -0.38846153 0.57017982 -0.10876923
v -0.39320481 0.57492310 -0.10876923
v -0.38846153 0.57492310 -0.10402988
v -0.40401137 0.60600001 -0.38846153
v -0.38846153 0.60600001 -0.40811384
v -0.40759155 0.60600001 -0.35738462
v -0.38846153 0.59046155 -0.07769231
v -0.40404180 0.60600001 -0.07769231
v -0.38846153 0.60600001 -0.06168582
v -0.40408292 0.63707691 -0.38846153
v -0.38846153 0.63707691 -0.40435672
v -0.40936339 0.63707691 -0.35738462
v -0.41731980 0.63707691 -0.07769231
v -0.38846153 0.62107044 -0.04661538
v -0.40401518 0.63707691 -0.04661538
v -0.38846153 0.63707691 -0.03097787
v -0.38846153 0.65269840 -0.38846153
v -0.38846153 0.65652132 -0.35738462
v -0.39871615 0.66815382 -0.32630768
v -0.38846153 0.66815382 -0.34039950
v -0.41260031 0.66815382 -0.29523078
v -0.40415719 0.66815382 -0.04661538
v -0.38846153 0.65683895 -0.01553846
v -0.39969182 0.66815382 -0.01553846
v -0.38846153 0.66815382 -0.00429764
v -0.38846153 0.67845529 -0.32630768
v -0.38846153 0.68366957 -0.29523078
v -0.38846153 0.68562657 -0.26415384
v -0.39142644 0.69923079 -0.23307693
v -0.38846153 0.69923079 -0.23678763
v -0.40305096 0.69923079 -0.20200001
v -0.40396959 0.69923079 -0.17092308
v -0.40394327 0.69923079 -0.13984616
v -0.40395460 0.69923079 -0.10876923
v -0.40400758 0.69923079 -0.07769231
v -0.40400380 0.69923079 -0.04661538
v -0.40400758 0.69923079 -0.01553846
v -0.38846153 0.69923079 0.00178559
v -0.38846153 0.70219308 -0.23307693
v -0.38846153 0.71382773 -0.20200001
v -0.38846153 0.71511942 -0.17092308
v -0.38846153 0.72340953 -0.13984616
v -0.39230040 0.73030770 -0.10876923
v -0.38846153 0.73030770 -0.11904512
v -0.39582825 0.73030770 -0.07769231
v -0.39507782 0.73030770 -0.04661538
v -0.38846153 0.73030770 -0.01923287
v -0.38846153 0.72921455 -0.01553846
v -0.38846153 0.73414487 -0.10876923
v -0.38846153 0.73766613 -0.07769231
v -0.38846153 0.73693162 -0.04661538
v -0.38041082 -0.97892308 0.20200001
v -0.37269789 -0.97892308 0.23307693
v -0.37671340 -0.94784617 0.17092308
v -0.36128584 -0.94784617 0.20200001
v -0.35738462 -0.94784617 0.20590121
v -0.35738462 -0.96367836 0.23307693
v -0.35738462 -0.96982062 0.26415384
v -0.35738462 -0.96328992 0.29523078
v -0.35738462 -0.94784617 0.32385775
v -0.37220326 -0.91676921 0.17092308
v -0.35738462 -0.91676921 0.19153769
v -0.35738462 -0.94047493 0.20200001
v -0.35738462 -0.94540614 0.32630768
v -0.35738462 -0.91676921 0.35426536
v -0.35738462 -0.88569230 0.06179393
v -0.35738462 -0.90127248 0.07769231
v -0.35738462 -0.90118116 0.10876923
v -0.38705999 -0.88569230 0.10876923
v -0.35738462 -0.88569230 0.13295406
v -0.36421388 -0.88569230 0.13984616
v -0.35738462 -0.88569230 0.14669888
v -0.35738462 -0.90195441 0.17092308
v -0.35738462 -0.90319812 0.35738462
v -0.37500235 -0.88569230 0.38846153
v -0.35738462 -0.88569230 0.36130455
v -0.35738462 -0.85461539 0.03105416
v -0.35738462 -0.87052131 0.04661538
v -0.35738462 -0.87884486 0.13984616
v -0.35992092 -0.85461539 0.35738462
v -0.35738462 -0.86647904 0.35738462
v -0.35738462 -0.85461539 0.35455948
v -0.37283257 -0.85461539 0.38846153
v -0.38396710 -0.82353848 0.01553846
v -0.35738462 -0.82353848 0.02960857
v -0.37285829 -0.82353848 0.35738462
v -0.35738462 -0.82353848 0.34171882
v -0.37315798 -0.82353848 0.38846153
v -0.35738462 -0.79246151 0.00002655
v -0.35738462 -0.80944204 0.01553846
v -0.37295341 -0.79246151 0.35738462
v -0.35738462 -0.79246151 0.33964363
v -0.38781124 -0.79246151 0.38846153
v -0.35738462 -0.76138461 -0.02188878
v -0.35738462 -0.76773989 -0.01553846
v -0.36046281 -0.76138461 0.32630768
v -0.35738462 -0.76534307 0.32630768
v -0.35738462 -0.76138461 0.32322955
v -0.37291548 -0.76138461 0.35738462
v -0.35738462 -0.73030770 -0.03109210
v -0.37290400 -0.73030770 0.32630768
v -0.35738462 -0.73030770 0.30489028
v -0.38479754 -0.73030770 0.35738462
v -0.35738462 -0.69923079 -0.06069297
v -0.35738462 -0.71331590 -0.04661538
v -0.35738462 -0.70948035 0.32630768
v -0.37106505 -0.69923079 0.32630768
v -0.35738462 -0.69923079 0.33644032
v -0.35738462 -0.66815382 -0.06561974
v -0.35738462 -0.66815382 0.34693131
v -0.35738462 -0.63707691 -0.09321559
v -0.35738462 -0.65607405 -0.07769231
v -0.35738462 -0.63707691 0.34183857
v -0.36464694 -0.60600001 -0.10876923
v -0.35738462 -0.60600001 -0.11572883
v -0.35738462 -0.61295438 -0.10876923
v -0.37780356 -0.60600001 0.32630768
v -0.35738462 -0.62070888 0.32630768
v -0.35738462 -0.60600001 0.31163642
v -0.35738462 -0.57492310 -0.12439168
v -0.35738462 -0.58925128 0.29523078
v -0.35738462 -0.57492310 0.28085753
v -0.36042076 -0.54384613 -0.20200001
v -0.35738462 -0.54384613 -0.20585474
v -0.35738462 -0.54688233 -0.20200001
v -0.35738462 -0.55481392 -0.17092308
v -0.36832473 -0.54384613 -0.17092308
v -0.35738462 -0.55919814 -0.13984616
v -0.37244296 -0.54384613 -0.13984616
v -0.35738462 -0.55027795 0.26415384
v -0.35738462 -0.54384613 0.25772706
v -0.37205341 -0.51276922 -0.26415384
v -0.35738462 -0.51276922 -0.27942118
v -0.35738462 -0.52741158 -0.26415384
v -0.35738462 -0.53038007 -0.23307693
v -0.38413206 -0.51276922 -0.23307693
v -0.35738462 -0.51276922 0.23712988
v -0.37290031 -0.51276922 0.32630768
v -0.37286255 -0.51276922 0.35738462
v -0.37293446 -0.48169231 -0.29523078
v -0.35738462 -0.48169231 -0.31256342
v -0.35738462 -0.49783370 -0.29523078
v -0.36887991 -0.48169231 0.20200001
v -0.35738462 -0.48169231 0.20667925
v -0.35738462 -0.50872147 0.23307693
v -0.37295347 -0.48169231 0.32630768
v -0.37289658 -0.48169231 0.35738462
v -0.37044784 -0.45061538 -0.32630768
v -0.35738462 -0.45061538 -0.33935982
v -0.35738462 -0.46544871 -0.32630768
v -0.38750467 -0.45061538 -0.29523078
v -0.35738462 -0.45646620 0.17092308
v -0.35738462 -0.45061538 0.16506533
v -0.35738462 -0.47701496 0.20200001
v -0.37966621 -0.45061538 0.32630768
v -0.37289268 -0.41953847 -0.32630768
v -0.35738462 -0.41953847 -0.34177792
v -0.38221443 -0.41953847 0.10876923
v -0.35738462 -0.41953847 0.12470732
v -0.35738462 -0.43463546 0.13984616
v -0.37291548 -0.38846153 -0.32630768
v -0.35738462 -0.38846153 -0.34249592
v -0.37211356 -0.38846153 0.04661538
v -0.35738462 -0.38846153 0.06415732
v -0.35738462 -0.40128991 0.07769231
v -0.35738462 -0.40405330 0.10876923
v -0.37290406 -0.35738462 -0.32630768
v -0.35738462 -0.35738462 -0.34195736
v -0.37204114 -0.35738462 0.04661538
v -0.35738462 -0.35738462 0.06678177
v -0.36890131 -0.32630768 -0.35738462
v -0.35738462 -0.32630768 -0.36888719
v -0.35738462 -0.33796036 -0.35738462
v -0.35738462 -0.34316200 0.07769231
v -0.36870641 -0.32630768 0.07769231
v -0.35738462 -0.32630768 0.08899655
v -0.37119001 -0.29523078 -0.35738462
v -0.35738462 -0.29523078 -0.37119001
v -0.36905742 -0.29523078 0.07769231
v -0.35738462 -0.29523078 0.08935089
v -0.36498451 -0.26415384 -0.35738462
v -0.35738462 -0.26415384 -0.36497608
v -0.38294765 -0.26415384 -0.32630768
v -0.38757336 -0.26415384 0.04661538
v -0.35966057 -0.26415384 0.07769231
v -0.35738462 -0.26415384 0.07996833
v -0.35738462 -0.25220671 -0.35738462
v -0.37296131 -0.23307693 -0.32630768
v -0.35738462 -0.23307693 -0.34675148
v -0.37292686 -0.23307693 0.04661538
v -0.35738462 -0.23307693 0.06402965
v -0.35738462 -0.26130629 0.07769231
v -0.36272538 -0.20200001 -0.32630768
v -0.35738462 -0.20200001 -0.33164844
v -0.37876731 -0.20200001 -0.29523078
v -0.37294585 -0.20200001 0.04661538
v -0.35738462 -0.20200001 0.06778730
v -0.35738462 -0.18391344 -0.32630768
v -0.37429219 -0.17092308 -0.29523078
v -0.35738462 -0.17092308 -0.32227999
v -0.37294585 -0.17092308 0.04661538
v -0.35738462 -0.17092308 0.06529801
v -0.37290791 -0.13984616 -0.29523078
v -0.35738462 -0.13984616 -0.31370550
v -0.37908342 -0.13984616 0.01553846
v -0.37299100 -0.13984616 0.04661538
v -0.35738462 -0.13984616 0.06222177
v -0.37291548 -0.10876923 -0.29523078
v -0.35738462 -0.10876923 -0.31077302
v -0.37286267 -0.10876923 0.01553846
v -0.36681247 -0.10876923 0.04661538
v -0.35738462 -0.10876923 0.05603043
v -0.36982265 -0.07769231 -0.29523078
v -0.35738462 -0.07769231 -0.30767611
v -0.37798867 -0.07769231 -0.26415384
v -0.35738462 -0.08367109 0.04661538
v -0.35738462 -0.07769231 0.04026234
v -0.36170283 -0.04661538 -0.29523078
v -0.35738462 -0.04661538 -0.29955265
v -0.37350148 -0.04661538 -0.26415384
v -0.37452704 -0.04661538 -0.17092308
v -0.38827714 -0.04661538 -0.13984616
v -0.37803540 -0.04661538 0.04661538
v -0.35738462 -0.04661538 0.01582831
v -0.35738462 -0.03537190 -0.29523078
v -0.37290031 -0.01553846 -0.26415384
v -0.35738462 -0.01553846 -0.28833923
v -0.38718033 -0.01553846 -0.23307693
v -0.37303594 -0.01553846 -0.20200001
v -0.38443097 -0.01553846 -0.17092308
v -0.36784762 -0.01553846 0.04661538
v -0.35738462 -0.01553846 0.03616256
v -0.37290412 0.01553846 -0.26415384
v -0.35738462 0.01553846 -0.28057045
v -0.37268427 0.01553846 -0.23307693
v -0.37073287 0.01553846 -0.20200001
v -0.35738462 0.00052173 0.04661538
v -0.35738462 0.01553846 0.05661749
v -0.37096208 0.04661538 -0.26415384
v -0.35738462 0.04661538 -0.27773133
v -0.35862362 0.04661538 -0.23307693
v -0.35738462 0.04661538 0.05951091
v -0.35738462 0.06566681 -0.26415384
v -0.35738462 0.04885964 -0.23307693
v -0.35738462 0.07769231 -0.22227615
v -0.35738462 0.07769231 0.05110211
v -0.38372526 0.10876923 -0.20200001
v -0.35738462 0.10876923 -0.21760598
v -0.35738462 0.08215675 0.04661538
v -0.35738462 0.10876923 0.03102405
v -0.35738462 0.12484081 -0.20200001
v -0.35738462 0.13984616 -0.18687433
v -0.36739603 0.13984616 0.01553846
v -0.35738462 0.13984616 0.02181931
v -0.35738462 0.15539220 -0.17092308
v -0.37569386 0.17092308 -0.13984616
v -0.35738462 0.17092308 -0.15134090
v -0.35738462 0.16656557 -0.01553846
v -0.35738462 0.17092308 -0.01990332
v -0.35738462 0.14612451 0.01553846
v -0.35738462 0.18241072 -0.13984616
v -0.35738462 0.18645395 -0.10876923
v -0.35738462 0.18644637 -0.07769231
v -0.35738462 0.18642360 -0.04661538
v -0.37237236 0.32630768 -0.26415384
v -0.35738462 0.32630768 -0.27913022
v -0.35738462 0.31133139 -0.26415384
v -0.35738462 0.32293901 -0.23307693
v -0.36074305 0.32630768 -0.23307693
v -0.35738462 0.32630768 -0.22971849
v -0.38568631 0.35738462 -0.29523078
v -0.35738462 0.35738462 -0.31042776
v -0.35738462 0.34219527 -0.29523078
v -0.37288141 0.35738462 -0.26415384
v -0.35738462 0.35738462 -0.24866465
v -0.35738462 0.32965741 -0.23307693
v -0.35738462 0.38846153 -0.31076923
v -0.35923278 0.38846153 -0.26415384
v -0.35738462 0.38846153 -0.26230478
v -0.35738462 0.41953847 -0.31202513
v -0.36014143 0.41953847 -0.26415384
v -0.35738462 0.41953847 -0.26139462
v -0.36294019 0.41953847 -0.10876923
v -0.35738462 0.41953847 -0.11428941
v -0.35738462 0.41397402 -0.10876923
v -0.35738462 0.41230899 -0.07769231
v -0.36165416 0.41953847 -0.07769231
v -0.35738462 0.41953847 -0.07326242
v -0.35738462 0.45061538 -0.31068227
v -0.37120217 0.45061538 -0.26415384
v -0.35738462 0.45061538 -0.25017774
v -0.36262289 0.45061538 -0.13984616
v -0.35738462 0.45061538 -0.14509504
v -0.35738462 0.44540671 -0.13984616
v -0.37096110 0.45061538 -0.10876923
v -0.36486375 0.45061538 -0.07769231
v -0.35738462 0.45061538 -0.06786661
v -0.35738462 0.48169231 -0.30898169
v -0.35738462 0.46684700 -0.23307693
v -0.37210023 0.48169231 -0.23307693
v -0.35738462 0.48169231 -0.21329677
v -0.37191412 0.48169231 -0.13984616
v -0.35738462 0.48169231 -0.16410396
v -0.37272367 0.48169231 -0.10876923
v -0.36762187 0.48169231 -0.07769231
v -0.35738462 0.48169231 -0.06247802
v -0.35738462 0.51091689 -0.29523078
v -0.37307975 0.51276922 -0.26415384
v -0.35738462 0.51276922 -0.29374510
v -0.35936481 0.51276922 -0.23307693
v -0.35738462 0.51276922 -0.23107943
v -0.35878113 0.51276922 -0.17092308
v -0.35738462 0.51276922 -0.17232877
v -0.35738462 0.50780809 -0.17092308
v -0.37250525 0.51276922 -0.13984616
v -0.37289646 0.51276922 -0.10876923
v -0.36851478 0.51276922 -0.07769231
v -0.35738462 0.51276922 -0.06256343
v -0.37221640 0.54384613 -0.41953847
v -0.35738462 0.54384613 -0.43458554
v -0.35738462 0.52903700 -0.41953847
v -0.35738462 0.52400118 -0.38846153
v -0.37438101 0.54384613 -0.38846153
v -0.35738462 0.51806694 -0.35738462
v -0.35738462 0.51575381 -0.32630768
v -0.35738462 0.51425976 -0.29523078
v -0.35738462 0.52823526 -0.20200001
v -0.38740787 0.54384613 -0.20200001
v -0.37626657 0.54384613 -0.17092308
v -0.37180391 0.54384613 -0.13984616
v -0.37040895 0.54384613 -0.10876923
v -0.36422542 0.54384613 -0.07769231
v -0.35738462 0.54384613 -0.07083057
v -0.35801002 0.57492310 -0.45061538
v -0.35738462 0.57492310 -0.45124078
v -0.35738462 0.57428080 -0.45061538
v -0.37287015 0.57492310 -0.41953847
v -0.36885211 0.57492310 -0.07769231
v -0.35738462 0.57492310 -0.06409188
v -0.36060274 0.57492310 -0.01553846
v -0.35738462 0.57492310 -0.01966343
v -0.35738462 0.57171762 -0.01553846
v -0.35738462 0.56695539 0.01553846
v -0.36537257 0.57492310 0.01553846
v -0.35738462 0.57435012 0.04661538
v -0.35795841 0.57492310 0.04661538
v -0.35738462 0.57492310 0.04782909
v -0.36572477 0.60600001 -0.45061538
v -0.35738462 0.60600001 -0.45894364
v -0.37704042 0.60600001 -0.41953847
v -0.35738462 0.58821219 -0.04661538
v -0.37343633 0.60600001 -0.04661538
v -0.35738462 0.57911879 -0.01553846
v -0.35738462 0.60600001 -0.02867838
v -0.35738462 0.59404218 0.01553846
v -0.36559919 0.60600001 0.04661538
v -0.35738462 0.60600001 0.02721211
v -0.35738462 0.58676696 0.07769231
v -0.37072316 0.60600001 0.07769231
v -0.35738462 0.59093291 0.10876923
v -0.37220201 0.60600001 0.10876923
v -0.35738462 0.59117305 0.13984616
v -0.37218127 0.60600001 0.13984616
v -0.35738462 0.59750038 0.17092308
v -0.36587819 0.60600001 0.17092308
v -0.35738462 0.60600001 0.17939863
v -0.35738462 0.61790872 -0.45061538
v -0.37317795 0.63707691 -0.41953847
v -0.35738462 0.63707691 -0.43907499
v -0.35738462 0.61914718 -0.01553846
v -0.37305993 0.63707691 -0.01553846
v -0.35738462 0.63707691 0.00012922
v -0.35738462 0.61419398 0.04661538
v -0.35738462 0.61932743 0.07769231
v -0.35738462 0.62085527 0.10876923
v -0.35738462 0.62081558 0.13984616
v -0.35738462 0.61449963 0.17092308
v -0.35738462 0.65259641 -0.41953847
v -0.35738462 0.66111225 -0.38846153
v -0.37673587 0.66815382 -0.35738462
v -0.35738462 0.66815382 -0.38134468
v -0.35738462 0.65511477 0.01553846
v -0.37035322 0.66815382 0.01553846
v -0.35738462 0.66815382 0.02848864
v -0.35738462 0.68357778 -0.35738462
v -0.35738462 0.68439448 -0.32630768
v -0.36638680 0.69923079 -0.29523078
v -0.35738462 0.69923079 -0.30483177
v -0.37483865 0.69923079 -0.26415384
v -0.37470120 0.69923079 0.01553846
v -0.35738462 0.69923079 0.03620263
v -0.35738462 0.70823920 -0.29523078
v -0.35738462 0.71467465 -0.26415384
v -0.35763204 0.73030770 -0.23307693
v -0.35738462 0.73030770 -0.23332244
v -0.37294579 0.73030770 -0.20200001
v -0.37329218 0.73030770 -0.17092308
v -0.38156340 0.73030770 -0.13984616
v -0.38736632 0.73030770 -0.01553846
v -0.37362561 0.73030770 0.01553846
v -0.35738462 0.71527803 0.04661538
v -0.36734220 0.73030770 0.04661538
v -0.35738462 0.73030770 0.05657291
v -0.35738462 0.73055536 -0.23307693
v -0.35738462 0.74580085 -0.20200001
v -0.35738462 0.75639522 -0.17092308
v -0.36975324 0.76138461 -0.13984616
v -0.35738462 0.76138461 -0.16395281
v -0.37294579 0.76138461 -0.10876923
v -0.37290031 0.76138461 -0.07769231
v -0.37292686 0.76138461 -0.04661538
v -0.37294585 0.76138461 -0.01553846
v -0.37292308 0.76138461 0.01553846
v -0.36487165 0.76138461 0.04661538
v -0.35738462 0.76138461 0.05409132
v -0.35738462 0.77373147 -0.13984616
v -0.35738462 0.77847940 -0.10876923
v -0.35738462 0.78193498 -0.07769231
v -0.35738462 0.78405440 -0.04661538
v -0.35738462 0.78473496 -0.01553846
v -0.35738462 0.78393203 0.01553846
v -0.35738462 0.76969397 0.04661538
v -0.34185374 -0.94784617 0.23307693
v -0.34183857 -0.94784617 0.26415384
v -0.34187657 -0.94784617 0.29523078
v -0.34758204 -0.91676921 0.20200001
v -0.34183857 -0.91676921 0.23307693
v -0.34151274 -0.91676921 0.26415384
v -0.34177384 -0.91676921 0.29523078
v -0.34185374 -0.91676921 0.32630768
v -0.32630768 -0.88569230 0.07720958
v -0.32630768 -0.88617569 0.07769231
v -0.32630768 -0.90123075 0.10876923
v -0.32630768 -0.90113211 0.13984616
v -0.35050309 -0.88569230 0.13984616
v -0.32630768 -0.88569230 0.15961801
v -0.33757406 -0.88569230 0.17092308
v -0.34191051 -0.88569230 0.20200001
v -0.34155267 -0.88569230 0.23307693
v -0.34195167 -0.88569230 0.26415384
v -0.34184617 -0.88569230 0.29523078
v -0.34189928 -0.88569230 0.32630768
v -0.35347304 -0.88569230 0.35738462
v -0.34159660 -0.85461539 0.04661538
v -0.32630768 -0.85461539 0.06190430
v -0.32630768 -0.87443650 0.17092308
v -0.32630768 -0.86482918 0.20200001
v -0.32630768 -0.86178511 0.23307693
v -0.32630768 -0.85461539 0.24956211
v -0.33263418 -0.85461539 0.26415384
v -0.34181958 -0.85461539 0.29523078
v -0.34276205 -0.85461539 0.32630768
v -0.32630768 -0.82353848 0.03467844
v -0.32630768 -0.83570522 0.04661538
v -0.32630768 -0.83990508 0.26415384
v -0.32630768 -0.82353848 0.27135488
v -0.34138975 -0.82353848 0.29523078
v -0.34205332 -0.82353848 0.32630768
v -0.32630768 -0.79246151 0.01521316
v -0.32630768 -0.79278624 0.01553846
v -0.34171227 -0.79246151 0.29523078
v -0.32630768 -0.79246151 0.27589294
v -0.34404868 -0.79246151 0.32630768
v -0.34980240 -0.76138461 -0.01553846
v -0.32630768 -0.76138461 -0.00175927
v -0.33085629 -0.76138461 0.29523078
v -0.32630768 -0.76138461 0.29068595
v -0.32630768 -0.73030770 -0.03109962
v -0.32630768 -0.74763530 -0.01553846
v -0.32630768 -0.75685108 0.29523078
v -0.32630768 -0.74357766 0.32630768
v -0.33960012 -0.73030770 0.32630768
v -0.32630768 -0.73030770 0.33953670
v -0.32630768 -0.69923079 -0.05315633
v -0.32630768 -0.70576668 -0.04661538
v -0.32630768 -0.69923079 0.34191504
v -0.32630768 -0.66815382 -0.06449839
v -0.32630768 -0.66815382 0.34186891
v -0.32630768 -0.63707691 -0.09321180
v -0.32630768 -0.65494877 -0.07769231
v -0.33495021 -0.63707691 0.32630768
v -0.32630768 -0.64571333 0.32630768
v -0.32630768 -0.63707691 0.31765905
v -0.32630768 -0.60600001 -0.12366782
v -0.32630768 -0.62089103 -0.10876923
v -0.32630768 -0.60600001 0.29700166
v -0.32653204 -0.57492310 -0.13984616
v -0.32630768 -0.57492310 -0.14006659
v -0.32630768 -0.57514483 -0.13984616
v -0.32630768 -0.60422909 0.29523078
v -0.32630768 -0.57492310 0.27978277
v -0.34394827 -0.54384613 -0.23307693
v -0.32630768 -0.54384613 -0.25847712
v -0.32630768 -0.55941492 -0.23307693
v -0.32630768 -0.55936944 -0.20200001
v -0.32630768 -0.55932784 -0.17092308
v -0.32630768 -0.55917966 0.26415384
v -0.32630768 -0.54384613 0.24873748
v -0.34253943 -0.51276922 -0.29523078
v -0.32630768 -0.51276922 -0.31259161
v -0.32630768 -0.52839822 -0.29523078
v -0.32630768 -0.53815132 -0.26415384
v -0.34704813 -0.51276922 0.23307693
v -0.32630768 -0.51993096 0.23307693
v -0.32630768 -0.51276922 0.22590980
v -0.34362534 -0.48169231 -0.32630768
v -0.32630768 -0.48169231 -0.34386954
v -0.32630768 -0.49894884 -0.32630768
v -0.32630768 -0.48169231 0.20360208
v -0.34041247 -0.45061538 -0.35738462
v -0.32630768 -0.45061538 -0.37148941
v -0.32630768 -0.46676591 -0.35738462
v -0.32905662 -0.45061538 0.17092308
v -0.32630768 -0.45061538 0.17160806
v -0.32630768 -0.48008806 0.20200001
v -0.34179309 -0.41953847 -0.35738462
v -0.32630768 -0.41953847 -0.37290791
v -0.32630768 -0.42891136 0.13984616
v -0.32630768 -0.41953847 0.13048279
v -0.32630768 -0.44993100 0.17092308
v -0.34250730 -0.38846153 -0.35738462
v -0.32630768 -0.38846153 -0.37290031
v -0.34042606 -0.38846153 0.07769231
v -0.32630768 -0.38846153 0.08912660
v -0.32630768 -0.40403029 0.10876923
v -0.34196115 -0.35738462 -0.35738462
v -0.32630768 -0.35738462 -0.37290025
v -0.34726438 -0.35738462 0.07769231
v -0.32630768 -0.35738462 0.09554023
v -0.33684665 -0.32630768 -0.38846153
v -0.32630768 -0.32630768 -0.39902425
v -0.32630768 -0.33686703 -0.38846153
v -0.32630768 -0.32630768 0.10628907
v -0.34044859 -0.29523078 -0.38846153
v -0.32630768 -0.29523078 -0.40260994
v -0.32630768 -0.31280300 0.10876923
v -0.32945368 -0.29523078 0.10876923
v -0.32630768 -0.29523078 0.11192074
v -0.33397692 -0.26415384 -0.38846153
v -0.32630768 -0.26415384 -0.39613926
v -0.32630768 -0.29050261 0.10876923
v -0.32630768 -0.26415384 0.09679222
v -0.32630768 -0.25244546 -0.38846153
v -0.34681964 -0.23307693 -0.35738462
v -0.32630768 -0.23307693 -0.37757286
v -0.34372574 -0.23307693 0.07769231
v -0.32630768 -0.23307693 0.09342282
v -0.33357409 -0.20200001 -0.35738462
v -0.32630768 -0.20200001 -0.36465102
v -0.34747303 -0.20200001 0.07769231
v -0.32630768 -0.20200001 0.09685256
v -0.32630768 -0.18042478 -0.35738462
v -0.35335174 -0.17092308 -0.32630768
v -0.32630768 -0.17092308 -0.35370117
v -0.34499031 -0.17092308 0.07769231
v -0.32630768 -0.17092308 0.09572445
v -0.34477147 -0.13984616 -0.32630768
v -0.32630768 -0.13984616 -0.34411946
v -0.34183097 -0.13984616 0.07769231
v -0.32630768 -0.13984616 0.09320042
v -0.34181952 -0.10876923 -0.32630768
v -0.32630768 -0.10876923 -0.34181574
v -0.34158018 -0.10876923 0.07769231
v -0.32630768 -0.10876923 0.09297992
v -0.34028018 -0.07769231 -0.32630768
v -0.32630768 -0.07769231 -0.34028396
v -0.35445982 -0.07769231 0.04661538
v -0.33597678 -0.07769231 0.07769231
v -0.32630768 -0.07769231 0.08734196
v -0.33212805 -0.04661538 -0.32630768
v -0.32630768 -0.04661538 -0.33213034
v -0.35679105 -0.04661538 0.01553846
v -0.32630768 -0.05669632 0.01553846
v -0.32630768 -0.04661538 0.00540109
v -0.32630768 -0.06224833 0.04661538
v -0.32630768 -0.06368349 0.07769231
v -0.32630768 -0.03491187 -0.32630768
v -0.35049835 -0.01553846 -0.29523078
v -0.32630768 -0.01553846 -0.31773227
v -0.33664304 -0.01553846 0.01553846
v -0.32630768 -0.01553846 0.00520312
v -0.34272811 0.01553846 -0.29523078
v -0.32630768 0.01553846 -0.31072384
v -0.32630768 -0.00519636 0.01553846
v -0.34737262 0.01553846 0.04661538
v -0.32630768 0.01553846 0.03109210
v -0.33995703 0.04661538 -0.29523078
v -0.32630768 0.04661538 -0.30888757
v -0.33713099 0.04661538 0.04661538
v -0.32630768 0.04661538 0.03806788
v -0.32630768 0.06231531 -0.29523078
v -0.34716824 0.07769231 -0.26415384
v -0.32630768 0.07769231 -0.28174037
v -0.34658384 0.07769231 -0.23307693
v -0.34444368 0.07769231 0.04661538
v -0.32630768 0.07769231 0.04066719
v -0.32630768 0.10733882 -0.26415384
v -0.34179321 0.10876923 -0.23307693
v -0.32630768 0.10876923 -0.26272345
v -0.32630768 0.10876923 0.03106934
v -0.32630768 0.13685635 -0.23307693
v -0.34080914 0.13984616 -0.20200001
v -0.32630768 0.13984616 -0.22954285
v -0.32630768 0.13984616 0.02632062
v -0.32630768 0.15383281 -0.20200001
v -0.32630768 0.15857263 -0.17092308
v -0.32630768 0.17092308 -0.15858722
v -0.32630768 0.17043051 -0.01553846
v -0.32630768 0.17092308 -0.01603080
v -0.32630768 0.15060768 0.01553846
v -0.32630768 0.18649189 -0.13984616
v -0.32630768 0.18647292 -0.10876923
v -0.32630768 0.18646154 -0.07769231
v -0.32630768 0.18643878 -0.04661538
v -0.33513787 0.29523078 -0.20200001
v -0.32630768 0.29523078 -0.22882250
v -0.32630768 0.28638819 -0.20200001
v -0.32630768 0.29523078 -0.19151196
v -0.33148509 0.29523078 -0.07769231
v -0.32630768 0.29523078 -0.08290367
v -0.32630768 0.29006180 -0.07769231
v -0.32630768 0.27971494 -0.04661538
v -0.34188402 0.29523078 -0.04661538
v -0.32630768 0.27694079 -0.01553846
v -0.34183097 0.29523078 -0.01553846
v -0.32630768 0.27808052 0.01553846
v -0.34182718 0.29523078 0.01553846
v -0.32630768 0.28683275 0.04661538
v -0.33470866 0.29523078 0.04661538
v -0.32630768 0.29523078 0.05488074
v -0.32630768 0.32630768 -0.27858216
v -0.32630768 0.31188324 -0.26415384
v -0.32630768 0.29707149 -0.23307693
v -0.34140623 0.32630768 -0.20200001
v -0.32630768 0.32630768 -0.17916627
v -0.33130038 0.32630768 -0.10876923
v -0.32630768 0.32630768 -0.11376192
v -0.32630768 0.32127789 -0.10876923
v -0.34183857 0.32630768 -0.07769231
v -0.34185374 0.32630768 -0.04661538
v -0.34182718 0.32630768 -0.01553846
v -0.34183857 0.32630768 0.01553846
v -0.34183857 0.32630768 0.04661538
v -0.32630768 0.32630768 0.06881239
v -0.33176142 0.35738462 -0.29523078
v -0.32630768 0.35738462 -0.28998041
v -0.34172055 0.35738462 -0.23307693
v -0.32630768 0.35738462 -0.21450782
v -0.32630768 0.34455121 -0.20200001
v -0.33860841 0.35738462 -0.10876923
v -0.32630768 0.35738462 -0.12206528
v -0.34183478 0.35738462 -0.07769231
v -0.34186897 0.35738462 -0.04661538
v -0.34185752 0.35738462 -0.01553846
v -0.34182718 0.35738462 0.01553846
v -0.34167728 0.35738462 0.04661538
v -0.32630768 0.35738462 0.06561844
v -0.32630768 0.38846153 -0.30939117
v -0.32630768 0.36345717 -0.29523078
v -0.33632022 0.38846153 -0.23307693
v -0.32630768 0.38846153 -0.22306107
v -0.34184617 0.38846153 -0.10876923
v -0.32630768 0.38846153 -0.12823154
v -0.34667423 0.38846153 -0.07769231
v -0.34185374 0.38846153 -0.04661538
v -0.34182718 0.38846153 -0.01553846
v -0.34144533 0.38846153 0.01553846
v -0.32630768 0.38846153 0.04345427
v -0.32630768 0.38538152 0.04661538
v -0.32630768 0.41953847 -0.31079951
v -0.34147361 0.41953847 -0.23307693
v -0.32630768 0.41953847 -0.21630223
v -0.33784565 0.41953847 -0.13984616
v -0.32630768 0.41953847 -0.15146905
v -0.32630768 0.40400639 -0.13984616
v -0.34217152 0.41953847 -0.04661538
v -0.33307335 0.41953847 -0.01553846
v -0.32630768 0.41953847 -0.00351036
v -0.32630768 0.40968135 0.01553846
v -0.32630768 0.45061538 -0.30647960
v -0.34198380 0.45061538 -0.23307693
v -0.32630768 0.43696493 -0.20200001
v -0.33840296 0.45061538 -0.20200001
v -0.32630768 0.44083342 -0.17092308
v -0.33607322 0.45061538 -0.17092308
v -0.34471634 0.45061538 -0.04661538
v -0.33527154 0.45061538 -0.01553846
v -0.32630768 0.45061538 -0.00656525
v -0.32630768 0.46243045 -0.29523078
v -0.34303260 0.48169231 -0.29523078
v -0.32630768 0.48169231 -0.28029117
v -0.34683850 0.48169231 -0.20200001
v -0.35122278 0.48169231 -0.17092308
v -0.34683511 0.48169231 -0.04661538
v -0.33655477 0.48169231 -0.01553846
v -0.32630768 0.48169231 -0.00529132
v -0.34179297 0.51276922 -0.41953847
v -0.32630768 0.51276922 -0.44754255
v -0.32630768 0.49726504 -0.41953847
v -0.32630768 0.49723837 -0.38846153
v -0.34617367 0.51276922 -0.38846153
v -0.32630768 0.49725354 -0.35738462
v -0.35209769 0.51276922 -0.35738462
v -0.32630768 0.49723837 -0.32630768
v -0.35440263 0.51276922 -0.32630768
v -0.32630768 0.49663946 -0.29523078
v -0.35589337 0.51276922 -0.29523078
v -0.34082603 0.51276922 -0.20200001
v -0.34585020 0.51276922 -0.04661538
v -0.32630768 0.51276922 -0.03067949
v -0.32630768 0.49230412 -0.01553846
v -0.34206933 0.54384613 -0.45061538
v -0.32630768 0.54384613 -0.47216827
v -0.32630768 0.51582849 -0.45061538
v -0.34188420 0.54384613 -0.04661538
v -0.32630768 0.54384613 -0.03109210
v -0.33506989 0.57492310 -0.48169231
v -0.32630768 0.57492310 -0.49044532
v -0.32630768 0.56031251 -0.48169231
v -0.34172428 0.57492310 -0.04661538
v -0.35185358 0.57492310 -0.01553846
v -0.32630768 0.57492310 -0.02852687
v -0.34945136 0.57492310 0.01553846
v -0.35681492 0.57492310 0.04661538
v -0.33591616 0.60600001 -0.48169231
v -0.32630768 0.60600001 -0.49129429
v -0.34420049 0.60600001 -0.01553846
v -0.32630768 0.58570403 -0.01553846
v -0.35064197 0.58597887 -0.00235581
v -0.32630768 0.59048420 0.01553846
v -0.35188511 0.60600001 0.01553846
v -0.32630768 0.59049934 0.04661538
v -0.32630768 0.59043133 0.07769231
v -0.32630768 0.59037060 0.10876923
v -0.32630768 0.59057629 0.13984616
v -0.32630768 0.59238678 0.17092308
v -0.32630768 0.59688854 0.20200001
v -0.33543164 0.60600001 0.20200001
v -0.32630768 0.60600001 0.21354821
v -0.32630768 0.61579996 -0.48169231
v -0.34589720 0.63707691 -0.45061538
v -0.32630768 0.63707691 -0.46641460
v -0.34194514 0.63707691 0.01553846
v -0.33829039 0.63707691 0.04661538
v -0.34024709 0.63707691 0.07769231
v -0.34004131 0.63707691 0.10876923
v -0.33840087 0.63707691 0.13984616
v -0.33424076 0.63707691 0.17092308
v -0.32630768 0.63707691 0.19822291
v -0.32630768 0.63390517 0.20200001
v -0.32630768 0.65266079 -0.45061538
v -0.32630768 0.65817261 -0.41953847
v -0.35036954 0.66815382 -0.38846153
v -0.32630768 0.66815382 -0.40959013
v -0.32854578 0.66815382 0.04661538
v -0.32630768 0.66815382 0.04885549
v -0.32630768 0.65100503 0.07769231
v -0.32630768 0.65078062 0.10876923
v -0.32630768 0.64917010 0.13984616
v -0.32630768 0.64499849 0.17092308
v -0.32630768 0.68372256 -0.38846153
v -0.32630768 0.69077229 -0.35738462
v -0.34254831 0.69923079 -0.32630768
v -0.32630768 0.69923079 -0.34892613
v -0.34697860 0.69923079 0.04661538
v -0.32630768 0.69923079 0.06219178
v -0.32630768 0.71476543 -0.32630768
v -0.32802784 0.73030770 -0.29523078
v -0.32630768 0.73030770 -0.29695091
v -0.34175533 0.73030770 -0.26415384
v -0.32630768 0.72726345 0.07769231
v -0.32933852 0.73030770 0.07769231
v -0.32630768 0.73030770 0.08072846
v -0.32630768 0.73202783 -0.29523078
v -0.32630768 0.74736655 -0.26415384
v -0.33753878 0.76138461 -0.23307693
v -0.32630768 0.76138461 -0.24577275
v -0.34177059 0.76138461 -0.20200001
v -0.35239726 0.76138461 -0.17092308
v -0.33713377 0.76138461 0.07769231
v -0.32630768 0.76138461 0.08851844
v -0.32630768 0.77260870 -0.23307693
v -0.32630768 0.78805554 -0.20200001
v -0.34161124 0.79246151 -0.17092308
v -0.32630768 0.79246151 -0.19748215
v -0.34182346 0.79246151 -0.13984616
v -0.34338751 0.79246151 -0.10876923
v -0.34687844 0.79246151 -0.07769231
v -0.34897754 0.79246151 -0.04661538
v -0.34965238 0.79246151 -0.01553846
v -0.34885508 0.79246151 0.01553846
v -0.34292591 0.79246151 0.04661538
v -0.32630768 0.79246151 0.07415113
v -0.32630768 0.78644717 0.07769231
v -0.32630768 0.80825430 -0.17092308
v -0.32630768 0.82182425 -0.13984616
v -0.33714712 0.82353848 -0.10876923
v -0.32630768 0.82353848 -0.13679446
v -0.34041551 0.82353848 -0.07769231
v -0.34168535 0.82353848 -0.04661538
v -0.34186134 0.82353848 -0.01553846
v -0.34181201 0.82353848 0.01553846
v -0.34047702 0.82353848 0.04661538
v -0.32630768 0.82353848 0.06078472
v -0.32630768 0.83438474 -0.10876923
v -0.32630768 0.83765388 -0.07769231
v -0.32630768 0.83888584 -0.04661538
v -0.32630768 0.83917212 -0.01553846
v -0.32630768 0.83977151 0.01553846
v -0.32630768 0.83770031 0.04661538
v -0.32582456 -0.88569230 0.07769231
v -0.30060270 -0.88569230 0.10876923
v -0.29523078 -0.88569230 0.11438620
v -0.29523078 -0.90083653 0.13984616
v -0.29523078 -0.90132517 0.17092308
v -0.31512845 -0.88569230 0.17092308
v -0.29523078 -0.88569230 0.19692776
v -0.30701596 -0.85461539 0.07769231
v -0.29523078 -0.85461539 0.08949897
v -0.29523078 -0.88032472 0.10876923
v -0.29523078 -0.88056415 0.20200001
v -0.29523078 -0.86117017 0.23307693
v -0.29523078 -0.85461539 0.23963174
v -0.31434929 -0.82353848 0.04661538
v -0.29523078 -0.82353848 0.06277315
v -0.29523078 -0.84221226 0.07769231
v -0.29523078 -0.83318734 0.26415384
v -0.29523078 -0.82353848 0.27380919
v -0.32598233 -0.79246151 0.01553846
v -0.29523078 -0.79246151 0.03316161
v -0.29523078 -0.80592275 0.04661538
v -0.29523078 -0.80593479 0.29523078
v -0.30884317 -0.79246151 0.29523078
v -0.29523078 -0.79246151 0.30870399
v -0.29523078 -0.76138461 0.00649044
v -0.29523078 -0.77043259 0.01553846
v -0.32174385 -0.76138461 0.29523078
v -0.29523078 -0.76138461 0.32171345
v -0.29959244 -0.73030770 -0.01553846
v -0.29523078 -0.73030770 -0.01116211
v -0.29523078 -0.75248307 0.32630768
v -0.29523078 -0.73030770 0.33567271
v -0.31860366 -0.69923079 -0.04661538
v -0.29523078 -0.69923079 -0.03271213
v -0.29523078 -0.72592771 -0.01553846
v -0.29565737 -0.69923079 0.32630768
v -0.29523078 -0.70019990 0.32630768
v -0.29523078 -0.69923079 0.32588258
v -0.29523078 -0.66815382 -0.06214247
v -0.29523078 -0.68530869 -0.04661538
v -0.31068939 -0.66815382 0.32630768
v -0.29523078 -0.66815382 0.31004110
v -0.29523078 -0.63707691 -0.09328370
v -0.29523078 -0.65267593 -0.07769231
v -0.30096149 -0.63707691 0.29523078
v -0.29523078 -0.64330035 0.29523078
v -0.29523078 -0.63707691 0.28950012
v -0.29523078 -0.60600001 -0.12322415
v -0.29523078 -0.62045497 -0.10876923
v -0.32453847 -0.60600001 0.29523078
v -0.29523078 -0.60600001 0.27969232
v -0.29523078 -0.57492310 -0.16497381
v -0.29523078 -0.58611077 -0.13984616
v -0.30171648 -0.57492310 0.26415384
v -0.29523078 -0.58146369 0.26415384
v -0.29523078 -0.57492310 0.25760815
v -0.32066238 -0.54384613 -0.26415384
v -0.29523078 -0.54384613 -0.28744465
v -0.29523078 -0.55947524 -0.26415384
v -0.29523078 -0.55935049 -0.23307693
v -0.29523078 -0.56361097 -0.20200001
v -0.29523078 -0.57126755 -0.17092308
v -0.29523078 -0.54384613 0.24819145
v -0.31248730 -0.51276922 -0.32630768
v -0.29523078 -0.51276922 -0.34182340
v -0.29523078 -0.52830011 -0.32630768
v -0.29523078 -0.53600323 -0.29523078
v -0.29523078 -0.52871650 0.23307693
v -0.29523078 -0.51276922 0.21752329
v -0.31278515 -0.48169231 -0.35738462
v -0.29523078 -0.48169231 -0.37289268
v -0.29523078 -0.49720037 -0.35738462
v -0.32385314 -0.48169231 0.20200001
v -0.29523078 -0.49376225 0.20200001
v -0.29523078 -0.48169231 0.18993728
v -0.30200621 -0.45061538 -0.38846153
v -0.29523078 -0.45061538 -0.39523959
v -0.29523078 -0.45738566 -0.38846153
v -0.32431567 -0.45061538 0.17092308
v -0.29523078 -0.45830745 0.17092308
v -0.29523078 -0.45061538 0.16323659
v -0.31080705 -0.41953847 -0.38846153
v -0.29523078 -0.41953847 -0.40402269
v -0.29523078 -0.42875910 0.13984616
v -0.29523078 -0.41953847 0.13062233
v -0.31072366 -0.38846153 -0.38846153
v -0.29523078 -0.38846153 -0.40396202
v -0.29523078 -0.40395430 0.10876923
v -0.29523078 -0.38846153 0.09328020
v -0.31077683 -0.35738462 -0.38846153
v -0.29523078 -0.35738462 -0.40398481
v -0.29523078 -0.37300286 0.10876923
v -0.31310827 -0.35738462 0.10876923
v -0.29523078 -0.35738462 0.12434563
v -0.29523078 -0.32630768 -0.41813442
v -0.32382971 -0.32630768 0.10876923
v -0.29523078 -0.32630768 0.12433425
v -0.29768586 -0.29523078 -0.41953847
v -0.29523078 -0.29523078 -0.42199135
v -0.29523078 -0.31524548 -0.41953847
v -0.29523078 -0.29523078 0.12441450
v -0.29523078 -0.28950176 -0.41953847
v -0.29523078 -0.26415384 -0.41099492
v -0.31332877 -0.26415384 0.10876923
v -0.29523078 -0.26415384 0.12327395
v -0.31543958 -0.23307693 -0.38846153
v -0.29523078 -0.23307693 -0.40409851
v -0.31097639 -0.23307693 0.10876923
v -0.29523078 -0.23307693 0.12431528
v -0.29523078 -0.20736837 -0.38846153
v -0.29523078 -0.20200001 -0.38305628
v -0.31438023 -0.20200001 0.10876923
v -0.29523078 -0.20200001 0.12431148
v -0.32262579 -0.17092308 -0.35738462
v -0.29523078 -0.17092308 -0.37520751
v -0.31324446 -0.17092308 0.10876923
v -0.29523078 -0.17092308 0.12428872
v -0.31303507 -0.13984616 -0.35738462
v -0.29523078 -0.13984616 -0.37291169
v -0.31088191 -0.13984616 0.10876923
v -0.29523078 -0.13984616 0.12443549
v -0.31037641 -0.10876923 -0.35738462
v -0.29523078 -0.10876923 -0.37253785
v -0.30802613 -0.10876923 0.10876923
v -0.29523078 -0.10876923 0.12194335
v -0.30101117 -0.07769231 -0.35738462
v -0.29523078 -0.07769231 -0.36316502
v -0.31076923 -0.07769231 0.10876923
v -0.29523078 -0.07769231 0.12653488
v -0.29523078 -0.06716450 -0.35738462
v -0.29523078 -0.04661538 -0.34780228
v -0.31615698 -0.04661538 0.01553846
v -0.31081417 -0.04661538 0.04661538
v -0.31526616 -0.04661538 0.07769231
v -0.31079572 -0.04661538 0.10876923
v -0.29523078 -0.04745649 0.13984616
v -0.29586649 -0.04661538 0.13984616
v -0.29523078 -0.04661538 0.14048277
v -0.31773227 -0.01553846 -0.32630768
v -0.29523078 -0.01553846 -0.34183097
v -0.31598574 -0.01553846 0.01553846
v -0.29666632 -0.01553846 0.04661538
v -0.30847982 -0.01553846 0.07769231
v -0.29523078 -0.01553846 0.10415328
v -0.29523078 -0.01909564 0.10876923
v -0.29523078 -0.04576568 0.13984616
v -0.31073141 0.01553846 -0.32630768
v -0.29523078 0.01553846 -0.34185374
v -0.29523078 -0.01410153 0.04661538
v -0.29523078 0.01553846 0.02782595
v -0.29523078 -0.00151565 0.07769231
v -0.29523078 0.04251323 -0.32630768
v -0.29523078 0.04661538 -0.32220554
v -0.29523078 0.04661538 0.03111865
v -0.31281355 0.07769231 -0.29523078
v -0.29523078 0.07769231 -0.31075785
v -0.29523078 0.07769231 0.03182485
v -0.29523078 0.09387508 -0.29523078
v -0.32487461 0.10876923 -0.26415384
v -0.29523078 0.10876923 -0.28032523
v -0.29523078 0.10876923 0.03107692
v -0.29523078 0.12560047 -0.26415384
v -0.32332054 0.13984616 -0.23307693
v -0.29523078 0.13984616 -0.24993080
v -0.29523078 0.13984616 0.02382457
v -0.29523078 0.15536945 -0.23307693
v -0.30284315 0.17092308 -0.20200001
v -0.29523078 0.17092308 -0.20967379
v -0.31394279 0.17092308 -0.17092308
v -0.29523078 0.16444567 -0.01553846
v -0.29523078 0.17092308 -0.02196856
v -0.29523078 0.14813226 0.01553846
v -0.29523078 0.17862225 -0.20200001
v -0.29523078 0.18643878 -0.17092308
v -0.29523078 0.19105129 -0.13984616
v -0.29523078 0.19479257 -0.10876923
v -0.29523078 0.18685359 -0.07769231
v -0.29523078 0.18655235 -0.04661538
v -0.30896285 0.26415384 -0.07769231
v -0.29523078 0.26415384 -0.09673265
v -0.29523078 0.25041437 -0.07769231
v -0.29523078 0.24861918 -0.04661538
v -0.31070492 0.26415384 -0.04661538
v -0.29523078 0.24822251 -0.01553846
v -0.31353551 0.26415384 -0.01553846
v -0.29523078 0.24847764 0.01553846
v -0.31239980 0.26415384 0.01553846
v -0.29523078 0.24852493 0.04661538
v -0.31087106 0.26415384 0.04661538
v -0.29523078 0.26415384 0.06839024
v -0.29523078 0.29523078 -0.21548431
v -0.29523078 0.28220189 -0.20200001
v -0.29523078 0.28012538 -0.17092308
v -0.31226984 0.29523078 -0.17092308
v -0.29523078 0.28442952 -0.13984616
v -0.30601132 0.29523078 -0.13984616
v -0.29523078 0.27453980 -0.10876923
v -0.31082264 0.29523078 -0.10876923
v -0.29523078 0.27355444 0.07769231
v -0.31058511 0.29523078 0.07769231
v -0.29523078 0.29523078 0.09395937
v -0.30553511 0.32630768 -0.26415384
v -0.29523078 0.32630768 -0.25481057
v -0.29523078 0.31030002 -0.23307693
v -0.31839147 0.32630768 -0.17092308
v -0.31077683 0.32630768 -0.13984616
v -0.31743401 0.32630768 0.07769231
v -0.29523078 0.32149589 0.10876923
v -0.29966754 0.32630768 0.10876923
v -0.29523078 0.32630768 0.11915366
v -0.29523078 0.35738462 -0.29406092
v -0.29523078 0.33564141 -0.26415384
v -0.31389153 0.35738462 -0.20200001
v -0.31078818 0.35738462 -0.17092308
v -0.31178787 0.35738462 -0.13984616
v -0.31440109 0.35738462 0.07769231
v -0.31082222 0.35738462 0.10876923
v -0.29523078 0.33405417 0.13984616
v -0.31069738 0.35738462 0.13984616
v -0.29523078 0.34002155 0.17092308
v -0.31089702 0.35738462 0.17092308
v -0.29523078 0.35738462 0.18657416
v -0.29523078 0.38846153 -0.31614882
v -0.29523078 0.35855114 -0.29523078
v -0.31078440 0.38846153 -0.20200001
v -0.31079200 0.38846153 -0.17092308
v -0.31470019 0.38846153 -0.13984616
v -0.32328877 0.38846153 0.04661538
v -0.31077302 0.38846153 0.07769231
v -0.31075785 0.38846153 0.10876923
v -0.31073889 0.38846153 0.13984616
v -0.30001873 0.38846153 0.17092308
v -0.29523078 0.38846153 0.17571104
v -0.30095389 0.41953847 -0.32630768
v -0.29523078 0.41953847 -0.33203083
v -0.29523078 0.40969700 -0.32630768
v -0.31238246 0.41953847 -0.20200001
v -0.31080717 0.41953847 -0.17092308
v -0.31679454 0.41953847 0.01553846
v -0.31075406 0.41953847 0.04661538
v -0.30070868 0.41953847 0.07769231
v -0.31090841 0.41953847 0.10876923
v -0.30717120 0.41953847 0.13984616
v -0.29523078 0.41953847 0.15178654
v -0.29523078 0.39325541 0.17092308
v -0.30494717 0.45061538 -0.32630768
v -0.29523078 0.45061538 -0.33604696
v -0.31077302 0.45061538 0.01553846
v -0.30707276 0.45061538 0.04661538
v -0.29523078 0.45061538 0.05852589
v -0.29523078 0.42506534 0.07769231
v -0.29523078 0.44866726 0.10876923
v -0.29523078 0.43147528 0.13984616
v -0.30482110 0.48169231 -0.32630768
v -0.29523078 0.48169231 -0.34487474
v -0.31135669 0.48169231 -0.29523078
v -0.31076923 0.48169231 0.01553846
v -0.30271181 0.48169231 0.04661538
v -0.29523078 0.48169231 0.05409370
v -0.30742538 0.51276922 -0.48169231
v -0.29523078 0.51276922 -0.49387607
v -0.29523078 0.50057822 -0.48169231
v -0.29523078 0.49505919 -0.45061538
v -0.32324705 0.51276922 -0.45061538
v -0.29523078 0.48746222 -0.41953847
v -0.29523078 0.48496735 -0.38846153
v -0.29523078 0.48887733 -0.35738462
v -0.31117806 0.51276922 -0.01553846
v -0.31076163 0.51276922 0.01553846
v -0.30445716 0.51276922 0.04661538
v -0.29523078 0.51276922 0.05584182
v -0.31678364 0.54384613 -0.48169231
v -0.29523078 0.54384613 -0.50225627
v -0.31075406 0.54384613 -0.01553846
v -0.31076545 0.54384613 0.01553846
v -0.30479857 0.54384613 0.04661538
v -0.29523078 0.54384613 0.05619616
v -0.29806942 0.57492310 -0.51276922
v -0.29523078 0.57492310 -0.51561040
v -0.29523078 0.56981647 -0.51276922
v -0.31551298 0.57492310 -0.01553846
v -0.31067070 0.57492310 0.01553846
v -0.30131999 0.57492310 0.04661538
v -0.29523078 0.57492310 0.05272374
v -0.29523078 0.58665979 -0.51276922
v -0.29523078 0.60600001 -0.50835294
v -0.29523078 0.59960651 0.07769231
v -0.29601371 0.60600001 0.10876923
v -0.29523078 0.60600001 0.10593472
v -0.30232185 0.60600001 0.13984616
v -0.30714098 0.60600001 0.17092308
v -0.31454977 0.60600001 0.20200001
v -0.30405164 0.63707691 -0.48169231
v -0.29523078 0.63707691 -0.49032688
v -0.29523078 0.60678738 0.10876923
v -0.29523078 0.61301053 0.13984616
v -0.29523078 0.61616784 0.17092308
v -0.32490194 0.63707691 0.20200001
v -0.29523078 0.61863238 0.20200001
v -0.29523078 0.62123108 0.23307693
v -0.31346136 0.63707691 0.23307693
v -0.29523078 0.62476915 0.26415384
v -0.30754945 0.63707691 0.26415384
v -0.29523078 0.63707691 0.27646530
v -0.29523078 0.64572364 -0.48169231
v -0.29523078 0.65277249 -0.45061538
v -0.31540883 0.66815382 -0.41953847
v -0.29523078 0.66815382 -0.43420619
v -0.30475572 0.66815382 0.07769231
v -0.29849076 0.66815382 0.10876923
v -0.29523078 0.66815382 0.11795560
v -0.29523078 0.66135931 0.13984616
v -0.29523078 0.65485752 0.17092308
v -0.29523078 0.65264571 0.20200001
v -0.29523078 0.65266079 0.23307693
v -0.29523078 0.64937377 0.26415384
v -0.29523078 0.68265748 -0.41953847
v -0.29523078 0.69322848 -0.38846153
v -0.31783718 0.69923079 -0.35738462
v -0.29523078 0.69923079 -0.38244981
v -0.30855194 0.69923079 0.07769231
v -0.29523078 0.69923079 0.09097632
v -0.29523078 0.67141098 0.10876923
v -0.29523078 0.71484178 -0.35738462
v -0.30948806 0.73030770 -0.32630768
v -0.29523078 0.73030770 -0.34065598
v -0.29523078 0.73030770 0.09321559
v -0.29523078 0.74454993 -0.32630768
v -0.30416629 0.76138461 -0.29523078
v -0.29523078 0.76138461 -0.30415383
v -0.31230846 0.76138461 -0.26415384
v -0.29523078 0.76138461 0.09480877
v -0.29523078 0.77031386 -0.29523078
v -0.29523078 0.79152155 -0.26415384
v -0.31075028 0.79246151 -0.23307693
v -0.29523078 0.79246151 -0.26321304
v -0.32190537 0.79246151 -0.20200001
v -0.32276806 0.79246151 0.07769231
v -0.29523078 0.79246151 0.09323077
v -0.29523078 0.81110406 -0.23307693
v -0.30952042 0.82353848 -0.20200001
v -0.29523078 0.82353848 -0.21944265
v -0.31125838 0.82353848 -0.17092308
v -0.32459348 0.82353848 -0.13984616
v -0.30280370 0.82353848 0.07769231
v -0.29523078 0.82353848 0.08527079
v -0.29523078 0.83782810 -0.20200001
v -0.29523078 0.84616405 -0.17092308
v -0.30731472 0.85461539 -0.13984616
v -0.29523078 0.85461539 -0.15942702
v -0.31076163 0.85461539 -0.10876923
v -0.31076163 0.85461539 -0.07769231
v -0.31073141 0.85461539 -0.04661538
v -0.31084925 0.85461539 -0.01553846
v -0.31148273 0.85461539 0.01553846
v -0.31074268 0.85461539 0.04661538
v -0.29523078 0.85461539 0.06216523
v -0.29523078 0.83113378 0.07769231
v -0.29523078 0.86670285 -0.13984616
v -0.29523078 0.87015003 -0.10876923
v -0.29523078 0.87052280 -0.07769231
v -0.29523078 0.87419260 -0.04661538
v -0.29523078 0.87862432 -0.01553846
v -0.29523078 0.88247794 0.01553846
v -0.29523078 0.87171775 0.04661538
v -0.28011310 -0.88569230 0.13984616
v -0.27959409 -0.88569230 0.17092308
v -0.27967712 -0.85461539 0.10876923
v -0.26415384 -0.85461539 0.13341393
v -0.26415384 -0.86104262 0.13984616
v -0.26415384 -0.86976820 0.17092308
v -0.26415384 -0.86896485 0.20200001
v -0.27239278 -0.85461539 0.23307693
v -0.26415384 -0.85461539 0.22992969
v -0.28032678 -0.82353848 0.07769231
v -0.26728728 -0.82353848 0.10876923
v -0.26415384 -0.82353848 0.11195156
v -0.26415384 -0.85186875 0.23307693
v -0.26415384 -0.82795662 0.26415384
v -0.26415384 -0.82353848 0.26857206
v -0.28178447 -0.79246151 0.04661538
v -0.26415384 -0.79246151 0.07084871
v -0.26415384 -0.79930520 0.07769231
v -0.26415384 -0.82039815 0.10876923
v -0.27779168 -0.79246151 0.29523078
v -0.26415384 -0.79246151 0.28359470
v -0.28617653 -0.76138461 0.01553846
v -0.26415384 -0.76138461 0.03723827
v -0.26415384 -0.77074897 0.04661538
v -0.26517496 -0.76138461 0.29523078
v -0.26415384 -0.76138461 0.29421160
v -0.26415384 -0.73030770 0.00685439
v -0.26415384 -0.73899788 0.01553846
v -0.26856926 -0.73030770 0.29523078
v -0.26415384 -0.73030770 0.29083747
v -0.28587854 -0.73030770 0.32630768
v -0.26415384 -0.69923079 -0.02252402
v -0.26415384 -0.70622158 -0.01553846
v -0.27973771 -0.69923079 0.29523078
v -0.26415384 -0.69923079 0.27977481
v -0.26415384 -0.66815382 -0.05118545
v -0.26415384 -0.67271245 -0.04661538
v -0.28047740 -0.66815382 0.29523078
v -0.26415384 -0.66815382 0.27815390
v -0.26415384 -0.63707691 -0.08021053
v -0.26415384 -0.63959628 -0.07769231
v -0.26415384 -0.63707691 0.26772609
v -0.26415384 -0.60600001 -0.11562333
v -0.26415384 -0.61285669 -0.10876923
v -0.27887952 -0.60600001 0.26415384
v -0.26415384 -0.63316339 0.26415384
v -0.26415384 -0.60600001 0.24942057
v -0.27519718 -0.57492310 -0.20200001
v -0.26415384 -0.57492310 -0.21451415
v -0.26415384 -0.58235967 -0.20200001
v -0.26415384 -0.58838427 -0.17092308
v -0.29061851 -0.57492310 -0.17092308
v -0.26415384 -0.59032375 -0.13984616
v -0.26415384 -0.57492310 0.24624868
v -0.28622898 -0.54384613 -0.29523078
v -0.26415384 -0.54384613 -0.31127504
v -0.26415384 -0.55794710 -0.29523078
v -0.26415384 -0.55936563 -0.26415384
v -0.26415384 -0.56501591 -0.23307693
v -0.27893764 -0.54384613 0.23307693
v -0.26415384 -0.56058061 0.23307693
v -0.26415384 -0.54384613 0.21869668
v -0.27487040 -0.51276922 -0.35738462
v -0.26415384 -0.51276922 -0.36811486
v -0.26415384 -0.52349603 -0.35738462
v -0.26415384 -0.53025639 -0.32630768
v -0.26415384 -0.51276922 0.20673236
v -0.27555579 -0.48169231 -0.38846153
v -0.26415384 -0.48169231 -0.39987403
v -0.26415384 -0.49310833 -0.38846153
v -0.26415384 -0.50803298 0.20200001
v -0.26415384 -0.48169231 0.18657452
v -0.26415384 -0.45061538 -0.40466458
v -0.26415384 -0.46616131 0.17092308
v -0.26415384 -0.45061538 0.15524900
v -0.26415384 -0.41953847 -0.41662481
v -0.26415384 -0.43427339 0.13984616
v -0.26415384 -0.41953847 0.12512639
v -0.26880151 -0.38846153 -0.41953847
v -0.26415384 -0.38846153 -0.42418227
v -0.26415384 -0.40803477 -0.41953847
v -0.26944423 -0.38846153 0.10876923
v -0.26415384 -0.38846153 0.11403174
v -0.26827183 -0.35738462 -0.41953847
v -0.26415384 -0.35738462 -0.42366692
v -0.26415384 -0.36418784 0.13984616
v -0.27096230 -0.35738462 0.13984616
v -0.26415384 -0.35738462 0.14665467
v -0.29382804 -0.32630768 -0.41953847
v -0.26415384 -0.32630768 -0.43504670
v -0.27683315 -0.32630768 0.13984616
v -0.26415384 -0.32630768 0.15252912
v -0.26415384 -0.29523078 -0.43505421
v -0.27845168 -0.29523078 0.13984616
v -0.26415384 -0.29523078 0.15404549
v -0.28668723 -0.26415384 -0.41953847
v -0.26415384 -0.26415384 -0.43506175
v -0.26415384 -0.27797469 0.13984616
v -0.26415384 -0.26415384 0.12733555
v -0.27474734 -0.23307693 -0.41953847
v -0.26415384 -0.23307693 -0.43009782
v -0.26415384 -0.23307693 0.13281821
v -0.26415384 -0.22252440 -0.41953847
v -0.28982332 -0.20200001 -0.38846153
v -0.26415384 -0.20200001 -0.40398481
v -0.26415384 -0.21293668 0.13984616
v -0.26841366 -0.20200001 0.13984616
v -0.26415384 -0.20200001 0.14410420
v -0.28196186 -0.17092308 -0.38846153
v -0.26415384 -0.17092308 -0.40398863
v -0.26989210 -0.17092308 0.13984616
v -0.26415384 -0.17092308 0.14559127
v -0.27660647 -0.13984616 -0.38846153
v -0.26415384 -0.13984616 -0.40090689
v -0.26487434 -0.13984616 0.13984616
v -0.26415384 -0.13984616 0.14056729
v -0.26415384 -0.11345477 -0.38846153
v -0.26415384 -0.10876923 -0.38516682
v -0.28009674 -0.10876923 0.13984616
v -0.26415384 -0.10876923 0.15542255
v -0.26415384 -0.07769231 -0.37378812
v -0.28189725 -0.07769231 0.13984616
v -0.26415384 -0.07769231 0.16033071
v -0.28564200 -0.04661538 -0.35738462
v -0.26415384 -0.04661538 -0.37291548
v -0.26415384 -0.05677688 0.17092308
v -0.27039593 -0.04661538 0.17092308
v -0.26415384 -0.04661538 0.17716765
v -0.27915162 -0.01553846 -0.35738462
v -0.26415384 -0.01553846 -0.37239754
v -0.29166433 -0.01553846 0.10876923
v -0.28199157 -0.01553846 0.13984616
v -0.26415384 -0.01553846 0.16069621
v -0.26415384 -0.03610317 0.17092308
v -0.26415384 0.01362081 -0.35738462
v -0.26415384 0.01553846 -0.35558516
v -0.27970749 0.01553846 0.04661538
v -0.28047740 0.01553846 0.07769231
v -0.27427432 0.01553846 0.10876923
v -0.26415384 0.01553846 0.12826617
v -0.26415384 0.00861674 0.13984616
v -0.29112518 0.04661538 -0.32630768
v -0.26415384 0.04661538 -0.34184617
v -0.27971128 0.04661538 0.04661538
v -0.27977169 0.04661538 0.07769231
v -0.26415384 0.04661538 0.09328365
v -0.26415384 0.02565224 0.10876923
v -0.26415384 0.07759462 -0.32630768
v -0.26415384 0.07769231 -0.32621002
v -0.27761734 0.07769231 0.04661538
v -0.26415384 0.07769231 0.07308051
v -0.26415384 0.07436617 0.07769231
v -0.27735323 0.10876923 -0.29523078
v -0.26415384 0.10876923 -0.30780071
v -0.27477229 0.10876923 0.04661538
v -0.26415384 0.10876923 0.05724402
v -0.26415384 0.12134278 -0.29523078
v -0.27683765 0.13984616 -0.26415384
v -0.26415384 0.13984616 -0.27559668
v -0.26415384 0.11970004 0.04661538
v -0.26415384 0.13984616 0.03148959
v -0.26415384 0.15128542 -0.26415384
v -0.26415384 0.16258077 -0.23307693
v -0.26415384 0.17092308 -0.22475247
v -0.28883505 0.17092308 -0.01553846
v -0.26415384 0.17092308 0.00019288
v -0.26415384 0.15553257 0.01553846
v -0.26415384 0.18648431 -0.20200001
v -0.26415384 0.18715090 -0.17092308
v -0.26415384 0.20190327 -0.13984616
v -0.28091249 0.20200001 -0.10876923
v -0.26415384 0.20200001 -0.13957426
v -0.26564199 0.20200001 -0.07769231
v -0.26415384 0.20200001 -0.07602604
v -0.26415384 0.18775681 -0.04661538
v -0.26415384 0.18658578 -0.01553846
v -0.26415384 0.21009749 -0.10876923
v -0.26415384 0.21698946 -0.07769231
v -0.26415384 0.21814923 -0.04661538
v -0.27779636 0.23307693 -0.04661538
v -0.26415384 0.23307693 -0.07577424
v -0.26415384 0.21755363 -0.01553846
v -0.28006616 0.23307693 -0.01553846
v -0.26415384 0.21755363 0.01553846
v -0.27980730 0.23307693 0.01553846
v -0.26415384 0.22086850 0.04661538
v -0.27637678 0.23307693 0.04661538
v -0.26415384 0.23307693 0.06159583
v -0.28190958 0.26415384 -0.29523078
v -0.26415384 0.26415384 -0.31628418
v -0.26415384 0.24854687 -0.29523078
v -0.26415384 0.24799573 -0.26415384
v -0.28485495 0.26415384 -0.26415384
v -0.26415384 0.25402632 -0.23307693
v -0.27428144 0.26415384 -0.23307693
v -0.26415384 0.26415384 -0.22293268
v -0.27198130 0.26415384 -0.13984616
v -0.26415384 0.26415384 -0.14767928
v -0.26415384 0.25632641 -0.13984616
v -0.26415384 0.24864574 -0.10876923
v -0.28485832 0.26415384 -0.10876923
v -0.26415384 0.23459755 -0.07769231
v -0.26415384 0.24585485 0.07769231
v -0.28583664 0.26415384 0.07769231
v -0.26415384 0.26415384 0.09772769
v -0.27206588 0.29523078 -0.32630768
v -0.26415384 0.29523078 -0.33421972
v -0.26415384 0.28225651 -0.32630768
v -0.28180116 0.29523078 -0.29523078
v -0.28629366 0.29523078 -0.26415384
v -0.28015774 0.29523078 -0.23307693
v -0.26415384 0.29523078 -0.20586677
v -0.26926520 0.29523078 -0.20200001
v -0.26415384 0.29523078 -0.19815302
v -0.26415384 0.27964690 -0.17092308
v -0.26415384 0.27506131 0.10876923
v -0.28057486 0.29523078 0.10876923
v -0.26415384 0.29523078 0.12440526
v -0.26594484 0.32630768 -0.32630768
v -0.26415384 0.32630768 -0.32809708
v -0.27973029 0.32630768 -0.29523078
v -0.28589070 0.32630768 -0.26415384
v -0.26415384 0.29909095 -0.20200001
v -0.26415384 0.31082994 0.13984616
v -0.28747582 0.32630768 0.13984616
v -0.26415384 0.31077683 0.17092308
v -0.28139076 0.32630768 0.17092308
v -0.26415384 0.32630768 0.20056485
v -0.27968472 0.35738462 -0.32630768
v -0.26415384 0.35738462 -0.34214383
v -0.29405928 0.35738462 -0.29523078
v -0.26415384 0.33101493 0.20200001
v -0.27077404 0.35738462 0.20200001
v -0.26415384 0.35738462 0.20862535
v -0.27038378 0.38846153 -0.35738462
v -0.26415384 0.38846153 -0.36361703
v -0.26415384 0.38204354 -0.35738462
v -0.28504521 0.38846153 -0.32630768
v -0.26415384 0.36400998 0.20200001
v -0.26415384 0.38846153 0.18606547
v -0.27950048 0.41953847 -0.35738462
v -0.26415384 0.41953847 -0.37273884
v -0.26415384 0.40362290 0.17092308
v -0.26415384 0.41953847 0.15147510
v -0.27979431 0.45061538 -0.35738462
v -0.26415384 0.45061538 -0.37302509
v -0.27977625 0.45061538 0.07769231
v -0.26415384 0.45061538 0.09771927
v -0.26415384 0.43956542 0.10876923
v -0.26415384 0.43116385 0.13984616
v -0.26862031 0.48169231 -0.48169231
v -0.26415384 0.48169231 -0.48613647
v -0.26415384 0.47722954 -0.48169231
v -0.26415384 0.46618798 -0.45061538
v -0.28184155 0.48169231 -0.45061538
v -0.26415384 0.46609351 -0.41953847
v -0.28951326 0.48169231 -0.41953847
v -0.26415384 0.46602190 -0.38846153
v -0.29199812 0.48169231 -0.38846153
v -0.28803489 0.48169231 -0.35738462
v -0.27967712 0.48169231 0.07769231
v -0.26415384 0.48169231 0.09337658
v -0.27538413 0.51276922 -0.51276922
v -0.26415384 0.51276922 -0.52401704
v -0.26415384 0.50157380 -0.51276922
v -0.27968472 0.51276922 0.07769231
v -0.26415384 0.51276922 0.09321180
v -0.28472459 0.54384613 -0.51276922
v -0.26415384 0.54384613 -0.52831531
v -0.27972266 0.54384613 0.07769231
v -0.26415384 0.53142267 0.10876923
v -0.27657002 0.54384613 0.10876923
v -0.26415384 0.54384613 0.12118547
v -0.26415384 0.57492310 -0.52966475
v -0.27971500 0.57492310 0.07769231
v -0.27973777 0.57492310 0.10876923
v -0.26415384 0.57492310 0.12432287
v -0.29081446 0.60600001 -0.51276922
v -0.26415384 0.60600001 -0.52828497
v -0.29425809 0.60600001 0.10876923
v -0.26415384 0.60600001 0.12250634
v -0.26415384 0.62309527 -0.51276922
v -0.26415384 0.63707691 -0.49879503
v -0.26415384 0.62167382 0.13984616
v -0.26415384 0.62155366 0.17092308
v -0.26415384 0.62159890 0.20200001
v -0.26415384 0.62150812 0.23307693
v -0.26415384 0.62150812 0.26415384
v -0.26415384 0.63112348 0.29523078
v -0.27012604 0.63707691 0.29523078
v -0.26415384 0.63707691 0.30118418
v -0.26415384 0.65260780 -0.48169231
v -0.26882741 0.66815382 -0.45061538
v -0.26415384 0.66815382 -0.45520157
v -0.28844142 0.66815382 0.13984616
v -0.28195676 0.66815382 0.17092308
v -0.27577674 0.66815382 0.20200001
v -0.26415384 0.66815382 0.23156247
v -0.26415384 0.66723615 0.23307693
v -0.26415384 0.65523899 0.26415384
v -0.26415384 0.64303035 0.29523078
v -0.26415384 0.67274386 -0.45061538
v -0.26415384 0.68751079 -0.41953847
v -0.28921428 0.69923079 -0.38846153
v -0.26415384 0.69923079 -0.40779346
v -0.26415384 0.68482292 0.10876923
v -0.26415384 0.69923079 0.09439907
v -0.26415384 0.68368471 0.13984616
v -0.26415384 0.68369234 0.17092308
v -0.26415384 0.67974120 0.20200001
v -0.26415384 0.71511549 -0.38846153
v -0.27980658 0.73030770 -0.35738462
v -0.26415384 0.73030770 -0.37331873
v -0.26415384 0.71756935 0.10876923
v -0.27576983 0.73030770 0.10876923
v -0.26415384 0.73030770 0.12039937
v -0.26415384 0.74578583 -0.35738462
v -0.27969232 0.76138461 -0.32630768
v -0.26415384 0.76138461 -0.34177828
v -0.28047764 0.76138461 0.10876923
v -0.26415384 0.76138461 0.12351839
v -0.26415384 0.77697253 -0.32630768
v -0.27940673 0.79246151 -0.29523078
v -0.26415384 0.79246151 -0.31052545
v -0.29429126 0.79246151 -0.26415384
v -0.26415384 0.79119271 0.10876923
v -0.26415384 0.79246151 0.10761954
v -0.26415384 0.80771440 -0.29523078
v -0.27221915 0.82353848 -0.26415384
v -0.26415384 0.82353848 -0.27221915
v -0.28281459 0.82353848 -0.23307693
v -0.26415384 0.82353848 0.09322318
v -0.26415384 0.83160371 -0.26415384
v -0.26415384 0.84138376 -0.23307693
v -0.27811423 0.85461539 -0.20200001
v -0.26415384 0.85461539 -0.21827838
v -0.28678533 0.85461539 -0.17092308
v -0.26958558 0.85461539 0.07769231
v -0.26415384 0.85461539 0.08311308
v -0.26415384 0.86857581 -0.20200001
v -0.26415384 0.87084663 -0.17092308
v -0.26848516 0.88569230 -0.13984616
v -0.26415384 0.88569230 -0.14451510
v -0.27958146 0.88569230 -0.10876923
v -0.28006124 0.88569230 -0.07769231
v -0.28373814 0.88569230 -0.04661538
v -0.28816277 0.88569230 -0.01553846
v -0.29201636 0.88569230 0.01553846
v -0.28126374 0.88569230 0.04661538
v -0.26415384 0.88569230 0.06215764
v -0.26415384 0.86003828 0.07769231
v -0.26415384 0.89001817 -0.13984616
v -0.26415384 0.90111995 -0.10876923
v -0.26415384 0.90122318 -0.07769231
v -0.26415384 0.90234786 -0.04661538
v -0.26415384 0.90690345 -0.01553846
v -0.26415384 0.91076422 0.01553846
v -0.26415384 0.90134162 0.04661538
v -0.25771663 -0.85461539 0.13984616
v -0.24901241 -0.85461539 0.17092308
v -0.24980438 -0.85461539 0.20200001
v -0.24874158 -0.82353848 0.13984616
v -0.24861538 -0.82353848 0.17092308
v -0.24863809 -0.82353848 0.20200001
v -0.24866471 -0.82353848 0.23307693
v -0.25973755 -0.82353848 0.26415384
v -0.25730497 -0.79246151 0.07769231
v -0.24864952 -0.79246151 0.10876923
v -0.24777322 -0.79246151 0.13984616
v -0.24559452 -0.79246151 0.17092308
v -0.24855836 -0.79246151 0.20200001
v -0.24863809 -0.79246151 0.23307693
v -0.24862297 -0.79246151 0.26415384
v -0.25478312 -0.76138461 0.04661538
v -0.24800077 -0.76138461 0.07769231
v -0.23307693 -0.76138461 0.10464894
v -0.23307693 -0.76522362 0.10876923
v -0.23307693 -0.77477056 0.13984616
v -0.23307693 -0.77628005 0.17092308
v -0.23307693 -0.76138461 0.20157559
v -0.23334183 -0.76138461 0.20200001
v -0.24857745 -0.76138461 0.23307693
v -0.24863815 -0.76138461 0.26415384
v -0.25546977 -0.73030770 0.01553846
v -0.24153641 -0.73030770 0.04661538
v -0.23307693 -0.73030770 0.05530017
v -0.23307693 -0.74617147 0.07769231
v -0.23307693 -0.76106542 0.20200001
v -0.23307693 -0.73030770 0.22070776
v -0.24407519 -0.73030770 0.23307693
v -0.24856246 -0.73030770 0.26415384
v -0.25715774 -0.69923079 -0.01553846
v -0.23307693 -0.69923079 0.01326208
v -0.23307693 -0.70150512 0.01553846
v -0.23307693 -0.72184521 0.04661538
v -0.23788682 -0.69923079 0.23307693
v -0.23307693 -0.69923079 0.22825316
v -0.24849506 -0.69923079 0.26415384
v -0.25958574 -0.66815382 -0.04661538
v -0.23307693 -0.66815382 -0.02614084
v -0.23307693 -0.67875278 -0.01553846
v -0.23518431 -0.66815382 0.23307693
v -0.23307693 -0.66815382 0.23096770
v -0.25016132 -0.66815382 0.26415384
v -0.26162425 -0.63707691 -0.07769231
v -0.23307693 -0.63707691 -0.06171059
v -0.23307693 -0.65213406 -0.04661538
v -0.23963204 -0.63707691 0.23307693
v -0.23307693 -0.63707691 0.22652186
v -0.26057851 -0.63707691 0.26415384
v -0.25577947 -0.60600001 -0.10876923
v -0.23307693 -0.60600001 -0.09525269
v -0.23307693 -0.62155372 -0.07769231
v -0.24744584 -0.60600001 0.23307693
v -0.23307693 -0.60600001 0.21869290
v -0.24218956 -0.57492310 -0.23307693
v -0.23307693 -0.57492310 -0.23894095
v -0.23307693 -0.57996351 -0.23307693
v -0.23307693 -0.58997744 -0.20200001
v -0.23307693 -0.59051079 -0.17092308
v -0.23307693 -0.59046155 -0.13984616
v -0.23307693 -0.59250212 -0.10876923
v -0.25096732 -0.57492310 0.23307693
v -0.23307693 -0.57492310 0.21684566
v -0.24127778 -0.54384613 -0.32630768
v -0.23307693 -0.54384613 -0.33307388
v -0.23307693 -0.55061233 -0.32630768
v -0.23307693 -0.55938464 -0.29523078
v -0.23307693 -0.56077987 -0.26415384
v -0.23861867 -0.54384613 0.20200001
v -0.23307693 -0.54979891 0.20200001
v -0.23307693 -0.54384613 0.19645819
v -0.23307693 -0.51276922 -0.37838671
v -0.23307693 -0.52829629 -0.35738462
v -0.25941557 -0.51276922 0.20200001
v -0.23307693 -0.51276922 0.18658578
v -0.23307693 -0.48169231 -0.40466493
v -0.23307693 -0.50270104 -0.38846153
v -0.24255593 -0.48169231 0.17092308
v -0.23307693 -0.49116498 0.17092308
v -0.23307693 -0.48169231 0.16134799
v -0.24789318 -0.45061538 -0.41953847
v -0.23307693 -0.45061538 -0.43369287
v -0.23307693 -0.46543574 -0.41953847
v -0.23307693 -0.45061538 0.15002134
v -0.26123375 -0.41953847 -0.41953847
v -0.23307693 -0.41953847 -0.43503520
v -0.23307693 -0.44044352 0.13984616
v -0.23307693 -0.41953847 0.12430769
v -0.23307693 -0.38846153 -0.43506932
v -0.23307693 -0.38846153 0.13537697
v -0.23307693 -0.35738462 -0.43508452
v -0.23307693 -0.38398117 0.13984616
v -0.23307693 -0.35738462 0.16565274
v -0.24056993 -0.32630768 -0.45061538
v -0.23307693 -0.32630768 -0.45813614
v -0.23307693 -0.33383402 -0.45061538
v -0.23307693 -0.34444171 0.17092308
v -0.24000654 -0.32630768 0.17092308
v -0.23307693 -0.32630768 0.17783697
v -0.24284454 -0.29523078 -0.45061538
v -0.23307693 -0.29523078 -0.46040589
v -0.24593298 -0.29523078 0.17092308
v -0.23307693 -0.29523078 0.18377177
v -0.23307693 -0.26603571 -0.45061538
v -0.23307693 -0.26415384 -0.44972181
v -0.25162506 -0.26415384 0.13984616
v -0.23492007 -0.26415384 0.17092308
v -0.23307693 -0.26415384 0.17276450
v -0.23307693 -0.23307693 -0.43625399
v -0.25717333 -0.23307693 0.13984616
v -0.23307693 -0.23307693 0.15544507
v -0.23307693 -0.26231235 0.17092308
v -0.24212489 -0.20200001 -0.41953847
v -0.23307693 -0.20200001 -0.42859271
v -0.23307693 -0.20200001 0.15536945
v -0.23307693 -0.18205585 -0.41953847
v -0.23307693 -0.17092308 -0.41373548
v -0.23307693 -0.17092308 0.15537703
v -0.23307693 -0.13984616 -0.40431759
v -0.23307693 -0.13984616 0.15535438
v -0.26085770 -0.10876923 -0.38846153
v -0.23307693 -0.10876923 -0.40399620
v -0.23307693 -0.10876923 0.16010204
v -0.24898793 -0.07769231 -0.38846153
v -0.23307693 -0.07769231 -0.40351063
v -0.23307693 -0.09390401 0.17092308
v -0.24953349 -0.07769231 0.17092308
v -0.23307693 -0.07769231 0.18234220
v -0.23822901 -0.04661538 -0.38846153
v -0.23307693 -0.04661538 -0.39361778
v -0.23307693 -0.04661538 0.18645395
v -0.23307693 -0.03902789 -0.38846153
v -0.23307693 -0.01553846 -0.37662446
v -0.25029215 -0.01553846 0.17092308
v -0.23307693 -0.01553846 0.18270175
v -0.26235273 0.01553846 -0.35738462
v -0.23307693 0.01553846 -0.37291929
v -0.25633809 0.01553846 0.13984616
v -0.23307693 0.01553846 0.15416546
v -0.23307693 -0.00375978 0.17092308
v -0.23972645 0.04661538 -0.35738462
v -0.23307693 0.04661538 -0.36403415
v -0.23307693 0.03172124 0.10876923
v -0.23307693 0.04661538 0.09389405
v -0.23307693 0.02983512 0.13984616
v -0.23307693 0.05326753 -0.35738462
v -0.26405594 0.07769231 -0.32630768
v -0.23307693 0.07769231 -0.34183097
v -0.25835744 0.07769231 0.07769231
v -0.23307693 0.07769231 0.08840843
v -0.23307693 0.09555172 -0.32630768
v -0.23307693 0.10876923 -0.31310502
v -0.23307693 0.08838804 0.07769231
v -0.23307693 0.10876923 0.06213120
v -0.23307693 0.12722424 -0.29523078
v -0.23307693 0.13984616 -0.28260517
v -0.23307693 0.12453827 0.04661538
v -0.23307693 0.13984616 0.03132256
v -0.23307693 0.15536945 -0.26415384
v -0.25241506 0.17092308 -0.23307693
v -0.23307693 0.17092308 -0.24477801
v -0.23307693 0.15543772 0.01553846
v -0.23307693 0.17092308 -0.00219743
v -0.23307693 0.18264201 -0.23307693
v -0.23307693 0.18641613 -0.20200001
v -0.23307693 0.19626246 -0.17092308
v -0.26392937 0.20200001 -0.13984616
v -0.23307693 0.20200001 -0.16019374
v -0.24579765 0.20200001 -0.07769231
v -0.23307693 0.20099992 -0.07769231
v -0.23307693 0.20200001 -0.07938424
v -0.23307693 0.18741348 -0.04661538
v -0.23307693 0.19445483 -0.01553846
v -0.23307693 0.21424410 -0.13984616
v -0.24659567 0.23307693 -0.10876923
v -0.23307693 0.23307693 -0.12553065
v -0.23307693 0.20300150 -0.07769231
v -0.26262972 0.23307693 -0.07769231
v -0.25056148 0.21129093 -0.07581313
v -0.23307693 0.21659790 -0.04661538
v -0.23307693 0.20804127 -0.01553846
v -0.23307693 0.20290725 0.01553846
v -0.23307693 0.20962021 0.04661538
v -0.23307693 0.21753088 0.07769231
v -0.25138327 0.23307693 0.07769231
v -0.23307693 0.23307693 0.09760298
v -0.25054637 0.26415384 -0.32630768
v -0.23307693 0.26415384 -0.33809680
v -0.23307693 0.25234327 -0.32630768
v -0.23307693 0.24405682 -0.29523078
v -0.23307693 0.24256772 -0.26415384
v -0.23307693 0.24862297 -0.23307693
v -0.23307693 0.26415384 -0.21690749
v -0.24712564 0.26415384 -0.17092308
v -0.23307693 0.26415384 -0.18558428
v -0.23307693 0.25013518 -0.17092308
v -0.23307693 0.24542737 -0.13984616
v -0.23307693 0.24425018 0.10876923
v -0.25311232 0.26415384 0.10876923
v -0.23307693 0.26415384 0.12427355
v -0.23307693 0.29523078 -0.34188420
v -0.23307693 0.27904621 -0.20200001
v -0.26030028 0.29523078 -0.20200001
v -0.23307693 0.28461933 0.13984616
v -0.24367474 0.29523078 0.13984616
v -0.23307693 0.27617520 0.17092308
v -0.24860021 0.29523078 0.17092308
v -0.23307693 0.28181672 0.20200001
v -0.24644250 0.29523078 0.20200001
v -0.23307693 0.29523078 0.21537304
v -0.23624064 0.32630768 -0.35738462
v -0.23307693 0.32630768 -0.36054561
v -0.23307693 0.32312998 -0.35738462
v -0.26271674 0.32630768 0.20200001
v -0.23307693 0.32630768 0.21864429
v -0.24889788 0.35738462 -0.35738462
v -0.23307693 0.35738462 -0.37291929
v -0.23307693 0.35738462 0.21754985
v -0.23307693 0.38846153 -0.38725725
v -0.23307693 0.37274325 0.20200001
v -0.23307693 0.38846153 0.18584555
v -0.24648435 0.41953847 -0.38846153
v -0.23307693 0.41953847 -0.40186149
v -0.23307693 0.39002934 -0.38846153
v -0.25134206 0.41953847 0.13984616
v -0.23307693 0.40521109 0.13984616
v -0.23307693 0.41953847 0.12555648
v -0.23307693 0.40357122 0.17092308
v -0.24861918 0.45061538 -0.38846153
v -0.23307693 0.45061538 -0.40390930
v -0.25309691 0.45061538 0.10876923
v -0.23307693 0.45061538 0.12430011
v -0.23943152 0.48169231 -0.51276922
v -0.23307693 0.48169231 -0.51915836
v -0.23307693 0.47530809 -0.51276922
v -0.23307693 0.46615386 -0.48169231
v -0.23307693 0.46621430 -0.45061538
v -0.23307693 0.46622178 -0.41953847
v -0.24873073 0.48169231 0.10876923
v -0.23307693 0.48169231 0.12423929
v -0.23307693 0.51276922 -0.53487992
v -0.24875824 0.51276922 0.10876923
v -0.23307693 0.51276922 0.12443537
v -0.24623562 0.54384613 -0.54384613
v -0.23307693 0.54384613 -0.55700856
v -0.23307693 0.52382487 -0.54384613
v -0.23307693 0.54384613 0.12420100
v -0.25000253 0.57492310 -0.54384613
v -0.23307693 0.57492310 -0.55940729
v -0.23307693 0.57492310 0.13548295
v -0.23877588 0.60600001 -0.54384613
v -0.23307693 0.60600001 -0.54955417
v -0.23307693 0.57925713 0.13984616
v -0.24854046 0.60600001 0.13984616
v -0.23307693 0.60600001 0.15542232
v -0.23307693 0.61170805 -0.54384613
v -0.23584451 0.63707691 -0.51276922
v -0.23307693 0.63707691 -0.51506799
v -0.23307693 0.62230867 0.17092308
v -0.23307693 0.62248319 0.20200001
v -0.23307693 0.62270415 0.23307693
v -0.23307693 0.62360072 0.26415384
v -0.23307693 0.62790656 0.29523078
v -0.23307693 0.63707691 0.30440113
v -0.23307693 0.63937569 -0.51276922
v -0.23307693 0.65337992 -0.48169231
v -0.23307693 0.66815382 -0.46690324
v -0.26323178 0.66815382 0.23307693
v -0.24949282 0.66815382 0.26415384
v -0.23307693 0.66815382 0.29463091
v -0.23307693 0.66703355 0.29523078
v -0.23307693 0.68367332 -0.45061538
v -0.25225288 0.69923079 -0.41953847
v -0.23307693 0.69923079 -0.43488488
v -0.24979874 0.69923079 0.10876923
v -0.23585506 0.69923079 0.13984616
v -0.23307693 0.69923079 0.14417058
v -0.23307693 0.68748850 0.17092308
v -0.23307693 0.68371129 0.20200001
v -0.23307693 0.68366957 0.23307693
v -0.23307693 0.68194431 0.26415384
v -0.23307693 0.71456957 -0.41953847
v -0.24900346 0.73030770 -0.38846153
v -0.23307693 0.73030770 -0.40400758
v -0.23307693 0.70201135 0.13984616
v -0.23307693 0.73030770 0.12432287
v -0.23307693 0.74583858 -0.38846153
v -0.24853240 0.76138461 -0.35738462
v -0.23307693 0.76138461 -0.37290037
v -0.23307693 0.76138461 0.12434563
v -0.23307693 0.77702999 -0.35738462
v -0.24866477 0.79246151 -0.32630768
v -0.23307693 0.79246151 -0.34196827
v -0.26300955 0.79246151 0.10876923
v -0.23307693 0.79246151 0.12437586
v -0.23307693 0.80799240 -0.32630768
v -0.24668534 0.82353848 -0.29523078
v -0.23307693 0.82353848 -0.30882424
v -0.23307693 0.82070547 0.10876923
v -0.23307693 0.82353848 0.10592370
v -0.23307693 0.83714682 -0.29523078
v -0.23307693 0.84664452 -0.26415384
v -0.25091109 0.85461539 -0.23307693
v -0.23307693 0.85461539 -0.25618005
v -0.23307693 0.85461539 0.09323456
v -0.23307693 0.87015003 -0.23307693
v -0.23307693 0.87927961 -0.20200001
v -0.24923599 0.88569230 -0.17092308
v -0.23307693 0.88569230 -0.19553979
v -0.23307693 0.87932730 0.07769231
v -0.23307693 0.88569230 0.07133227
v -0.23307693 0.90115845 -0.17092308
v -0.23307693 0.90113282 -0.13984616
v -0.23307693 0.91152936 -0.10876923
v -0.24422030 0.91676921 -0.07769231
v -0.23307693 0.91676921 -0.10049628
v -0.24973254 0.91676921 -0.04661538
v -0.25428149 0.91676921 -0.01553846
v -0.25814879 0.91676921 0.01553846
v -0.24660189 0.91676921 0.04661538
v -0.23307693 0.91676921 0.06001285
v -0.23307693 0.92790562 -0.07769231
v -0.23307693 0.93230009 -0.04661538
v -0.23307693 0.93231529 -0.01553846
v -0.23307693 0.93231529 0.01553846
v -0.23307693 0.93017417 0.04661538
v -0.22923464 -0.76138461 0.10876923
v -0.22051084 -0.76138461 0.13984616
v -0.22116594 -0.76138461 0.17092308
v -0.21781664 -0.73030770 0.07769231
v -0.21753846 -0.73030770 0.10876923
v -0.21753088 -0.73030770 0.13984616
v -0.21754226 -0.73030770 0.17092308
v -0.21898121 -0.73030770 0.20200001
v -0.23080054 -0.69923079 0.01553846
v -0.21754226 -0.69923079 0.04661538
v -0.21451594 -0.69923079 0.07769231
v -0.21002945 -0.69923079 0.10876923
v -0.21248619 -0.69923079 0.13984616
v -0.21753088 -0.69923079 0.17092308
v -0.21754985 -0.69923079 0.20200001
v -0.22247455 -0.66815382 -0.01553846
v -0.21208188 -0.66815382 0.01553846
v -0.20200001 -0.66815382 0.02996470
v -0.20200001 -0.67922902 0.04661538
v -0.20200001 -0.68672210 0.07769231
v -0.20200001 -0.69118088 0.10876923
v -0.20200001 -0.68522805 0.13984616
v -0.20200001 -0.66815382 0.15867127
v -0.21094464 -0.66815382 0.17092308
v -0.21754605 -0.66815382 0.20200001
v -0.21797413 -0.63707691 -0.04661538
v -0.20200001 -0.63707691 -0.02630663
v -0.20200001 -0.64780372 -0.01553846
v -0.20200001 -0.65807527 0.01553846
v -0.20200001 -0.64776403 0.17092308
v -0.20200001 -0.63707691 0.17635974
v -0.21753088 -0.63707691 0.20200001
v -0.20729055 -0.60600001 -0.07769231
v -0.20200001 -0.60600001 -0.07239956
v -0.20200001 -0.62155753 -0.04661538
v -0.21754226 -0.60600001 0.20200001
v -0.20200001 -0.60600001 0.18207060
v -0.20200001 -0.57492310 -0.25442138
v -0.20200001 -0.58719271 -0.23307693
v -0.20200001 -0.59041983 -0.20200001
v -0.20200001 -0.59046531 -0.17092308
v -0.20200001 -0.59045017 -0.13984616
v -0.20200001 -0.59044260 -0.10876923
v -0.20200001 -0.60072231 -0.07769231
v -0.21823126 -0.57492310 0.20200001
v -0.20200001 -0.57492310 0.18098481
v -0.20200001 -0.54384613 -0.34715080
v -0.20200001 -0.55940735 -0.32630768
v -0.20200001 -0.55935806 -0.29523078
v -0.20200001 -0.56777668 -0.26415384
v -0.20508222 -0.54384613 0.17092308
v -0.20200001 -0.54964954 0.17092308
v -0.20200001 -0.54384613 0.16784222
v -0.22015348 -0.51276922 -0.38846153
v -0.20200001 -0.51276922 -0.40096852
v -0.20200001 -0.52527624 -0.38846153
v -0.20200001 -0.53359222 -0.35738462
v -0.21753100 -0.51276922 0.17092308
v -0.20200001 -0.51276922 0.15526026
v -0.21181194 -0.48169231 -0.41953847
v -0.20200001 -0.48169231 -0.42878795
v -0.20200001 -0.49094179 -0.41953847
v -0.20200001 -0.48169231 0.15013407
v -0.20200001 -0.45061538 -0.43505421
v -0.22293173 -0.45061538 0.13984616
v -0.20200001 -0.47143462 0.13984616
v -0.20200001 -0.45061538 0.12426975
v -0.20200001 -0.41953847 -0.44463506
v -0.20200001 -0.41953847 0.12431528
v -0.20470090 -0.38846153 -0.45061538
v -0.20200001 -0.38846153 -0.45331392
v -0.20200001 -0.39733174 -0.45061538
v -0.20200001 -0.38846153 0.12434575
v -0.20531137 -0.35738462 -0.45061538
v -0.20200001 -0.35738462 -0.45392674
v -0.20200001 -0.37298384 0.13984616
v -0.20200001 -0.35738462 0.15535438
v -0.20200001 -0.32630768 -0.46614626
v -0.22379032 -0.32630768 0.17092308
v -0.20200001 -0.32630768 0.15843239
v -0.20200001 -0.29523078 -0.46613109
v -0.20992346 -0.29523078 0.17092308
v -0.20200001 -0.29523078 0.16487162
v -0.23218080 -0.26415384 -0.45061538
v -0.20200001 -0.26415384 -0.46613109
v -0.23070826 -0.26415384 0.17092308
v -0.20200001 -0.26415384 0.15746930
v -0.21083677 -0.23307693 -0.45061538
v -0.20200001 -0.23307693 -0.45853007
v -0.20200001 -0.23307693 0.15539220
v -0.20200001 -0.22517373 -0.45061538
v -0.20200001 -0.20200001 -0.43505043
v -0.20200001 -0.20200001 0.15540358
v -0.22726701 -0.17092308 -0.41953847
v -0.20200001 -0.17092308 -0.43506554
v -0.20200001 -0.17092308 0.15578958
v -0.21322446 -0.13984616 -0.41953847
v -0.20200001 -0.13984616 -0.43046802
v -0.20200001 -0.13984616 0.15538841
v -0.20200001 -0.11909083 -0.41953847
v -0.20200001 -0.10876923 -0.41293588
v -0.20200001 -0.10876923 0.16098820
v -0.20200001 -0.07769231 -0.40409157
v -0.20200001 -0.08113248 0.17092308
v -0.20200001 -0.07769231 0.17263575
v -0.20200001 -0.04661538 -0.40399620
v -0.20200001 -0.04661538 0.18632793
v -0.22095403 -0.01553846 -0.38846153
v -0.20200001 -0.01553846 -0.40369835
v -0.20200001 -0.01553846 0.17668657
v -0.20200001 0.01249815 -0.38846153
v -0.20200001 0.01553846 -0.38552868
v -0.20200001 -0.00976121 0.17092308
v -0.20200001 0.01553846 0.14895487
v -0.20200001 0.04661538 -0.37291929
v -0.20200001 0.03510368 0.10876923
v -0.20200001 0.04661538 0.09725752
v -0.20200001 0.02462821 0.13984616
v -0.20200001 0.07399121 -0.35738462
v -0.20200001 0.07769231 -0.35368827
v -0.20200001 0.07769231 0.09000386
v -0.21427409 0.10876923 -0.32630768
v -0.20200001 0.10876923 -0.33641413
v -0.20200001 0.08997849 0.07769231
v -0.20200001 0.10876923 0.06214626
v -0.20200001 0.11887565 -0.32630768
v -0.21217987 0.13984616 -0.29523078
v -0.20200001 0.13984616 -0.30299431
v -0.20200001 0.12433804 0.04661538
v -0.20200001 0.13984616 0.03116014
v -0.20200001 0.14760970 -0.29523078
v -0.20200001 0.16044357 -0.26415384
v -0.20200001 0.17092308 -0.25367430
v -0.20200001 0.15534715 0.01553846
v -0.20200001 0.17092308 -0.00820241
v -0.20200001 0.18646912 -0.23307693
v -0.20200001 0.19457160 -0.20200001
v -0.22468045 0.20200001 -0.17092308
v -0.20200001 0.20200001 -0.19145519
v -0.23207636 0.20200001 -0.07769231
v -0.21846391 0.20200001 -0.04661538
v -0.22703572 0.20200001 -0.01553846
v -0.20200001 0.18658602 0.01553846
v -0.23216920 0.20200001 0.01553846
v -0.20200001 0.18647671 0.04661538
v -0.22546506 0.20200001 0.04661538
v -0.20200001 0.18643498 0.07769231
v -0.21754605 0.20200001 0.07769231
v -0.20200001 0.20200001 0.09893606
v -0.20200001 0.22254835 -0.17092308
v -0.22070473 0.23307693 -0.13984616
v -0.20200001 0.23307693 -0.16349953
v -0.20200001 0.21183649 0.10876923
v -0.22190711 0.23307693 0.10876923
v -0.20200001 0.23307693 0.12445718
v -0.21490590 0.26415384 -0.35738462
v -0.20200001 0.26415384 -0.37029788
v -0.20200001 0.25122952 -0.35738462
v -0.20200001 0.23995727 -0.32630768
v -0.20200001 0.24875468 -0.29523078
v -0.20200001 0.24842867 -0.26415384
v -0.20242725 0.26415384 -0.23307693
v -0.20200001 0.26415384 -0.23349297
v -0.20200001 0.24864194 -0.20200001
v -0.20200001 0.26415384 -0.23264901
v -0.21815811 0.26415384 -0.20200001
v -0.20200001 0.24049217 -0.17092308
v -0.20200001 0.25517482 0.13984616
v -0.21083191 0.26415384 0.13984616
v -0.20200001 0.25527856 0.17092308
v -0.21404333 0.26415384 0.17092308
v -0.20200001 0.26415384 0.18573235
v -0.21758410 0.29523078 -0.35738462
v -0.20200001 0.29523078 -0.37293068
v -0.20200001 0.26458156 -0.23307693
v -0.20200001 0.27362034 0.20200001
v -0.20200001 0.29523078 0.22804831
v -0.20200001 0.32630768 -0.37669909
v -0.20200001 0.30044040 0.23307693
v -0.21832782 0.32630768 0.23307693
v -0.20200001 0.32630768 0.24829400
v -0.21668059 0.35738462 -0.38846153
v -0.20200001 0.35738462 -0.40313074
v -0.20200001 0.33889204 -0.38846153
v -0.20200001 0.35179171 0.23307693
v -0.20200001 0.35738462 0.22766694
v -0.23187092 0.38846153 -0.38846153
v -0.20200001 0.38846153 -0.40395832
v -0.20200001 0.37481430 0.20200001
v -0.20200001 0.38846153 0.18031655
v -0.20200001 0.41953847 -0.41133735
v -0.20542483 0.41953847 0.13984616
v -0.20200001 0.41953847 0.14281522
v -0.20200001 0.39633283 0.17092308
v -0.20963888 0.45061538 -0.41953847
v -0.20200001 0.45061538 -0.44218567
v -0.20200001 0.43573380 -0.41953847
v -0.20658554 0.45061538 0.13984616
v -0.20200001 0.45061538 0.14443175
v -0.20200001 0.48169231 -0.53315163
v -0.20200001 0.46623328 -0.51276922
v -0.20200001 0.45833459 -0.48169231
v -0.20200001 0.45400980 -0.45061538
v -0.21347851 0.48169231 0.13984616
v -0.20200001 0.48169231 0.15135288
v -0.22409819 0.51276922 -0.54384613
v -0.20200001 0.51276922 -0.55936188
v -0.20200001 0.49239030 -0.54384613
v -0.20200001 0.50235873 0.13984616
v -0.20200001 0.51276922 0.13273416
v -0.20200001 0.54384613 -0.55950695
v -0.20200001 0.54384613 0.12439530
v -0.20200001 0.57492310 -0.56114393
v -0.20200001 0.56327039 0.13984616
v -0.22637250 0.57492310 0.13984616
v -0.20200001 0.57492310 0.15142377
v -0.20200001 0.60600001 -0.55938464
v -0.20200001 0.60600001 0.16092488
v -0.20200001 0.62152326 -0.54384613
v -0.20200001 0.63707691 -0.52725667
v -0.20200001 0.62973130 0.17092308
v -0.20200001 0.63623321 0.20200001
v -0.20200001 0.63664258 0.23307693
v -0.20226134 0.63707691 0.26415384
v -0.20200001 0.63707691 0.25439239
v -0.20946775 0.63707691 0.29523078
v -0.20200001 0.65157193 -0.51276922
v -0.20335394 0.66815382 -0.48169231
v -0.20200001 0.66815382 -0.48292255
v -0.20200001 0.63727647 0.26415384
v -0.23259306 0.66815382 0.29523078
v -0.20200001 0.64074379 0.29523078
v -0.20200001 0.66815382 0.32423428
v -0.20200001 0.66938412 -0.48169231
v -0.20200001 0.69375843 -0.45061538
v -0.20200001 0.69923079 -0.44514078
v -0.22016712 0.69923079 0.17092308
v -0.20200001 0.69923079 0.20147625
v -0.20200001 0.69878209 0.20200001
v -0.20200001 0.68463701 0.23307693
v -0.20200001 0.68372267 0.26415384
v -0.20200001 0.68364286 0.29523078
v -0.20472141 0.73030770 -0.41953847
v -0.20200001 0.73030770 -0.42225987
v -0.20208926 0.73030770 0.13984616
v -0.20200001 0.73030770 0.13993590
v -0.20200001 0.71360046 0.17092308
v -0.20200001 0.73302913 -0.41953847
v -0.21446703 0.76138461 -0.38846153
v -0.20200001 0.76138461 -0.40094310
v -0.21758398 0.76138461 0.13984616
v -0.20200001 0.75695622 0.17092308
v -0.20640978 0.76138461 0.17092308
v -0.20200001 0.76138461 0.17532362
v -0.20200001 0.77387351 -0.38846153
v -0.21680968 0.79246151 -0.35738462
v -0.20200001 0.79246151 -0.37208760
v -0.21756887 0.79246151 0.13984616
v -0.20652650 0.79246151 0.17092308
v -0.20200001 0.79246151 0.17545342
v -0.20200001 0.80716449 -0.35738462
v -0.21389663 0.82353848 -0.32630768
v -0.20200001 0.82353848 -0.33822578
v -0.23023139 0.82353848 0.10876923
v -0.21754605 0.82353848 0.13984616
v -0.20200001 0.82353848 0.15675528
v -0.20200001 0.79770732 0.17092308
v -0.20200001 0.83544219 -0.32630768
v -0.20200001 0.84588200 -0.29523078
v -0.22510023 0.85461539 -0.26415384
v -0.20200001 0.85461539 -0.28649122
v -0.21645007 0.85461539 0.10876923
v -0.20335384 0.85461539 0.13984616
v -0.20200001 0.85461539 0.14120260
v -0.20200001 0.87013865 -0.26415384
v -0.20200001 0.88091254 -0.23307693
v -0.22665927 0.88569230 -0.20200001
v -0.20200001 0.88569230 -0.22829708
v -0.22665459 0.88569230 0.07769231
v -0.20200001 0.88569230 0.09312787
v -0.20200001 0.86904657 0.10876923
v -0.20200001 0.85597050 0.13984616
v -0.20200001 0.90122318 -0.20200001
v -0.20200001 0.90380651 -0.17092308
v -0.21066783 0.91676921 -0.13984616
v -0.20200001 0.91676921 -0.15083945
v -0.22782212 0.91676921 -0.10876923
v -0.20200001 0.90269142 0.07769231
v -0.20200001 0.91676921 0.06370898
v -0.20200001 0.92551613 -0.13984616
v -0.20200001 0.93228871 -0.10876923
v -0.20200001 0.93230772 -0.07769231
v -0.20200001 0.93353122 -0.04661538
v -0.20200001 0.93906027 -0.01553846
v -0.20200001 0.94397765 0.01553846
v -0.20200001 0.93585479 0.04661538
v -0.19092479 -0.66815382 0.04661538
v -0.18644637 -0.66815382 0.07769231
v -0.18647677 -0.66815382 0.10876923
v -0.19008766 -0.66815382 0.13984616
v -0.19126977 -0.63707691 -0.01553846
v -0.18650314 -0.63707691 0.01553846
v -0.18355198 -0.63707691 0.04661538
v -0.18336113 -0.63707691 0.07769231
v -0.18647671 -0.63707691 0.10876923
v -0.18645395 -0.63707691 0.13984616
v -0.19656333 -0.63707691 0.17092308
v -0.18428640 -0.60600001 -0.04661538
v -0.17092308 -0.60600001 -0.02709000
v -0.17092308 -0.61557060 -0.01553846
v -0.17092308 -0.62153089 0.01553846
v -0.17092308 -0.62442231 0.04661538
v -0.17092308 -0.62464976 0.07769231
v -0.17092308 -0.61234552 0.10876923
v -0.17092308 -0.60600001 0.11509027
v -0.18650688 -0.60600001 0.13984616
v -0.19086984 -0.60600001 0.17092308
v -0.18483570 -0.57492310 -0.26415384
v -0.17092308 -0.57492310 -0.27209443
v -0.17092308 -0.58097470 -0.26415384
v -0.17092308 -0.59016049 -0.23307693
v -0.17092308 -0.59043878 -0.20200001
v -0.17092308 -0.59046155 -0.17092308
v -0.17092308 -0.59045017 -0.13984616
v -0.17092308 -0.59046912 -0.10876923
v -0.17092308 -0.59041214 -0.07769231
v -0.17092308 -0.59266275 -0.04661538
v -0.18254012 -0.57492310 0.13984616
v -0.17092308 -0.57492310 0.12820061
v -0.19194497 -0.57492310 0.17092308
v -0.18408570 -0.54384613 -0.35738462
v -0.17092308 -0.54384613 -0.36562952
v -0.17092308 -0.55210286 -0.35738462
v -0.17092308 -0.55936944 -0.32630768
v -0.17092308 -0.56206644 -0.29523078
v -0.18156807 -0.54384613 0.13984616
v -0.17092308 -0.54384613 0.12919772
v -0.17092308 -0.51276922 -0.40443793
v -0.17092308 -0.52827352 -0.38846153
v -0.18633516 -0.51276922 0.13984616
v -0.17092308 -0.51276922 0.12446821
v -0.17092308 -0.48169231 -0.43506554
v -0.17092308 -0.49767628 -0.41953847
v -0.19172221 -0.48169231 0.13984616
v -0.17092308 -0.48169231 0.12375834
v -0.17300664 -0.45061538 -0.45061538
v -0.17092308 -0.45061538 -0.45270842
v -0.17092308 -0.45270652 -0.45061538
v -0.17092308 -0.45061538 0.12435322
v -0.19601493 -0.41953847 -0.45061538
v -0.17092308 -0.41953847 -0.46614626
v -0.17092308 -0.41953847 0.12435713
v -0.17092308 -0.38846153 -0.46610820
v -0.17092308 -0.38846153 0.13053638
v -0.17092308 -0.35738462 -0.46613866
v -0.17092308 -0.37916130 0.13984616
v -0.17092308 -0.35738462 0.15544164
v -0.17092308 -0.32630768 -0.47290641
v -0.17092308 -0.32630768 0.15646815
v -0.17092308 -0.29523078 -0.47135359
v -0.17092308 -0.29523078 0.15921600
v -0.17092308 -0.26415384 -0.46649522
v -0.17092308 -0.26415384 0.15538841
v -0.17092308 -0.23307693 -0.46584100
v -0.17092308 -0.23307693 0.15609057
v -0.17092308 -0.21195894 -0.45061538
v -0.17092308 -0.20200001 -0.44090745
v -0.17092308 -0.20200001 0.16204399
v -0.17092308 -0.17092308 -0.43500894
v -0.17092308 -0.17092308 0.16376947
v -0.17092308 -0.13984616 -0.43507692
v -0.17092308 -0.13984616 0.15801130
v -0.19540250 -0.10876923 -0.41953847
v -0.17092308 -0.10876923 -0.43509209
v -0.17092308 -0.10876923 0.15539220
v -0.17856060 -0.07769231 -0.41953847
v -0.17092308 -0.07769231 -0.42711386
v -0.19527258 -0.07769231 0.17092308
v -0.17092308 -0.07769231 0.16549970
v -0.17092308 -0.06305286 -0.41953847
v -0.17092308 -0.04661538 -0.41128290
v -0.18611905 -0.04661538 0.17092308
v -0.17092308 -0.04661538 0.15584174
v -0.17092308 -0.01553846 -0.40394706
v -0.19622506 -0.01553846 0.17092308
v -0.17092308 -0.01553846 0.15142852
v -0.19906069 0.01553846 -0.38846153
v -0.17092308 0.01553846 -0.40398863
v -0.19291647 0.01553846 0.13984616
v -0.17092308 -0.00398088 0.13984616
v -0.17092308 0.01553846 0.12430769
v -0.17092308 0.04206832 -0.38846153
v -0.17092308 0.04661538 -0.38392395
v -0.17092308 0.03991535 0.10876923
v -0.17092308 0.04661538 0.10205627
v -0.19833197 0.07769231 -0.35738462
v -0.17092308 0.07769231 -0.37299860
v -0.17092308 0.07769231 0.08992052
v -0.17092308 0.09326847 -0.35738462
v -0.17092308 0.10876923 -0.34179309
v -0.17092308 0.08993143 0.07769231
v -0.17092308 0.10876923 0.06042173
v -0.17092308 0.12420953 -0.32630768
v -0.17092308 0.13984616 -0.31067482
v -0.17260553 0.13984616 0.01553846
v -0.17092308 0.13814664 0.01553846
v -0.17092308 0.13984616 0.00605501
v -0.17092308 0.12258683 0.04661538
v -0.17092308 0.15537323 -0.29523078
v -0.18283193 0.17092308 -0.26415384
v -0.17092308 0.17092308 -0.27162337
v -0.17538188 0.17092308 0.01553846
v -0.17092308 0.14773203 0.01553846
v -0.17092308 0.16506605 0.04661538
v -0.17675000 0.17092308 0.04661538
v -0.17092308 0.17062564 0.07769231
v -0.17122011 0.17092308 0.07769231
v -0.17092308 0.17092308 0.07806941
v -0.17092308 0.17840092 -0.26415384
v -0.17092308 0.18841073 -0.23307693
v -0.17092308 0.19731945 -0.20200001
v -0.19032985 0.20200001 -0.17092308
v -0.17092308 0.18634121 -0.17092308
v -0.17092308 0.20200001 -0.14469339
v -0.17092308 0.18456014 0.10876923
v -0.19217667 0.20200001 0.10876923
v -0.17092308 0.20200001 0.13220413
v -0.18551859 0.23307693 -0.35738462
v -0.17092308 0.23307693 -0.37198013
v -0.17092308 0.21848141 -0.35738462
v -0.17092308 0.21751191 -0.32630768
v -0.19512747 0.23307693 -0.32630768
v -0.17092308 0.21948349 -0.29523078
v -0.18437958 0.23307693 -0.29523078
v -0.17092308 0.23307693 -0.28167084
v -0.17092308 0.23307693 -0.19690542
v -0.19456543 0.23307693 -0.17092308
v -0.17092308 0.21769685 -0.17092308
v -0.17092308 0.20963088 0.13984616
v -0.18664138 0.23307693 0.13984616
v -0.17092308 0.23307693 0.15537703
v -0.17236380 0.26415384 -0.38846153
v -0.17092308 0.26415384 -0.38990226
v -0.17092308 0.26271111 -0.38846153
v -0.17092308 0.24951577 -0.26415384
v -0.17092308 0.24861538 -0.23307693
v -0.20157316 0.26415384 -0.23307693
v -0.17092308 0.23816113 -0.20200001
v -0.17092308 0.24884157 0.17092308
v -0.17092308 0.24860021 0.20200001
v -0.19254637 0.26415384 0.20200001
v -0.17092308 0.26415384 0.23242241
v -0.18241677 0.29523078 -0.38846153
v -0.17092308 0.29523078 -0.39995521
v -0.17092308 0.26481083 0.23307693
v -0.19696315 0.29523078 0.23307693
v -0.17092308 0.29523078 0.24859263
v -0.19020176 0.32630768 -0.38846153
v -0.17092308 0.32630768 -0.40395436
v -0.17092308 0.31305355 0.26415384
v -0.18419209 0.32630768 0.26415384
v -0.17092308 0.31087995 0.29523078
v -0.18635847 0.32630768 0.29523078
v -0.17092308 0.32023147 0.32630768
v -0.17699932 0.32630768 0.32630768
v -0.17092308 0.32630768 0.33238393
v -0.17092308 0.35738462 -0.40797275
v -0.19659221 0.35738462 0.23307693
v -0.18659158 0.35738462 0.26415384
v -0.18982057 0.35738462 0.29523078
v -0.18644257 0.35738462 0.32630768
v -0.17092308 0.35721368 0.35738462
v -0.17109409 0.35738462 0.35738462
v -0.17092308 0.35738462 0.35755569
v -0.18255565 0.38846153 -0.41953847
v -0.17092308 0.38846153 -0.43120298
v -0.17092308 0.37282136 -0.41953847
v -0.17092308 0.37728012 0.20200001
v -0.17092308 0.38846153 0.17652084
v -0.18658186 0.38846153 0.23307693
v -0.17092308 0.38846153 0.21306382
v -0.18877223 0.38846153 0.26415384
v -0.19525190 0.38846153 0.29523078
v -0.18680717 0.38846153 0.32630768
v -0.17935736 0.38846153 0.35738462
v -0.17092308 0.38846153 0.36581594
v -0.19377229 0.41953847 -0.41953847
v -0.17092308 0.41953847 -0.43501991
v -0.17092308 0.39189044 0.17092308
v -0.17092308 0.41953847 0.15531574
v -0.17253682 0.41953847 0.23307693
v -0.17092308 0.41953847 0.23146394
v -0.18644637 0.41953847 0.26415384
v -0.18639348 0.41953847 0.29523078
v -0.18643112 0.41953847 0.32630768
v -0.17092308 0.41953847 0.34700540
v -0.17092308 0.40172553 0.35738462
v -0.17129621 0.45061538 -0.51276922
v -0.17092308 0.45061538 -0.51314598
v -0.17092308 0.45023969 -0.51276922
v -0.17092308 0.43750364 -0.48169231
v -0.19232385 0.45061538 -0.48169231
v -0.17092308 0.43742621 -0.45061538
v -0.19757996 0.45061538 -0.45061538
v -0.17092308 0.45061538 0.15535048
v -0.17092308 0.42115071 0.23307693
v -0.17092308 0.43617138 0.26415384
v -0.17092308 0.44476250 0.29523078
v -0.17092308 0.43717584 0.32630768
v -0.19070411 0.48169231 -0.54384613
v -0.17092308 0.48169231 -0.55871594
v -0.17092308 0.46681499 -0.54384613
v -0.17092308 0.48169231 0.15533541
v -0.17092308 0.51276922 -0.56355679
v -0.19489335 0.51276922 0.13984616
v -0.17092308 0.51276922 0.15536945
v -0.18019693 0.54384613 -0.57492310
v -0.17092308 0.54384613 -0.58409482
v -0.17092308 0.53077352 -0.57492310
v -0.17092308 0.53849411 0.13984616
v -0.17092308 0.54384613 0.13450280
v -0.18388197 0.57492310 -0.57492310
v -0.17092308 0.57492310 -0.58620971
v -0.17092308 0.54918951 0.13984616
v -0.17092308 0.57492310 0.16953677
v -0.17092308 0.58964843 -0.57492310
v -0.17092308 0.60600001 -0.56288040
v -0.17092308 0.57669336 0.17092308
v -0.19019246 0.60600001 0.17092308
v -0.17092308 0.60600001 0.18448284
v -0.17092308 0.62385529 -0.54384613
v -0.17092308 0.63707691 -0.53060228
v -0.19356535 0.63707691 0.17092308
v -0.17092308 0.63707691 0.16214357
v -0.17092308 0.62659222 0.17092308
v -0.20099655 0.63707691 0.20200001
v -0.20139907 0.63707691 0.23307693
v -0.17092308 0.65259260 -0.51276922
v -0.17092308 0.66815382 -0.49665698
v -0.17092308 0.64584720 0.17092308
v -0.17092308 0.65122384 0.20200001
v -0.17092308 0.65005511 0.23307693
v -0.17092308 0.64939249 0.26415384
v -0.17092308 0.64956939 0.29523078
v -0.17092308 0.65284419 0.32630768
v -0.19983014 0.66815382 0.32630768
v -0.17092308 0.66815382 0.34142908
v -0.17092308 0.68312609 -0.48169231
v -0.19622548 0.69923079 -0.45061538
v -0.17092308 0.69923079 -0.46564046
v -0.20156226 0.69923079 0.20200001
v -0.17726658 0.69923079 0.23307693
v -0.17092308 0.69923079 0.24077384
v -0.17092308 0.68655252 0.26415384
v -0.17092308 0.68369991 0.29523078
v -0.17092308 0.68325639 0.32630768
v -0.17092308 0.71424073 -0.45061538
v -0.17092308 0.73030770 -0.43503898
v -0.18660890 0.73030770 0.17092308
v -0.17092308 0.73030770 0.18656705
v -0.17092308 0.71497148 0.20200001
v -0.17092308 0.70499533 0.23307693
v -0.17092308 0.74859035 -0.41953847
v -0.17092308 0.76138461 -0.40676630
v -0.17092308 0.76046884 0.20200001
v -0.17183721 0.76138461 0.20200001
v -0.17092308 0.76138461 0.20291758
v -0.17092308 0.78766811 -0.38846153
v -0.17092308 0.79246151 -0.38367209
v -0.17092308 0.76264930 0.20200001
v -0.17092308 0.79246151 0.18904246
v -0.17092308 0.81848592 -0.35738462
v -0.17092308 0.82353848 -0.35233206
v -0.18785472 0.82353848 0.17092308
v -0.17092308 0.82353848 0.18651453
v -0.17092308 0.83967924 -0.32630768
v -0.19328499 0.85461539 -0.29523078
v -0.17092308 0.85461539 -0.31138670
v -0.17092308 0.84429002 0.17092308
v -0.17092308 0.85461539 0.16055739
v -0.17092308 0.87017661 -0.29523078
v -0.17092308 0.87635964 -0.26415384
v -0.19722016 0.88569230 -0.23307693
v -0.17092308 0.88569230 -0.25482118
v -0.18427141 0.88569230 0.10876923
v -0.17092308 0.88569230 0.13566588
v -0.17092308 0.88243103 0.13984616
v -0.17092308 0.90122318 -0.23307693
v -0.17092308 0.90317994 -0.20200001
v -0.18314175 0.91676921 -0.17092308
v -0.17092308 0.91676921 -0.18253644
v -0.18189354 0.91676921 0.07769231
v -0.17092308 0.91676921 0.08728909
v -0.17092308 0.89905554 0.10876923
v -0.17092308 0.92661381 -0.17092308
v -0.17092308 0.93230009 -0.13984616
v -0.17092308 0.93228495 -0.10876923
v -0.17092308 0.93876153 -0.07769231
v -0.17774855 0.94784617 -0.04661538
v -0.17092308 0.94784617 -0.05804642
v -0.19106349 0.94784617 -0.01553846
v -0.19804551 0.94784617 0.01553846
v -0.18732190 0.94784617 0.04661538
v -0.17092308 0.94784617 0.05943267
v -0.17092308 0.92635959 0.07769231
v -0.17092308 0.95385873 -0.04661538
v -0.17092308 0.96090895 -0.01553846
v -0.17092308 0.96318913 0.01553846
v -0.17092308 0.96065611 0.04661538
v -0.16135569 -0.60600001 -0.01553846
v -0.15535054 -0.60600001 0.01553846
v -0.15539984 -0.60600001 0.04661538
v -0.15536945 -0.60600001 0.07769231
v -0.16456518 -0.60600001 0.10876923
v -0.13984616 -0.57492310 -0.28862065
v -0.13984616 -0.58773518 -0.26415384
v -0.13984616 -0.59045392 -0.23307693
v -0.13984616 -0.59044260 -0.20200001
v -0.13984616 -0.59046531 -0.17092308
v -0.13984616 -0.59046155 -0.13984616
v -0.13984616 -0.59045392 -0.10876923
v -0.13984616 -0.59056711 -0.07769231
v -0.13984616 -0.58768839 -0.04661538
v -0.13984616 -0.57596749 -0.01553846
v -0.13984616 -0.58074862 0.01553846
v -0.13984616 -0.57492310 0.03486812
v -0.14366260 -0.57492310 0.04661538
v -0.15524295 -0.57492310 0.07769231
v -0.15543400 -0.57492310 0.10876923
v -0.13984616 -0.54384613 -0.37505594
v -0.13984616 -0.55933130 -0.35738462
v -0.13984616 -0.55933160 -0.32630768
v -0.13984616 -0.56996173 -0.29523078
v -0.13984616 -0.57111639 0.04661538
v -0.13984616 -0.54514813 0.07769231
v -0.13984616 -0.54384613 0.07897051
v -0.15539600 -0.54384613 0.10876923
v -0.13984616 -0.51276922 -0.41878590
v -0.13984616 -0.53048170 -0.38846153
v -0.15533909 -0.51276922 0.10876923
v -0.13984616 -0.51276922 0.09318501
v -0.13984616 -0.48169231 -0.43838716
v -0.13984616 -0.51201737 -0.41953847
v -0.13984616 -0.48954967 0.10876923
v -0.13984616 -0.48169231 0.11661801
v -0.13984616 -0.45061538 -0.46620679
v -0.13984616 -0.46951821 -0.45061538
v -0.13984616 -0.45061538 0.12433804
v -0.13984616 -0.41953847 -0.46615764
v -0.13984616 -0.41953847 0.12605570
v -0.13984616 -0.38846153 -0.46613866
v -0.13984616 -0.38846153 0.13610379
v -0.13984616 -0.35738462 -0.46616903
v -0.13984616 -0.38471764 0.13984616
v -0.13984616 -0.35738462 0.15538082
v -0.15817034 -0.32630768 -0.48169231
v -0.13984616 -0.32630768 -0.49294978
v -0.13984616 -0.33756518 -0.48169231
v -0.13984616 -0.32630768 0.15837465
v -0.15449995 -0.29523078 -0.48169231
v -0.13984616 -0.29523078 -0.49124718
v -0.13984616 -0.29523078 0.16055395
v -0.13984616 -0.26710251 -0.48169231
v -0.13984616 -0.26415384 -0.48030773
v -0.13984616 -0.26415384 0.15537323
v -0.13984616 -0.23307693 -0.46627608
v -0.13984616 -0.23307693 0.16003482
v -0.15646198 -0.20200001 -0.45061538
v -0.13984616 -0.20200001 -0.46126691
v -0.13984616 -0.20200001 0.17057323
v -0.13984616 -0.17694139 -0.45061538
v -0.13984616 -0.17092308 -0.44715488
v -0.13984616 -0.19843647 0.17092308
v -0.14690599 -0.17092308 0.17092308
v -0.13984616 -0.17092308 0.17343169
v -0.13984616 -0.13984616 -0.43630117
v -0.13984616 -0.16451888 0.17092308
v -0.13984616 -0.13984616 0.16306446
v -0.13984616 -0.10876923 -0.43508071
v -0.13984616 -0.10876923 0.15540358
v -0.13984616 -0.07769231 -0.43507314
v -0.13984616 -0.07769231 0.15572272
v -0.16130045 -0.04661538 -0.41953847
v -0.13984616 -0.04661538 -0.43341675
v -0.13984616 -0.04661538 0.14574420
v -0.14080647 -0.01553846 -0.41953847
v -0.13984616 -0.01553846 -0.42050606
v -0.15934783 -0.01553846 0.13984616
v -0.13984616 -0.04071733 0.13984616
v -0.13984616 -0.01553846 0.12435689
v -0.13984616 -0.01456257 -0.41953847
v -0.13984616 0.01553846 -0.40407622
v -0.14963451 0.01553846 0.10876923
v -0.13984616 0.00577618 0.10876923
v -0.13984616 0.01553846 0.09896772
v -0.16635314 0.04661538 -0.38846153
v -0.13984616 0.04661538 -0.40395051
v -0.13984616 0.04661538 0.09330617
v -0.13984616 0.06323715 -0.38846153
v -0.13984616 0.07769231 -0.37407076
v -0.15869847 0.07769231 0.07769231
v -0.13984616 0.06223683 0.07769231
v -0.13984616 0.07769231 0.05611021
v -0.13984616 0.10455054 -0.35738462
v -0.13984616 0.10876923 -0.35316592
v -0.15713920 0.10876923 0.04661538
v -0.13984616 0.08718073 0.04661538
v -0.13984616 0.10876923 0.03058423
v -0.13984616 0.13367935 -0.32630768
v -0.13984616 0.13984616 -0.32014090
v -0.13984616 0.12378477 0.01553846
v -0.13984616 0.13984616 -0.00240157
v -0.13984616 0.15563096 -0.29523078
v -0.13984616 0.17092308 -0.27994630
v -0.13984616 0.15541485 0.01553846
v -0.13984616 0.15541875 0.04661538
v -0.13984616 0.15539978 0.07769231
v -0.13984616 0.15538462 0.10876923
v -0.15728596 0.17092308 0.10876923
v -0.13984616 0.17092308 0.13647118
v -0.13984616 0.18643130 -0.26415384
v -0.13984616 0.18914609 -0.23307693
v -0.13984616 0.19807318 -0.20200001
v -0.15524532 0.20200001 -0.17092308
v -0.13984616 0.20200001 -0.19806476
v -0.13984616 0.17429805 0.13984616
v -0.16328105 0.20200001 0.13984616
v -0.13984616 0.20200001 0.15630811
v -0.13984616 0.23307693 -0.37289268
v -0.13984616 0.21753466 -0.35738462
v -0.13984616 0.21747753 -0.32630768
v -0.13984616 0.21800768 -0.29523078
v -0.13984616 0.23307693 -0.28019553
v -0.16583057 0.23307693 -0.20200001
v -0.13984616 0.23307693 -0.22475442
v -0.13984616 0.20594199 -0.20200001
v -0.13984616 0.21732377 0.17092308
v -0.15465258 0.23307693 0.17092308
v -0.13984616 0.22588111 0.20200001
v -0.14703117 0.23307693 0.20200001
v -0.13984616 0.23307693 0.21028136
v -0.13984616 0.26415384 -0.40030304
v -0.13984616 0.25231233 -0.38846153
v -0.13984616 0.24864574 -0.26415384
v -0.13984616 0.24138449 -0.23307693
v -0.13984616 0.24716280 0.23307693
v -0.17026643 0.26415384 0.23307693
v -0.13984616 0.26415384 0.24862297
v -0.13984616 0.29523078 -0.40398481
v -0.13984616 0.28827691 0.26415384
v -0.14678156 0.29523078 0.26415384
v -0.13984616 0.28551993 0.29523078
v -0.14953747 0.29523078 0.29523078
v -0.13984616 0.29523078 0.31612492
v -0.13984616 0.32630768 -0.40483588
v -0.13984616 0.30086386 0.32630768
v -0.13984616 0.31266046 0.35738462
v -0.15348594 0.32630768 0.35738462
v -0.13984616 0.32630768 0.37102440
v -0.15677710 0.35738462 -0.41953847
v -0.13984616 0.35738462 -0.43243980
v -0.13984616 0.34366399 -0.41953847
v -0.13984616 0.35738462 0.37778690
v -0.13984616 0.38846153 -0.43506554
v -0.15974160 0.38846153 0.20200001
v -0.13984616 0.38846153 0.38427046
v -0.13984616 0.41953847 -0.43503904
v -0.13984616 0.41675007 0.17092308
v -0.13984616 0.41953847 0.16813089
v -0.14458984 0.41953847 0.20200001
v -0.13984616 0.41953847 0.18191743
v -0.16056408 0.41953847 0.35738462
v -0.13984616 0.41953847 0.37313065
v -0.13984616 0.45061538 -0.53148592
v -0.13984616 0.43519169 -0.51276922
v -0.13984616 0.43506932 -0.48169231
v -0.13984616 0.43511108 -0.45061538
v -0.13984616 0.45061538 0.15534668
v -0.13984616 0.42427626 0.20200001
v -0.13984616 0.44193485 0.23307693
v -0.15660655 0.45061538 0.26415384
v -0.13984616 0.45061538 0.24166070
v -0.16507481 0.45061538 0.29523078
v -0.15749466 0.45061538 0.32630768
v -0.13984616 0.45061538 0.35105065
v -0.13984616 0.44428879 0.35738462
v -0.13984616 0.48169231 -0.55931664
v -0.13984616 0.46286222 -0.54384613
v -0.13984616 0.48169231 0.15542267
v -0.13984616 0.46628579 0.26415384
v -0.13984616 0.46615764 0.29523078
v -0.13984616 0.46615386 0.32630768
v -0.15585662 0.51276922 -0.57492310
v -0.13984616 0.51276922 -0.58673096
v -0.13984616 0.50102526 -0.57492310
v -0.13984616 0.51276922 0.15535806
v -0.13984616 0.54384613 -0.59046912
v -0.16560124 0.54384613 0.13984616
v -0.13984616 0.54384613 0.15783158
v -0.13984616 0.57492310 -0.59046912
v -0.13984616 0.55696714 0.17092308
v -0.16953807 0.57492310 0.17092308
v -0.13984616 0.57492310 0.18648051
v -0.14546888 0.60600001 -0.57492310
v -0.13984616 0.60600001 -0.57874185
v -0.13984616 0.60600001 0.18369579
v -0.13984616 0.60981548 -0.57492310
v -0.13984616 0.63172311 -0.54384613
v -0.13984616 0.63707691 -0.53849024
v -0.13984616 0.61874700 0.17092308
v -0.13984616 0.63707691 0.15534289
v -0.13984616 0.65315741 -0.51276922
v -0.13984616 0.66815382 -0.49775001
v -0.13984616 0.65260780 0.17092308
v -0.13984616 0.65260780 0.20200001
v -0.13984616 0.65264559 0.23307693
v -0.13984616 0.65262300 0.26415384
v -0.13984616 0.65260780 0.29523078
v -0.13984616 0.65260023 0.32630768
v -0.13984616 0.66815382 0.34657958
v -0.13984616 0.68376875 -0.48169231
v -0.13984616 0.69923079 -0.46624935
v -0.14422435 0.69923079 0.26415384
v -0.13984616 0.69923079 0.26764190
v -0.13984616 0.68454891 0.29523078
v -0.13984616 0.68368095 0.32630768
v -0.13984616 0.72282380 -0.45061538
v -0.13984616 0.73030770 -0.44313714
v -0.13984616 0.72428077 0.20200001
v -0.13984616 0.73030770 0.19597545
v -0.13984616 0.71476161 0.23307693
v -0.13984616 0.70239282 0.26415384
v -0.15268904 0.76138461 -0.41953847
v -0.13984616 0.76138461 -0.42977872
v -0.13984616 0.73633933 0.20200001
v -0.13984616 0.76138461 0.21753088
v -0.13984616 0.77162486 -0.41953847
v -0.16602243 0.79246151 -0.38846153
v -0.13984616 0.79246151 -0.40379634
v -0.15738003 0.79246151 0.20200001
v -0.13984616 0.79246151 0.21697819
v -0.13984616 0.80779636 -0.38846153
v -0.16570425 0.82353848 -0.35738462
v -0.13984616 0.82353848 -0.37262931
v -0.13984616 0.81346345 0.20200001
v -0.13984616 0.82353848 0.19244234
v -0.13984616 0.83878314 -0.35738462
v -0.14605106 0.85461539 -0.32630768
v -0.13984616 0.85461539 -0.33214095
v -0.16050653 0.85461539 0.17092308
v -0.13984616 0.85461539 0.18638922
v -0.13984616 0.86044872 -0.32630768
v -0.13984616 0.87015384 -0.29523078
v -0.15905662 0.88569230 -0.26415384
v -0.13984616 0.88569230 -0.27688709
v -0.16765890 0.88569230 0.13984616
v -0.13984616 0.88569230 0.16908154
v -0.13984616 0.88383973 0.17092308
v -0.13984616 0.89843291 -0.26415384
v -0.13984616 0.90123838 -0.23307693
v -0.14399412 0.91676921 -0.20200001
v -0.13984616 0.91676921 -0.20532501
v -0.13984616 0.90133756 0.10876923
v -0.13984616 0.91676921 0.09333000
v -0.13984616 0.90123838 0.13984616
v -0.13984616 0.92009431 -0.20200001
v -0.13984616 0.93230009 -0.17092308
v -0.13984616 0.93231529 -0.13984616
v -0.13984616 0.93900573 -0.10876923
v -0.15503241 0.94784617 -0.07769231
v -0.13984616 0.94784617 -0.09316853
v -0.13984616 0.93676466 0.07769231
v -0.13984616 0.94784617 0.06660738
v -0.13984616 0.95662981 -0.07769231
v -0.13984616 0.96333516 -0.04661538
v -0.13984616 0.96335429 -0.01553846
v -0.13984616 0.96336567 0.01553846
v -0.13984616 0.96336567 0.04661538
v -0.12549442 -0.57492310 -0.29523078
v -0.10876923 -0.57492310 -0.30142152
v -0.10876923 -0.58054942 -0.29523078
v -0.10876923 -0.59050697 -0.26415384
v -0.10876923 -0.59044635 -0.23307693
v -0.10876923 -0.59046155 -0.20200001
v -0.10876923 -0.59045774 -0.17092308
v -0.10876923 -0.59045017 -0.13984616
v -0.10876923 -0.59046155 -0.10876923
v -0.10876923 -0.59040058 -0.07769231
v -0.10876923 -0.58468002 -0.04661538
v -0.13738449 -0.57492310 -0.01553846
v -0.10876923 -0.57492310 -0.03008793
v -0.13403672 -0.57492310 0.01553846
v -0.10876923 -0.54384613 -0.38345259
v -0.10876923 -0.55935425 -0.35738462
v -0.10876923 -0.56028914 -0.32630768
v -0.10876923 -0.56597990 -0.01553846
v -0.10876923 -0.55936188 0.01553846
v -0.10876923 -0.54685271 0.04661538
v -0.13857026 -0.54384613 0.07769231
v -0.10876923 -0.54384613 0.04961266
v -0.13878958 -0.51276922 -0.41953847
v -0.10876923 -0.51276922 -0.43237153
v -0.10876923 -0.52560961 -0.41953847
v -0.10876923 -0.53884137 -0.38846153
v -0.10876923 -0.52713186 0.07769231
v -0.10876923 -0.51276922 0.09206994
v -0.11630024 -0.48169231 -0.45061538
v -0.10876923 -0.48169231 -0.45594922
v -0.10876923 -0.48702613 -0.45061538
v -0.10876923 -0.48725042 0.10876923
v -0.10876923 -0.48169231 0.11433630
v -0.10876923 -0.45061538 -0.46615764
v -0.10876923 -0.45061538 0.12432287
v -0.10876923 -0.41953847 -0.46805519
v -0.10876923 -0.41953847 0.12509201
v -0.10876923 -0.38846153 -0.47171065
v -0.10876923 -0.38846153 0.13891554
v -0.10876923 -0.35738462 -0.47143847
v -0.10876923 -0.38753188 0.13984616
v -0.10876923 -0.35738462 0.15539220
v -0.10876923 -0.32630768 -0.49740368
v -0.10876923 -0.34727308 -0.48169231
v -0.10876923 -0.32630768 0.15826750
v -0.10876923 -0.29523078 -0.49726492
v -0.10876923 -0.29523078 0.15857832
v -0.13768536 -0.26415384 -0.48169231
v -0.10876923 -0.26415384 -0.49364063
v -0.10876923 -0.26415384 0.15535426
v -0.10876923 -0.24817142 -0.48169231
v -0.10876923 -0.23307693 -0.47016501
v -0.10876923 -0.23307693 0.16168372
v -0.10876923 -0.20200001 -0.46619165
v -0.10876923 -0.20627938 0.17092308
v -0.13537057 -0.20200001 0.17092308
v -0.10876923 -0.20200001 0.17288814
v -0.13488737 -0.17092308 -0.45061538
v -0.10876923 -0.17092308 -0.46296754
v -0.10876923 -0.17092308 0.17530583
v -0.10876923 -0.14120515 -0.45061538
v -0.10876923 -0.13984616 -0.44970492
v -0.10876923 -0.15917866 0.17092308
v -0.10876923 -0.13984616 0.16430603
v -0.10876923 -0.10876923 -0.43755814
v -0.10876923 -0.10876923 0.15536186
v -0.10876923 -0.07769231 -0.43508452
v -0.10876923 -0.07769231 0.15548657
v -0.10876923 -0.04661538 -0.43509588
v -0.12745416 -0.04661538 0.13984616
v -0.10876923 -0.05465426 0.13984616
v -0.10876923 -0.04661538 0.13174357
v -0.10876923 -0.01553846 -0.43503124
v -0.10876923 -0.01553846 0.12430769
v -0.10876923 0.01457833 -0.41953847
v -0.10876923 0.01553846 -0.41858426
v -0.10876923 0.00448910 0.10876923
v -0.10876923 0.01553846 0.09771986
v -0.10876923 0.04661538 -0.40399620
v -0.10876923 0.04661538 0.08968935
v -0.11296225 0.07769231 -0.38846153
v -0.10876923 0.07769231 -0.39214930
v -0.10876923 0.05862677 0.07769231
v -0.10876923 0.07769231 0.05903517
v -0.10876923 0.08138013 -0.38846153
v -0.13481002 0.10876923 -0.35738462
v -0.10876923 0.10876923 -0.37132031
v -0.10876923 0.09008306 0.04661538
v -0.10876923 0.10876923 0.03109210
v -0.10876923 0.12269732 -0.35738462
v -0.13129556 0.13984616 -0.32630768
v -0.10876923 0.13984616 -0.33857515
v -0.10876923 0.12773614 0.01553846
v -0.10876923 0.13984616 0.00339240
v -0.10876923 0.15212451 -0.32630768
v -0.10876923 0.16964215 -0.29523078
v -0.10876923 0.17092308 -0.29395229
v -0.10876923 0.15200312 0.01553846
v -0.10876923 0.14522378 0.04661538
v -0.10876923 0.14212407 0.07769231
v -0.10876923 0.14696467 0.10876923
v -0.10876923 0.15543748 0.13984616
v -0.13646828 0.17092308 0.13984616
v -0.10876923 0.17092308 0.15590611
v -0.10876923 0.18666461 -0.26415384
v -0.10876923 0.18872595 -0.23307693
v -0.13591091 0.20200001 -0.20200001
v -0.10876923 0.20200001 -0.21977684
v -0.10876923 0.18648180 0.17092308
v -0.12468261 0.20200001 0.17092308
v -0.10876923 0.20200001 0.18591978
v -0.10876923 0.23307693 -0.35783973
v -0.10876923 0.23262003 -0.35738462
v -0.10876923 0.22102973 -0.32630768
v -0.12174300 0.23307693 -0.29523078
v -0.10876923 0.23307693 -0.31127462
v -0.13054609 0.23307693 -0.23307693
v -0.10876923 0.23307693 -0.24739872
v -0.10876923 0.21650507 -0.23307693
v -0.10876923 0.21864808 0.20200001
v -0.10876923 0.23307693 0.23217382
v -0.10876923 0.26415384 -0.38941801
v -0.10876923 0.26319870 -0.38846153
v -0.10876923 0.24554923 -0.29523078
v -0.10876923 0.24860780 -0.26415384
v -0.10876923 0.23386303 0.23307693
v -0.10876923 0.26415384 0.25458646
v -0.10876923 0.29523078 -0.40397730
v -0.10876923 0.27371803 0.26415384
v -0.10876923 0.27969232 0.29523078
v -0.10876923 0.27971506 0.32630768
v -0.13420174 0.29523078 0.32630768
v -0.10876923 0.29523078 0.34594736
v -0.10876923 0.32630768 -0.41897097
v -0.10876923 0.30663970 0.35738462
v -0.10876923 0.32630768 0.37680057
v -0.10876923 0.35738462 -0.43506554
v -0.10876923 0.32687601 -0.41953847
v -0.10876923 0.33797219 0.38846153
v -0.12917158 0.35738462 0.38846153
v -0.10876923 0.35738462 0.40398863
v -0.10876923 0.38846153 -0.43581608
v -0.13565153 0.38846153 0.38846153
v -0.10876923 0.38846153 0.40398481
v -0.10876923 0.41953847 -0.44389057
v -0.13706020 0.41953847 0.17092308
v -0.11933397 0.41953847 0.38846153
v -0.10876923 0.41953847 0.39884076
v -0.11671753 0.45061538 -0.54384613
v -0.10876923 0.45061538 -0.54953009
v -0.10876923 0.44493830 -0.54384613
v -0.10876923 0.43509209 -0.51276922
v -0.10876923 0.43508452 -0.48169231
v -0.10876923 0.42625806 -0.45061538
v -0.11693856 0.45061538 0.17092308
v -0.10876923 0.44076017 0.20200001
v -0.10876923 0.45061538 0.18443684
v -0.13001607 0.45061538 0.23307693
v -0.10876923 0.45061538 0.21309726
v -0.13354895 0.45061538 0.35738462
v -0.10876923 0.45061538 0.37298366
v -0.10876923 0.42993119 0.38846153
v -0.10876923 0.48169231 -0.56948125
v -0.10876923 0.45999676 0.17092308
v -0.10876923 0.48169231 0.15684325
v -0.10876923 0.46478188 0.23307693
v -0.10876923 0.46615764 0.26415384
v -0.10876923 0.46892542 0.29523078
v -0.10876923 0.46818244 0.32630768
v -0.10876923 0.46620685 0.35738462
v -0.10876923 0.51276922 -0.59048438
v -0.10876923 0.48713630 -0.57492310
v -0.10876923 0.51276922 0.16015385
v -0.10876923 0.54384613 -0.59042370
v -0.10876923 0.52362514 0.17092308
v -0.12661703 0.54384613 0.17092308
v -0.10876923 0.54384613 0.18637736
v -0.10876923 0.57492310 -0.59046155
v -0.10876923 0.57492310 0.18164679
v -0.10876923 0.60600001 -0.58706349
v -0.10876923 0.60600001 0.17290628
v -0.10876923 0.61814404 -0.57492310
v -0.12344175 0.63707691 -0.54384613
v -0.10876923 0.63707691 -0.54872543
v -0.10876923 0.60920131 0.17092308
v -0.10876923 0.63707691 0.15932281
v -0.10876923 0.64195412 -0.54384613
v -0.10876923 0.65897900 -0.51276922
v -0.10876923 0.66815382 -0.50359434
v -0.10876923 0.64864528 0.17092308
v -0.10876923 0.65260780 0.20200001
v -0.10876923 0.65257746 0.23307693
v -0.10876923 0.65256214 0.26415384
v -0.10876923 0.65255839 0.29523078
v -0.10876923 0.65258873 0.32630768
v -0.10876923 0.66070849 0.35738462
v -0.12033920 0.66815382 0.35738462
v -0.10876923 0.66815382 0.36484373
v -0.10876923 0.69132423 -0.48169231
v -0.10876923 0.69923079 -0.47378871
v -0.10876923 0.69068527 0.29523078
v -0.10876923 0.69923079 0.28390554
v -0.10876923 0.68365818 0.32630768
v -0.10876923 0.67561293 0.35738462
v -0.12687576 0.73030770 -0.45061538
v -0.10876923 0.73030770 -0.46015000
v -0.13284940 0.73030770 0.20200001
v -0.10876923 0.73030770 0.21607308
v -0.10876923 0.71476543 0.23307693
v -0.10876923 0.71161038 0.26415384
v -0.10876923 0.73983902 -0.45061538
v -0.10876923 0.76138461 -0.43506932
v -0.10876923 0.76138461 0.21757640
v -0.10876923 0.77690792 -0.41953847
v -0.10876923 0.79246151 -0.40400001
v -0.10876923 0.79246151 0.21758007
v -0.10876923 0.80911708 -0.38846153
v -0.10876923 0.82353848 -0.37404022
v -0.10876923 0.81652784 0.20200001
v -0.10876923 0.82353848 0.19496827
v -0.10876923 0.83908451 -0.35738462
v -0.10876923 0.85461539 -0.34161907
v -0.10876923 0.85461539 0.18643130
v -0.10876923 0.86991912 -0.32630768
v -0.10876923 0.87740654 -0.29523078
v -0.10876923 0.88569230 -0.28693026
v -0.11534580 0.88569230 0.17092308
v -0.10876923 0.88569230 0.17143925
v -0.10876923 0.90122700 -0.26415384
v -0.10876923 0.90535414 -0.23307693
v -0.10876923 0.91676921 -0.21980447
v -0.11035014 0.91676921 0.10876923
v -0.10876923 0.91676921 0.11180101
v -0.10876923 0.90655625 0.13984616
v -0.10876923 0.88620800 0.17092308
v -0.10876923 0.93037927 -0.20200001
v -0.10876923 0.93231905 -0.17092308
v -0.10876923 0.93428582 -0.13984616
v -0.11673170 0.94784617 -0.10876923
v -0.10876923 0.94784617 -0.11344054
v -0.12033713 0.94784617 0.07769231
v -0.10876923 0.94784617 0.08538436
v -0.10876923 0.91833252 0.10876923
v -0.10876923 0.95158958 -0.10876923
v -0.10876923 0.96282721 -0.07769231
v -0.10876923 0.96337324 -0.04661538
v -0.10876923 0.96337700 -0.01553846
v -0.10876923 0.96338463 0.01553846
v -0.10876923 0.96337700 0.04661538
v -0.10876923 0.95552695 0.07769231
v -0.08620384 -0.57492310 -0.35738462
v -0.07769231 -0.57492310 -0.36590818
v -0.07769231 -0.58680135 -0.35738462
v -0.07769231 -0.60576552 -0.32630768
v -0.09415427 -0.57492310 -0.32630768
v -0.07769231 -0.60598487 -0.29523078
v -0.07769231 -0.59464240 -0.26415384
v -0.07769231 -0.59046155 -0.23307693
v -0.07769231 -0.59043121 -0.20200001
v -0.07769231 -0.59044635 -0.17092308
v -0.07769231 -0.59046912 -0.13984616
v -0.07769231 -0.59045017 -0.10876923
v -0.07769231 -0.58839864 -0.07769231
v -0.07769231 -0.57669324 -0.04661538
v -0.07769231 -0.57492310 -0.04444214
v -0.09638732 -0.54384613 -0.38846153
v -0.07769231 -0.54384613 -0.39542890
v -0.07769231 -0.55082405 -0.38846153
v -0.07769231 -0.56104946 -0.01553846
v -0.07769231 -0.55938083 0.01553846
v -0.09638085 -0.54384613 0.04661538
v -0.07769231 -0.54384613 0.04229071
v -0.07769231 -0.51276922 -0.43515238
v -0.07769231 -0.52837551 -0.41953847
v -0.07769231 -0.53952146 0.04661538
v -0.07769231 -0.52167237 0.07769231
v -0.07769231 -0.51276922 0.08659238
v -0.07769231 -0.48169231 -0.46515673
v -0.07769231 -0.49622607 -0.45061538
v -0.09883310 -0.48169231 0.10876923
v -0.07769231 -0.48169231 0.09893475
v -0.07769231 -0.45061538 -0.46626464
v -0.07769231 -0.47199991 0.10876923
v -0.07769231 -0.45061538 0.12448006
v -0.07769231 -0.41953847 -0.47651806
v -0.07769231 -0.42768657 0.13984616
v -0.08646221 -0.41953847 0.13984616
v -0.07769231 -0.41953847 0.14895843
v -0.08211324 -0.38846153 -0.48169231
v -0.07769231 -0.38846153 -0.48395571
v -0.07769231 -0.39722681 -0.48169231
v -0.10783643 -0.38846153 0.13984616
v -0.07769231 -0.39480653 0.17092308
v -0.08329570 -0.38846153 0.17092308
v -0.07769231 -0.38846153 0.17652878
v -0.07974902 -0.35738462 -0.48169231
v -0.07769231 -0.35738462 -0.48273981
v -0.09094378 -0.35738462 0.17092308
v -0.07769231 -0.35738462 0.18415967
v -0.07769231 -0.32630768 -0.49720043
v -0.09579439 -0.32630768 0.17092308
v -0.07769231 -0.32630768 0.18613601
v -0.07769231 -0.29523078 -0.49721560
v -0.09611904 -0.29523078 0.17092308
v -0.07769231 -0.29523078 0.18615912
v -0.07769231 -0.26415384 -0.49701169
v -0.07769231 -0.28015643 0.17092308
v -0.07769231 -0.26415384 0.15522659
v -0.07769231 -0.24280755 -0.48169231
v -0.07769231 -0.23307693 -0.47213626
v -0.07769231 -0.23307693 0.15877701
v -0.07769231 -0.20200001 -0.46615386
v -0.09984522 -0.20200001 0.17092308
v -0.07769231 -0.20200001 0.16645758
v -0.07769231 -0.17092308 -0.46616903
v -0.08690238 -0.17092308 0.17092308
v -0.07769231 -0.17092308 0.16891308
v -0.10719905 -0.13984616 -0.45061538
v -0.07769231 -0.13984616 -0.46185887
v -0.07769231 -0.13984616 0.16071351
v -0.07769231 -0.11363929 -0.45061538
v -0.07769231 -0.10876923 -0.44765356
v -0.07769231 -0.10876923 0.15538462
v -0.07769231 -0.07769231 -0.43774891
v -0.07769231 -0.07769231 0.15526216
v -0.07769231 -0.04661538 -0.43506932
v -0.07769231 -0.05686063 0.13984616
v -0.07769231 -0.04661538 0.12971887
v -0.07769231 -0.01553846 -0.43508831
v -0.07769231 -0.01553846 0.12430769
v -0.10760846 0.01553846 -0.41953847
v -0.07769231 0.01553846 -0.43351012
v -0.07769231 0.00406991 0.10876923
v -0.07769231 0.01553846 0.09730068
v -0.07769231 0.03340665 -0.41953847
v -0.07769231 0.04661538 -0.40784207
v -0.08494988 0.04661538 0.07769231
v -0.07769231 0.04161878 0.07769231
v -0.07769231 0.04661538 0.07268752
v -0.07769231 0.07769231 -0.40393141
v -0.07769231 0.07769231 0.05707485
v -0.07769231 0.09313190 -0.38846153
v -0.07769231 0.10876923 -0.37288520
v -0.07769231 0.08815178 0.04661538
v -0.07769231 0.10876923 0.03115979
v -0.07769231 0.12429252 -0.35738462
v -0.07769231 0.13984616 -0.34181195
v -0.08825941 0.13984616 0.01553846
v -0.07769231 0.12664691 0.04661538
v -0.10192990 0.13984616 0.04661538
v -0.07769231 0.12456577 0.07769231
v -0.10642552 0.13984616 0.07769231
v -0.07769231 0.12523973 0.10876923
v -0.10097599 0.13984616 0.10876923
v -0.07769231 0.13738959 0.13984616
v -0.08013786 0.13984616 0.13984616
v -0.07769231 0.13984616 0.14230818
v -0.07769231 0.15534289 -0.32630768
v -0.10712549 0.17092308 -0.29523078
v -0.07769231 0.17092308 -0.30874026
v -0.07769231 0.16176327 0.17092308
v -0.08728850 0.17092308 0.17092308
v -0.07769231 0.17092308 0.18008289
v -0.07769231 0.18444005 -0.29523078
v -0.07769231 0.18697332 -0.26415384
v -0.08648302 0.20200001 -0.23307693
v -0.07769231 0.20200001 -0.24050023
v -0.07769231 0.20200001 0.18795727
v -0.07769231 0.23307693 -0.37625703
v -0.07769231 0.21752329 -0.35738462
v -0.07769231 0.21752329 -0.32630768
v -0.07769231 0.23307693 -0.30851242
v -0.07769231 0.23307693 -0.25068974
v -0.07769231 0.21602032 0.20200001
v -0.07769231 0.23307693 0.22074829
v -0.07769231 0.26415384 -0.40334365
v -0.07769231 0.24592799 -0.38846153
v -0.07769231 0.24638073 -0.29523078
v -0.07769231 0.24652976 -0.26415384
v -0.07769231 0.24542737 0.23307693
v -0.07769231 0.26415384 0.25397843
v -0.07769231 0.29523078 -0.40399241
v -0.07769231 0.27433935 0.26415384
v -0.07769231 0.27973023 0.29523078
v -0.07769231 0.27966574 0.32630768
v -0.07769231 0.29523078 0.35708255
v -0.10768421 0.32630768 -0.41953847
v -0.07769231 0.32630768 -0.43010142
v -0.07769231 0.31575492 -0.41953847
v -0.07769231 0.29553282 0.35738462
v -0.07769231 0.32459596 0.38846153
v -0.08044419 0.32630768 0.38846153
v -0.07769231 0.32630768 0.39017731
v -0.07769231 0.35738462 -0.43506175
v -0.07769231 0.35738462 0.40400001
v -0.07769231 0.38846153 -0.44240373
v -0.07769231 0.38846153 0.40400001
v -0.09368464 0.41953847 -0.45061538
v -0.07769231 0.41953847 -0.45762146
v -0.07769231 0.40558940 -0.45061538
v -0.07769231 0.41953847 0.40403780
v -0.07769231 0.45061538 -0.55806708
v -0.07769231 0.43639815 -0.54384613
v -0.07769231 0.43508831 -0.51276922
v -0.07769231 0.43511474 -0.48169231
v -0.09893369 0.45061538 0.20200001
v -0.07769231 0.43604761 0.38846153
v -0.07769231 0.45061538 0.37384847
v -0.09791944 0.48169231 -0.57492310
v -0.07769231 0.48169231 -0.58374083
v -0.07769231 0.47287771 -0.57492310
v -0.09467434 0.48169231 0.17092308
v -0.07769231 0.48169231 0.18643878
v -0.07769231 0.46618798 0.20200001
v -0.07769231 0.46616521 0.23307693
v -0.07769231 0.46614626 0.26415384
v -0.07769231 0.47396007 0.29523078
v -0.07769231 0.47453418 0.32630768
v -0.07769231 0.46615386 0.35738462
v -0.07769231 0.51276922 -0.59045392
v -0.09795856 0.51276922 0.17092308
v -0.07769231 0.51276922 0.18642728
v -0.07769231 0.54384613 -0.59310967
v -0.07769231 0.54384613 0.18653350
v -0.07769231 0.57492310 -0.59281349
v -0.07769231 0.57492310 0.18640451
v -0.07769231 0.60600001 -0.59033549
v -0.07769231 0.60600001 0.18303216
v -0.07769231 0.62141991 -0.57492310
v -0.07769231 0.63707691 -0.55338848
v -0.07769231 0.63668853 0.17092308
v -0.07769231 0.63707691 0.17067401
v -0.07769231 0.64661932 -0.54384613
v -0.07769231 0.66632074 -0.51276922
v -0.07769231 0.66815382 -0.51093614
v -0.07769231 0.63732624 0.17092308
v -0.07769231 0.65261537 0.20200001
v -0.07769231 0.65258884 0.23307693
v -0.07769231 0.65257746 0.26415384
v -0.07769231 0.65258110 0.29523078
v -0.07769231 0.65260023 0.32630768
v -0.07769231 0.65373021 0.35738462
v -0.07769231 0.66815382 0.37183467
v -0.08514874 0.69923079 -0.48169231
v -0.07769231 0.69923079 -0.48471436
v -0.07769231 0.69735402 0.29523078
v -0.07769231 0.69923079 0.29328716
v -0.07769231 0.68360531 0.32630768
v -0.07769231 0.68259251 0.35738462
v -0.07769231 0.70225149 -0.48169231
v -0.07769231 0.73030770 -0.46562833
v -0.07769231 0.71476161 0.23307693
v -0.07769231 0.73030770 0.21751949
v -0.07769231 0.71447182 0.26415384
v -0.07769231 0.74532443 -0.45061538
v -0.07769231 0.76138461 -0.43508831
v -0.07769231 0.76138461 0.21758410
v -0.07769231 0.78040749 -0.41953847
v -0.07769231 0.79246151 -0.40748444
v -0.07769231 0.79246151 0.21754226
v -0.07769231 0.81436169 -0.38846153
v -0.07769231 0.82353848 -0.37928483
v -0.10088993 0.82353848 0.20200001
v -0.07769231 0.82353848 0.21639280
v -0.07769231 0.84055889 -0.35738462
v -0.07769231 0.85461539 -0.34331694
v -0.07769231 0.83787853 0.20200001
v -0.07769231 0.85461539 0.18640855
v -0.07769231 0.87013489 -0.32630768
v -0.08391435 0.88569230 -0.29523078
v -0.07769231 0.88569230 -0.29782313
v -0.07769231 0.88569230 0.17939755
v -0.07769231 0.88828927 -0.29523078
v -0.07769231 0.90123075 -0.26415384
v -0.07769231 0.91193920 -0.23307693
v -0.07769231 0.91676921 -0.22826667
v -0.07820533 0.91676921 0.13984616
v -0.07769231 0.91676921 0.14009938
v -0.07769231 0.89416385 0.17092308
v -0.07769231 0.93235308 -0.20200001
v -0.07769231 0.93230772 -0.17092308
v -0.07769231 0.93814766 -0.13984616
v -0.07769231 0.94784617 -0.12432020
v -0.07769231 0.92861205 0.10876923
v -0.07769231 0.94784617 0.09299581
v -0.07769231 0.91702294 0.13984616
v -0.07769231 0.95755541 -0.10876923
v -0.07769231 0.96339220 -0.07769231
v -0.07769231 0.96339220 -0.04661538
v -0.07769231 0.96338463 -0.01553846
v -0.07769231 0.96337700 0.01553846
v -0.07769231 0.96339220 0.04661538
v -0.07769231 0.96313459 0.07769231
v -0.04765038 -0.69923079 -0.38846153
v -0.04661538 -0.69923079 -0.38950044
v -0.04661538 -0.70078999 -0.38846153
v -0.04661538 -0.71285188 -0.35738462
v -0.05586974 -0.69923079 -0.35738462
v -0.04661538 -0.70292330 -0.32630768
v -0.05029367 -0.69923079 -0.32630768
v -0.04661538 -0.69923079 -0.32149544
v -0.05918899 -0.66815382 -0.38846153
v -0.04661538 -0.66815382 -0.40409556
v -0.06217282 -0.66815382 -0.35738462
v -0.06220684 -0.66815382 -0.32630768
v -0.04661538 -0.68354642 -0.29523078
v -0.05964055 -0.66815382 -0.29523078
v -0.04661538 -0.66815382 -0.27702346
v -0.06218420 -0.63707691 -0.38846153
v -0.04661538 -0.63707691 -0.41176924
v -0.06216523 -0.63707691 -0.35738462
v -0.06210465 -0.63707691 -0.32630768
v -0.06215764 -0.63707691 -0.29523078
v -0.04661538 -0.65772831 -0.26415384
v -0.06224074 -0.63707691 -0.26415384
v -0.04661538 -0.63707691 -0.24082221
v -0.06216143 -0.60600001 -0.38846153
v -0.04661538 -0.60600001 -0.41733849
v -0.06590421 -0.60600001 -0.35738462
v -0.07745758 -0.60600001 -0.32630768
v -0.07767719 -0.60600001 -0.29523078
v -0.06633466 -0.60600001 -0.26415384
v -0.04661538 -0.62924635 -0.23307693
v -0.06211579 -0.60600001 -0.23307693
v -0.04661538 -0.60600001 -0.20865636
v -0.06214247 -0.57492310 -0.38846153
v -0.04661538 -0.57492310 -0.41914928
v -0.04661538 -0.59936410 -0.20200001
v -0.04661538 -0.59042370 -0.17092308
v -0.04661538 -0.59045392 -0.13984616
v -0.04661538 -0.59046531 -0.10876923
v -0.04661538 -0.59049928 -0.07769231
v -0.04661538 -0.58148223 -0.04661538
v -0.04661538 -0.57492310 -0.03993040
v -0.04661538 -0.54384613 -0.41727573
v -0.04661538 -0.55955702 -0.01553846
v -0.04661538 -0.55928564 0.01553846
v -0.04661538 -0.54384613 0.03148580
v -0.04661538 -0.51276922 -0.43507692
v -0.04661538 -0.54158336 -0.41953847
v -0.04661538 -0.52880794 0.04661538
v -0.06455636 -0.51276922 0.07769231
v -0.04661538 -0.51276922 0.06670672
v -0.04661538 -0.48169231 -0.46619165
v -0.04661538 -0.49727997 -0.45061538
v -0.04661538 -0.50178367 0.07769231
v -0.04661538 -0.48169231 0.09324595
v -0.04661538 -0.45061538 -0.46872222
v -0.04661538 -0.45416695 0.10876923
v -0.04661538 -0.45061538 0.11231776
v -0.05127270 -0.41953847 -0.48169231
v -0.04661538 -0.41953847 -0.48275042
v -0.04661538 -0.42099595 -0.48169231
v -0.04661538 -0.43514484 0.13984616
v -0.04661538 -0.41953847 0.15541473
v -0.04661538 -0.38846153 -0.48854119
v -0.07197214 -0.38846153 0.17092308
v -0.04661538 -0.38846153 0.15555769
v -0.04661538 -0.35738462 -0.48704350
v -0.04661538 -0.35881355 0.17092308
v -0.04661538 -0.35738462 0.17231674
v -0.04661538 -0.32630768 -0.49722317
v -0.05466326 -0.32630768 0.17092308
v -0.04661538 -0.35356081 0.17092308
v -0.04661538 -0.32630768 0.16312540
v -0.04661538 -0.29523078 -0.49721560
v -0.04661538 -0.31853846 0.17092308
v -0.04661538 -0.29523078 0.18651453
v -0.04661538 -0.26415384 -0.49721554
v -0.04661538 -0.27956671 0.17092308
v -0.04661538 -0.26415384 0.15547234
v -0.04661538 -0.24380134 -0.48169231
v -0.04661538 -0.23307693 -0.47098163
v -0.04661538 -0.23307693 0.15541497
v -0.04661538 -0.20200001 -0.46615386
v -0.04661538 -0.20200001 0.15833697
v -0.04661538 -0.17092308 -0.46614626
v -0.04661538 -0.17092308 0.15950906
v -0.04661538 -0.13984616 -0.46555969
v -0.04661538 -0.13984616 0.15552996
v -0.06968414 -0.10876923 -0.45061538
v -0.04661538 -0.10876923 -0.45785055
v -0.04661538 -0.10876923 0.15538462
v -0.04661538 -0.09230348 -0.45061538
v -0.04661538 -0.07769231 -0.44402221
v -0.04661538 -0.07769231 0.15074912
v -0.04661538 -0.04661538 -0.43712983
v -0.04661538 -0.06625754 0.13984616
v -0.04661538 -0.04661538 0.12487732
v -0.04661538 -0.01553846 -0.43506932
v -0.04661538 -0.01553846 0.12217665
v -0.04661538 0.01553846 -0.43506932
v -0.04661538 -0.00114827 0.10876923
v -0.04661538 0.01553846 0.09423120
v -0.05233425 0.04661538 -0.41953847
v -0.04661538 0.04661538 -0.42326316
v -0.04661538 0.03262743 0.07769231
v -0.04661538 0.04661538 0.06368929
v -0.04661538 0.05034008 -0.41953847
v -0.04661538 0.07769231 -0.40399620
v -0.04661538 0.07769231 0.04745780
v -0.04661538 0.09871165 -0.38846153
v -0.04661538 0.10876923 -0.37841055
v -0.04661538 0.07853317 0.04661538
v -0.04661538 0.10876923 0.02931481
v -0.04661538 0.13231982 -0.35738462
v -0.04661538 0.13984616 -0.34985551
v -0.04661538 0.12426241 0.04661538
v -0.04661538 0.12433045 0.07769231
v -0.04661538 0.12430011 0.10876923
v -0.04661538 0.12803464 0.13984616
v -0.04661538 0.13984616 0.15167202
v -0.04661538 0.15653406 -0.32630768
v -0.04661538 0.17092308 -0.31187329
v -0.04661538 0.15547258 0.17092308
v -0.04661538 0.17092308 0.18634702
v -0.04661538 0.18641211 -0.29523078
v -0.04661538 0.18715706 -0.26415384
v -0.04661538 0.20200001 -0.24598935
v -0.04661538 0.20200001 0.19418252
v -0.06367969 0.23307693 -0.38846153
v -0.04661538 0.23307693 -0.40218294
v -0.04661538 0.21936305 -0.38846153
v -0.04661538 0.21003869 -0.35738462
v -0.04661538 0.21249965 -0.32630768
v -0.04661538 0.22109553 -0.29523078
v -0.06077133 0.23307693 -0.29523078
v -0.04661538 0.23307693 -0.28010434
v -0.04661538 0.23307693 -0.25176880
v -0.04661538 0.20980041 0.20200001
v -0.04661538 0.23307693 0.21758018
v -0.04661538 0.26415384 -0.40399620
v -0.04661538 0.24545830 -0.26415384
v -0.04661538 0.24857366 0.23307693
v -0.04661538 0.26415384 0.25027129
v -0.04661538 0.29523078 -0.40463987
v -0.04661538 0.27807009 0.26415384
v -0.04661538 0.27971506 0.29523078
v -0.04661538 0.27966574 0.32630768
v -0.04661538 0.29523078 0.35314327
v -0.04661538 0.32630768 -0.43256280
v -0.04661538 0.31264859 -0.41953847
v -0.04661538 0.29947209 0.35738462
v -0.06313597 0.32630768 0.38846153
v -0.04661538 0.32630768 0.38653311
v -0.04661538 0.35738462 -0.43507692
v -0.04661538 0.32823792 0.38846153
v -0.04661538 0.35738462 0.40398481
v -0.04661538 0.38846153 -0.44743785
v -0.04661538 0.38846153 0.40399241
v -0.04661538 0.41953847 -0.46224782
v -0.04661538 0.39343575 -0.45061538
v -0.04661538 0.41953847 0.40409046
v -0.04661538 0.45061538 -0.55935043
v -0.04661538 0.43510348 -0.54384613
v -0.04661538 0.43506554 -0.51276922
v -0.04661538 0.43506932 -0.48169231
v -0.04661538 0.43547654 0.38846153
v -0.04661538 0.45061538 0.37321329
v -0.04661538 0.48169231 -0.58783853
v -0.04661538 0.46879157 -0.57492310
v -0.04661538 0.46613488 0.20200001
v -0.04661538 0.48169231 0.18646534
v -0.04661538 0.46618798 0.23307693
v -0.04661538 0.46613866 0.26415384
v -0.04661538 0.47182298 0.29523078
v -0.04661538 0.47249302 0.32630768
v -0.04661538 0.46616143 0.35738462
v -0.04661538 0.51276922 -0.59042370
v -0.04661538 0.51276922 0.18648051
v -0.04661538 0.54384613 -0.59685719
v -0.04661538 0.54384613 0.18647671
v -0.04661538 0.57492310 -0.59622645
v -0.04661538 0.57492310 0.18650694
v -0.04661538 0.60600001 -0.59049934
v -0.04661538 0.60600001 0.18610127
v -0.04661538 0.62158388 -0.57492310
v -0.04661538 0.63707691 -0.55524904
v -0.07705671 0.63707691 0.17092308
v -0.04661538 0.63707691 0.17959316
v -0.04661538 0.64847982 -0.54384613
v -0.06703231 0.66815382 -0.51276922
v -0.04661538 0.66815382 -0.51610029
v -0.04661538 0.65260023 0.20200001
v -0.04661538 0.65259260 0.23307693
v -0.04661538 0.65257746 0.26415384
v -0.04661538 0.65258110 0.29523078
v -0.04661538 0.65259629 0.32630768
v -0.04661538 0.65249527 0.35738462
v -0.04661538 0.66815382 0.37306973
v -0.04661538 0.67148781 -0.51276922
v -0.04661538 0.69923079 -0.48968577
v -0.06225645 0.69923079 0.29523078
v -0.04661538 0.69923079 0.29713964
v -0.04661538 0.68371141 0.32630768
v -0.04661538 0.68382758 0.35738462
v -0.04661538 0.70721847 -0.48169231
v -0.04661538 0.73030770 -0.46616903
v -0.04661538 0.71475405 0.23307693
v -0.04661538 0.73030770 0.21750811
v -0.04661538 0.71473891 0.26415384
v -0.04661538 0.70112908 0.29523078
v -0.04661538 0.74587649 -0.45061538
v -0.04661538 0.76138461 -0.43509969
v -0.04661538 0.76138461 0.21759169
v -0.04661538 0.78390014 -0.41953847
v -0.04661538 0.79246151 -0.41097710
v -0.04661538 0.79246151 0.21753466
v -0.04661538 0.81848592 -0.38846153
v -0.04661538 0.82353848 -0.38340896
v -0.04661538 0.82353848 0.21081708
v -0.04661538 0.84280872 -0.35738462
v -0.04661538 0.85461539 -0.34557083
v -0.04661538 0.83563554 0.20200001
v -0.04661538 0.85461539 0.19008191
v -0.04661538 0.87013865 -0.32630768
v -0.04661538 0.88569230 -0.30247292
v -0.04661538 0.88569230 0.18235381
v -0.04661538 0.89294535 -0.29523078
v -0.04661538 0.90122318 -0.26415384
v -0.04661538 0.91635668 -0.23307693
v -0.04661538 0.91676921 -0.23266444
v -0.06185985 0.91676921 0.13984616
v -0.04661538 0.91652524 0.13984616
v -0.04661538 0.91676921 0.13951623
v -0.04661538 0.89711946 0.17092308
v -0.04661538 0.93231529 -0.20200001
v -0.04661538 0.93230009 -0.17092308
v -0.04661538 0.94019842 -0.13984616
v -0.04661538 0.94784617 -0.12856461
v -0.04661538 0.92995816 0.10876923
v -0.04661538 0.94784617 0.09320422
v -0.04661538 0.95915645 -0.10876923
v -0.04661538 0.96337700 -0.07769231
v -0.04661538 0.96339220 -0.04661538
v -0.04661538 0.96337700 -0.01553846
v -0.04661538 0.96337700 0.01553846
v -0.04661538 0.96340358 0.04661538
v -0.04661538 0.96334291 0.07769231
v -0.02069315 -0.85461539 -0.41953847
v -0.01553846 -0.85461539 -0.42602125
v -0.01553846 -0.85977221 -0.41953847
v -0.01553846 -0.86544150 -0.38846153
v -0.02637835 -0.85461539 -0.38846153
v -0.01553846 -0.85695785 -0.35738462
v -0.01787779 -0.85461539 -0.35738462
v -0.01553846 -0.85461539 -0.35499793
v -0.01990723 -0.82353848 -0.48169231
v -0.01553846 -0.82353848 -0.48606107
v -0.01553846 -0.82791460 -0.48169231
v -0.01553846 -0.84127450 -0.45061538
v -0.03109962 -0.82353848 -0.45061538
v -0.03106554 -0.82353848 -0.41953847
v -0.03106554 -0.82353848 -0.38846153
v -0.03117123 -0.82353848 -0.35738462
v -0.01553846 -0.82679111 -0.32630768
v -0.01873123 -0.82353848 -0.32630768
v -0.01553846 -0.82353848 -0.32311770
v -0.02818142 -0.79246151 -0.48169231
v -0.01553846 -0.79246151 -0.49462727
v -0.03115623 -0.79246151 -0.45061538
v -0.03110727 -0.79246151 -0.41953847
v -0.03111474 -0.79246151 -0.38846153
v -0.03121960 -0.79246151 -0.35738462
v -0.02104981 -0.79246151 -0.32630768
v -0.01553846 -0.79246151 -0.32077858
v -0.01553846 -0.77721584 -0.48169231
v -0.03001834 -0.76138461 -0.45061538
v -0.01553846 -0.76138461 -0.46771011
v -0.03111871 -0.76138461 -0.41953847
v -0.03111871 -0.76138461 -0.38846153
v -0.03109210 -0.76138461 -0.35738462
v -0.03108451 -0.76138461 -0.32630768
v -0.01553846 -0.76331186 -0.29523078
v -0.01745949 -0.76138461 -0.29523078
v -0.01553846 -0.76138461 -0.29331058
v -0.03098137 -0.73030770 -0.45061538
v -0.01553846 -0.73030770 -0.46757716
v -0.03111492 -0.73030770 -0.41953847
v -0.03433708 -0.73030770 -0.38846153
v -0.03566963 -0.73030770 -0.35738462
v -0.03108830 -0.73030770 -0.32630768
v -0.03106934 -0.73030770 -0.29523078
v -0.01553846 -0.73030770 -0.27207452
v -0.03100443 -0.69923079 -0.45061538
v -0.01553846 -0.69923079 -0.46604347
v -0.03109216 -0.69923079 -0.41953847
v -0.03345164 -0.69923079 -0.29523078
v -0.01553846 -0.72241867 -0.26415384
v -0.03110721 -0.69923079 -0.26415384
v -0.01553846 -0.69923079 -0.24763089
v -0.03029183 -0.66815382 -0.45061538
v -0.01553846 -0.66815382 -0.46537635
v -0.03413377 -0.66815382 -0.41953847
v -0.03611561 -0.66815382 -0.26415384
v -0.01553846 -0.68365788 -0.23307693
v -0.03008081 -0.66815382 -0.23307693
v -0.01553846 -0.66815382 -0.21851945
v -0.02853203 -0.63707691 -0.45061538
v -0.01553846 -0.63707691 -0.46360153
v -0.03883193 -0.63707691 -0.41953847
v -0.03880774 -0.63707691 -0.23307693
v -0.01553846 -0.64559054 -0.20200001
v -0.02404601 -0.63707691 -0.20200001
v -0.01553846 -0.63707691 -0.19349244
v -0.02473401 -0.60600001 -0.45061538
v -0.01553846 -0.60600001 -0.45981094
v -0.04441636 -0.60600001 -0.41953847
v -0.03997694 -0.60600001 -0.20200001
v -0.01553846 -0.60600001 -0.17461854
v -0.01553846 -0.57582551 -0.45061538
v -0.04622654 -0.57492310 -0.41953847
v -0.01553846 -0.57492310 -0.45022908
v -0.01553846 -0.60230613 -0.17092308
v -0.01553846 -0.59043503 -0.13984616
v -0.01553846 -0.59044635 -0.10876923
v -0.01553846 -0.59036261 -0.07769231
v -0.01553846 -0.58153391 -0.04661538
v -0.01553846 -0.57492310 -0.03994315
v -0.04435157 -0.54384613 -0.41953847
v -0.01553846 -0.54384613 -0.43918115
v -0.01553846 -0.55946076 -0.01553846
v -0.01553846 -0.55778813 0.01553846
v -0.01553846 -0.54384613 0.02947295
v -0.01553846 -0.51276922 -0.43509975
v -0.01553846 -0.52828491 0.04661538
v -0.01553846 -0.51276922 0.06213108
v -0.01553846 -0.48169231 -0.46632656
v -0.01553846 -0.49742252 -0.45061538
v -0.01553846 -0.49613652 0.07769231
v -0.01553846 -0.48169231 0.09215162
v -0.01553846 -0.45061538 -0.46721622
v -0.04285228 -0.45061538 0.10876923
v -0.01553846 -0.45061538 0.09375523
v -0.04080263 -0.41953847 -0.48169231
v -0.01553846 -0.41953847 -0.47757083
v -0.01553846 -0.43559384 0.10876923
v -0.01553846 -0.43468732 0.13984616
v -0.01553846 -0.41953847 0.15498357
v -0.01553846 -0.38846153 -0.48388013
v -0.01553846 -0.39874876 -0.48169231
v -0.01553846 -0.38846153 0.15049139
v -0.01553846 -0.36246556 -0.48169231
v -0.01760489 -0.35738462 -0.48169231
v -0.01553846 -0.35738462 -0.48123839
v -0.04522042 -0.35738462 0.17092308
v -0.01553846 -0.35738462 0.15540738
v -0.01553846 -0.32630768 -0.49721560
v -0.01553846 -0.35693005 -0.48169231
v -0.01553846 -0.32630768 0.15539600
v -0.01553846 -0.29523078 -0.49720800
v -0.01553846 -0.30093548 0.17092308
v -0.01553846 -0.29523078 0.17662777
v -0.01553846 -0.26415384 -0.49607432
v -0.01553846 -0.28953740 0.17092308
v -0.01553846 -0.26415384 0.15549736
v -0.01553846 -0.24817196 -0.48169231
v -0.01553846 -0.23307693 -0.46773908
v -0.01553846 -0.23307693 0.15538462
v -0.01553846 -0.20200001 -0.46615386
v -0.01553846 -0.20200001 0.15538462
v -0.01553846 -0.17092308 -0.46614626
v -0.01553846 -0.17092308 0.15533921
v -0.01553846 -0.13984616 -0.46600074
v -0.01553846 -0.13984616 0.15540358
v -0.01553846 -0.10876923 -0.45976570
v -0.01553846 -0.10876923 0.15346412
v -0.01553846 -0.08364928 -0.45061538
v -0.01553846 -0.07769231 -0.44781438
v -0.02514230 -0.07769231 0.13984616
v -0.01553846 -0.08504988 0.13984616
v -0.01553846 -0.07769231 0.13379185
v -0.01553846 -0.04661538 -0.43970495
v -0.01553846 -0.04661538 0.12430769
v -0.01553846 -0.01553846 -0.43503159
v -0.01553846 -0.01553846 0.10937312
v -0.01553846 0.01553846 -0.43508452
v -0.01553846 -0.01493635 0.10876923
v -0.01553846 0.01553846 0.09321559
v -0.01553846 0.04661538 -0.43193454
v -0.01553846 0.03120282 0.07769231
v -0.01553846 0.04661538 0.06230998
v -0.01553846 0.05920743 -0.41953847
v -0.01553846 0.07769231 -0.40420365
v -0.04557654 0.07769231 0.04661538
v -0.01553846 0.06387103 0.04661538
v -0.01553846 0.07769231 0.03274930
v -0.02395716 0.10876923 -0.38846153
v -0.01553846 0.10876923 -0.39314866
v -0.01594378 0.10876923 0.01553846
v -0.01553846 0.10844500 0.01553846
v -0.01553846 0.10876923 0.01521482
v -0.01553846 0.11346022 -0.38846153
v -0.03053646 0.13984616 -0.35738462
v -0.01553846 0.13984616 -0.36452654
v -0.01553846 0.10938853 0.01553846
v -0.01553846 0.12530208 0.04661538
v -0.01553846 0.12441865 0.07769231
v -0.01553846 0.12500156 0.10876923
v -0.01553846 0.13420962 0.13984616
v -0.01553846 0.13984616 0.14549395
v -0.01553846 0.14698802 -0.35738462
v -0.01553846 0.16367452 -0.32630768
v -0.01553846 0.17092308 -0.31905639
v -0.01553846 0.15768044 0.17092308
v -0.01553846 0.17092308 0.18412493
v -0.01553846 0.18638982 -0.29523078
v -0.01553846 0.19775619 -0.26415384
v -0.01553846 0.20200001 -0.24439219
v -0.01553846 0.20200001 0.18881343
v -0.01553846 0.23307693 -0.39998990
v -0.01553846 0.22154850 -0.38846153
v -0.01553846 0.21381377 -0.35738462
v -0.01553846 0.21594955 -0.32630768
v -0.01553846 0.22528374 -0.29523078
v -0.01553846 0.23307693 -0.28600577
v -0.01553846 0.23307693 -0.25032499
v -0.01553846 0.21517910 0.20200001
v -0.01553846 0.23307693 0.22801784
v -0.01553846 0.26415384 -0.40398863
v -0.01553846 0.24689832 -0.26415384
v -0.01553846 0.23814419 0.23307693
v -0.01553846 0.25868398 0.26415384
v -0.02201758 0.26415384 0.26415384
v -0.01553846 0.26415384 0.26963022
v -0.01553846 0.29523078 -0.40405715
v -0.01553846 0.27967712 0.29523078
v -0.01553846 0.28455958 0.32630768
v -0.01553846 0.29523078 0.33693799
v -0.01553846 0.32630768 -0.43103713
v -0.01553846 0.31474867 -0.41953847
v -0.01553846 0.31081465 0.35738462
v -0.01553846 0.32630768 0.37322468
v -0.01553846 0.35738462 -0.43506175
v -0.01553846 0.34462649 0.38846153
v -0.01553846 0.35738462 0.40092140
v -0.01553846 0.38846153 -0.44526166
v -0.01553846 0.38846153 0.40406781
v -0.01553846 0.41953847 -0.46098831
v -0.01553846 0.39779833 -0.45061538
v -0.01553846 0.41953847 0.39467210
v -0.01553846 0.45061538 -0.55935806
v -0.01553846 0.43510348 -0.54384613
v -0.01553846 0.43487704 -0.51276922
v -0.01553846 0.43482229 -0.48169231
v -0.02888442 0.45061538 0.20200001
v -0.01553846 0.43728799 0.20200001
v -0.01553846 0.45061538 0.18875760
v -0.01553846 0.45061538 0.23288535
v -0.01553846 0.42576110 0.38846153
v -0.01553846 0.45061538 0.37110701
v -0.01553846 0.48169231 -0.58832812
v -0.01553846 0.46830219 -0.57492310
v -0.01553846 0.48169231 0.17791533
v -0.01553846 0.45075953 0.23307693
v -0.01553846 0.46614626 0.26415384
v -0.01553846 0.46611604 0.29523078
v -0.01553846 0.46614626 0.32630768
v -0.01553846 0.46433401 0.35738462
v -0.01553846 0.51276922 -0.59041613
v -0.01553846 0.51276922 0.18424171
v -0.01553846 0.54384613 -0.59717512
v -0.01553846 0.54384613 0.18648431
v -0.01553846 0.57492310 -0.59672582
v -0.01553846 0.57492310 0.18647671
v -0.01553846 0.60600001 -0.59046912
v -0.01553846 0.60600001 0.18656717
v -0.01553846 0.62155741 -0.57492310
v -0.01553846 0.63707691 -0.55535543
v -0.01553846 0.63707691 0.18146861
v -0.01553846 0.64857560 -0.54384613
v -0.01553846 0.66815382 -0.51569271
v -0.01553846 0.65262300 0.20200001
v -0.01553846 0.65260023 0.23307693
v -0.01553846 0.65257353 0.26415384
v -0.01553846 0.65256596 0.29523078
v -0.01553846 0.65259248 0.32630768
v -0.01553846 0.65264952 0.35738462
v -0.01553846 0.66815382 0.37292686
v -0.01553846 0.67108381 -0.51276922
v -0.01553846 0.69923079 -0.48927921
v -0.01553846 0.68369609 0.32630768
v -0.01553846 0.69923079 0.29587913
v -0.01553846 0.68368852 0.35738462
v -0.01553846 0.70680928 -0.48169231
v -0.01553846 0.73030770 -0.46615005
v -0.01553846 0.71476161 0.23307693
v -0.01553846 0.73030770 0.21721317
v -0.01553846 0.71472371 0.26415384
v -0.01553846 0.69987696 0.29523078
v -0.01553846 0.74583477 -0.45061538
v -0.01553846 0.76138461 -0.43507692
v -0.01553846 0.76138461 0.21753088
v -0.01553846 0.78384066 -0.41953847
v -0.01553846 0.79246151 -0.41091758
v -0.01553846 0.79246151 0.21751949
v -0.01553846 0.81810880 -0.38846153
v -0.01553846 0.82353848 -0.38303182
v -0.01553846 0.82353848 0.21627639
v -0.01553846 0.84230918 -0.35738462
v -0.01553846 0.85461539 -0.34506387
v -0.01553846 0.83942807 0.20200001
v -0.01553846 0.85461539 0.18806064
v -0.01553846 0.87013865 -0.32630768
v -0.01553846 0.88569230 -0.30172908
v -0.01553846 0.88569230 0.18221061
v -0.01553846 0.89219564 -0.29523078
v -0.01553846 0.90123075 -0.26415384
v -0.01553846 0.91533065 -0.23307693
v -0.01553846 0.91676921 -0.23163703
v -0.01553846 0.90481651 0.13984616
v -0.01553846 0.91676921 0.12152357
v -0.01553846 0.89695174 0.17092308
v -0.01553846 0.93231148 -0.20200001
v -0.01553846 0.93230772 -0.17092308
v -0.01553846 0.93932867 -0.13984616
v -0.01553846 0.94784617 -0.12668057
v -0.01553846 0.92618430 0.10876923
v -0.01553846 0.94784617 0.09320422
v -0.01553846 0.95839202 -0.10876923
v -0.01553846 0.96339220 -0.07769231
v -0.01553846 0.96338463 -0.04661538
v -0.01553846 0.96339220 -0.01553846
v -0.01553846 0.96337700 0.01553846
v -0.01553846 0.96337700 0.04661538
v -0.01553846 0.96335047 0.07769231
v 0.01553846 -0.85461539 -0.43447244
v 0.01553846 -0.86119646 -0.41953847
v 0.01553846 -0.86948413 -0.38846153
v 0.01553846 -0.87011975 -0.35738462
v 0.01553846 -0.87014246 -0.32630768
v -0.00015720 -0.85461539 -0.32630768
v 0.01553846 -0.85883987 -0.29523078
v 0.01131752 -0.85461539 -0.29523078
v 0.01553846 -0.85461539 -0.29102057
v 0.00432597 -0.82353848 -0.51276922
v 0.01553846 -0.82353848 -0.52396774
v 0.01553846 -0.83474398 -0.51276922
v 0.01553846 -0.83911127 -0.48169231
v 0.01553846 -0.84767991 -0.45061538
v 0.00000000 -0.82353848 -0.29523078
v 0.01553846 -0.82353848 -0.27855334
v -0.00028618 -0.79246151 -0.51276922
v 0.01553846 -0.79246151 -0.53742832
v -0.00003794 -0.79246151 -0.29523078
v 0.01553846 -0.79246151 -0.26916647
v -0.00002276 -0.76138461 -0.51276922
v 0.01553846 -0.76138461 -0.53329414
v -0.00260452 -0.76138461 -0.48169231
v 0.01553846 -0.78749365 -0.26415384
v -0.00009057 -0.76138461 -0.26415384
v 0.01553846 -0.76138461 -0.24853246
v 0.01553846 -0.73042083 -0.51276922
v -0.00152549 -0.73030770 -0.48169231
v 0.01553846 -0.73030770 -0.51265562
v -0.00762638 -0.73030770 -0.26415384
v 0.01553846 -0.73552138 -0.23307693
v 0.01032052 -0.73030770 -0.23307693
v 0.01553846 -0.73030770 -0.22785905
v 0.00004552 -0.69923079 -0.48169231
v 0.01553846 -0.69923079 -0.50005102
v -0.00095053 -0.69923079 -0.23307693
v 0.01553846 -0.69923079 -0.21720107
v 0.00002276 -0.66815382 -0.48169231
v 0.01553846 -0.66815382 -0.49720794
v 0.01553846 -0.68273717 -0.20200001
v 0.00128697 -0.66815382 -0.20200001
v 0.01553846 -0.66815382 -0.18775609
v 0.00356003 -0.63707691 -0.48169231
v 0.01553846 -0.63707691 -0.49368510
v 0.01553846 -0.63707691 -0.17655452
v 0.01553846 -0.61412370 -0.48169231
v 0.01553846 -0.60600001 -0.47603348
v 0.01553846 -0.63142741 -0.17092308
v -0.01183499 -0.60600001 -0.17092308
v 0.01553846 -0.60600001 -0.15544531
v -0.01515164 -0.57492310 -0.45061538
v 0.01553846 -0.57492310 -0.46606314
v 0.01553846 -0.59043127 -0.13984616
v 0.01553846 -0.59043109 -0.10876923
v 0.01553846 -0.58996582 -0.07769231
v 0.00997116 -0.57492310 -0.04661538
v 0.01553846 -0.57492310 -0.04845325
v -0.00409362 -0.54384613 -0.45061538
v 0.01553846 -0.54384613 -0.46613488
v 0.01553846 -0.57318932 -0.04661538
v 0.01553846 -0.55938464 -0.01553846
v 0.01553846 -0.54726017 0.01553846
v 0.01553846 -0.54384613 0.01894947
v 0.00627682 -0.51276922 -0.45061538
v 0.01553846 -0.51276922 -0.45986107
v 0.01553846 -0.52464414 0.04661538
v 0.01553846 -0.51276922 0.05850467
v 0.01553846 -0.48169231 -0.46437189
v 0.00844034 -0.48169231 0.07769231
v 0.01553846 -0.48169231 0.07133713
v 0.01553846 -0.45061538 -0.46615386
v 0.01553846 -0.47535682 0.07769231
v 0.01553846 -0.45061538 0.09326859
v 0.01553846 -0.41953847 -0.46787566
v 0.01553846 -0.43497777 0.10876923
v 0.01553846 -0.42559704 0.13984616
v 0.01553846 -0.41953847 0.14589275
v -0.01181638 -0.38846153 -0.48169231
v 0.01553846 -0.38846153 -0.47058016
v 0.00159520 -0.38846153 0.13984616
v 0.01553846 -0.40825537 0.13984616
v 0.01553846 -0.38846153 0.13059933
v 0.01553846 -0.35738462 -0.47028944
v 0.01553846 -0.37050071 0.13984616
v 0.01553846 -0.35738462 0.14719073
v 0.01553846 -0.32630768 -0.49719283
v 0.01553846 -0.34596762 -0.48169231
v 0.01553846 -0.32630768 0.15314499
v 0.01553846 -0.29523078 -0.49523997
v -0.00898116 -0.29523078 0.17092308
v 0.01553846 -0.29523078 0.15672897
v 0.01553846 -0.26415384 -0.48946011
v 0.01553846 -0.26415384 0.14327364
v 0.01553846 -0.25639173 -0.48169231
v 0.01553846 -0.23307693 -0.46612355
v 0.01553846 -0.23307693 0.15355256
v 0.01553846 -0.20200001 -0.46615764
v 0.01553846 -0.20200001 0.15537703
v 0.01553846 -0.17092308 -0.46614626
v 0.01553846 -0.17092308 0.15535806
v 0.01553846 -0.13984616 -0.46348709
v 0.01553846 -0.13984616 0.15336786
v 0.01553846 -0.10876923 -0.45415774
v 0.00645891 -0.10876923 0.13984616
v 0.01553846 -0.11792993 0.13984616
v 0.01553846 -0.10876923 0.13226920
v 0.01553846 -0.10059190 -0.45061538
v 0.01553846 -0.07769231 -0.44236687
v 0.01553846 -0.07769231 0.12428493
v 0.01553846 -0.04661538 -0.43767107
v 0.01553846 -0.04661538 0.12227422
v 0.01553846 -0.01553846 -0.43500900
v -0.01492461 -0.01553846 0.10876923
v 0.01553846 -0.03299001 0.10876923
v 0.01553846 -0.01553846 0.09336070
v 0.01553846 0.01553846 -0.43507692
v 0.01553846 0.01553846 0.09287809
v 0.01553846 0.04661538 -0.43443012
v 0.01553846 0.03065631 0.07769231
v 0.01553846 0.04661538 0.05132629
v 0.01553846 0.06482559 -0.41953847
v 0.01553846 0.07769231 -0.40728042
v 0.01553846 0.05135747 0.04661538
v 0.01553846 0.07769231 0.03109210
v 0.01553846 0.10876923 -0.40053824
v 0.01553846 0.09324595 0.01553846
v 0.01553846 0.10876923 -0.00003794
v 0.01553846 0.12085317 -0.38846153
v 0.01553846 0.13984616 -0.37118065
v 0.01119874 0.13984616 0.01553846
v 0.01553846 0.13984616 -0.00035150
v 0.01553846 0.13984616 0.03038258
v 0.01553846 0.13722692 0.04661538
v 0.01553846 0.13774914 0.07769231
v 0.01083621 0.13984616 0.10876923
v 0.01553846 0.13984616 0.08724511
v -0.00949104 0.13984616 0.13984616
v 0.01553846 0.15364218 -0.35738462
v 0.00927137 0.17092308 -0.32630768
v 0.01553846 0.17092308 -0.32852533
v 0.01553846 0.14226088 0.01553846
v 0.01553846 0.14420094 0.10876923
v 0.01553846 0.15470426 0.13984616
v 0.00591003 0.17092308 0.17092308
v 0.01553846 0.17092308 0.16317376
v 0.01553846 0.17314078 -0.32630768
v 0.01553846 0.18656456 -0.29523078
v 0.01553846 0.19796364 -0.26415384
v -0.00223773 0.20200001 -0.23307693
v 0.01553846 0.19864921 -0.23307693
v 0.01553846 0.20200001 -0.22973195
v 0.01553846 0.17870085 0.17092308
v 0.01553846 0.20200001 0.18641602
v -0.00401004 0.23307693 -0.38846153
v 0.01553846 0.23307693 -0.36942250
v 0.01553846 0.22102095 -0.35738462
v 0.01553846 0.22547248 -0.32630768
v -0.00769123 0.23307693 -0.29523078
v 0.01553846 0.23307693 -0.31870040
v 0.01553846 0.23307693 -0.24897987
v 0.01553846 0.20538174 -0.23307693
v 0.01553846 0.22150144 0.20200001
v 0.01553846 0.23307693 0.22729766
v 0.01553846 0.26415384 -0.39933994
v 0.01553846 0.25326511 -0.38846153
v 0.01553846 0.24866103 -0.29523078
v 0.01553846 0.24818233 -0.26415384
v 0.01553846 0.23679094 0.23307693
v 0.01553846 0.26372886 0.26415384
v 0.01553846 0.26415384 0.26457837
v 0.01553846 0.29523078 -0.40400001
v 0.00287754 0.29523078 0.29523078
v 0.01553846 0.29523078 0.28200331
v -0.00488778 0.29523078 0.32630768
v 0.01553846 0.32630768 -0.42338556
v 0.01553846 0.32247370 -0.41953847
v 0.01553846 0.30790272 0.29523078
v 0.01553846 0.31079578 0.32630768
v 0.01261243 0.32630768 0.35738462
v 0.01553846 0.32630768 0.35445729
v 0.01553846 0.35738462 -0.43508071
v 0.01553846 0.32923371 0.35738462
v -0.00312946 0.35738462 0.38846153
v 0.01553846 0.35738462 0.37286261
v 0.01553846 0.38846153 -0.43828166
v 0.00249830 0.38846153 0.38846153
v 0.01553846 0.38846153 0.37533319
v 0.01553846 0.41953847 -0.45092759
v 0.01553846 0.41907018 -0.45061538
v 0.00162223 0.41953847 0.20200001
v 0.01553846 0.40564096 0.20200001
v 0.01553846 0.41953847 0.18818429
v 0.01553846 0.41953847 0.21795659
v -0.00931819 0.41953847 0.38846153
v 0.01553846 0.41953847 0.37291169
v 0.01553846 0.45061538 -0.55932748
v 0.01553846 0.43514165 -0.54384613
v 0.01553846 0.43504265 -0.51276922
v 0.01553846 0.43501219 -0.48169231
v 0.01553846 0.45061538 0.17796548
v -0.01539466 0.45061538 0.23307693
v 0.01553846 0.43303111 0.23307693
v 0.01553846 0.45061538 0.26352268
v -0.00144274 0.45061538 0.35738462
v 0.01553846 0.43544680 0.35738462
v 0.01553846 0.45061538 0.33943689
v 0.01553846 0.48169231 -0.58564335
v 0.01553846 0.47097546 -0.57492310
v 0.01553846 0.48169231 0.18157198
v 0.01553846 0.45124844 0.26415384
v 0.01553846 0.46601608 0.29523078
v 0.01553846 0.46336651 0.32630768
v 0.01553846 0.51276922 -0.59046155
v 0.00469549 0.51276922 0.17092308
v 0.01553846 0.49923638 0.17092308
v 0.01553846 0.51276922 0.16202301
v 0.01553846 0.54384613 -0.59355652
v 0.01553846 0.53077328 0.17092308
v 0.01553846 0.54384613 0.17794877
v 0.01553846 0.57492310 -0.59351844
v 0.01553846 0.57492310 0.18914549
v 0.01553846 0.60600001 -0.59049934
v 0.01553846 0.60600001 0.18648809
v 0.01553846 0.62158763 -0.57492310
v 0.01553846 0.63707691 -0.55379224
v 0.01553846 0.63707691 0.17964864
v 0.01553846 0.64701313 -0.54384613
v -0.00013123 0.66815382 -0.51276922
v 0.01553846 0.66518265 -0.51276922
v 0.01553846 0.66815382 -0.50979680
v 0.01553846 0.65260780 0.20200001
v 0.01553846 0.65260780 0.23307693
v 0.01553846 0.65256214 0.26415384
v 0.01553846 0.65256977 0.29523078
v 0.01553846 0.65261537 0.32630768
v 0.01553846 0.65553421 0.35738462
v 0.01553846 0.66815382 0.37001887
v 0.01553846 0.69923079 -0.48282421
v -0.01313358 0.69923079 0.29523078
v 0.01553846 0.69295251 0.29523078
v 0.01553846 0.69923079 0.28770801
v 0.01553846 0.68365818 0.32630768
v 0.01553846 0.68081015 0.35738462
v 0.01553846 0.70036268 -0.48169231
v 0.01553846 0.73030770 -0.46507844
v 0.00839683 0.73030770 0.20200001
v 0.01553846 0.72339118 0.20200001
v 0.01553846 0.73030770 0.19509144
v 0.01553846 0.71475786 0.23307693
v 0.01553846 0.71297973 0.26415384
v 0.01553846 0.74477458 -0.45061538
v 0.01553846 0.76138461 -0.43509209
v 0.01553846 0.73723996 0.20200001
v 0.01553846 0.76138461 0.21751191
v 0.01553846 0.77978128 -0.41953847
v 0.01553846 0.79246151 -0.40685821
v 0.01553846 0.79246151 0.21752329
v 0.01553846 0.81292653 -0.38846153
v 0.01553846 0.82353848 -0.37784967
v 0.00644575 0.82353848 0.20200001
v 0.01553846 0.81543016 0.20200001
v 0.01553846 0.82353848 0.19391222
v 0.01553846 0.83953333 -0.35738462
v 0.01553846 0.85461539 -0.34228745
v 0.01553846 0.85461539 0.18643878
v 0.01553846 0.87014627 -0.32630768
v 0.01413875 0.88569230 -0.29523078
v 0.01553846 0.88530999 -0.29523078
v 0.01553846 0.88569230 -0.29484802
v -0.00257216 0.88569230 0.17092308
v 0.01553846 0.87191230 0.17092308
v 0.01553846 0.88569230 0.15714306
v 0.01553846 0.90123838 -0.26415384
v 0.01553846 0.90969670 -0.23307693
v 0.01553846 0.91676921 -0.22597767
v 0.01553846 0.90122700 0.13984616
v 0.01553846 0.91676921 0.11193591
v 0.01553846 0.93227720 -0.20200001
v 0.01553846 0.93231529 -0.17092308
v 0.01553846 0.93613923 -0.13984616
v 0.01553846 0.94784617 -0.11863168
v 0.01553846 0.91992891 0.10876923
v 0.01553846 0.94784617 0.09319283
v 0.01553846 0.95466274 -0.10876923
v 0.01553846 0.96336186 -0.07769231
v 0.01553846 0.96336943 -0.04661538
v 0.01553846 0.96337700 -0.01553846
v 0.01553846 0.96338463 0.01553846
v 0.01553846 0.96339977 0.04661538
v 0.01553846 0.96335429 0.07769231
v 0.03503883 -0.97892308 -0.45061538
v 0.04661538 -0.97892308 -0.47937083
v 0.04661538 -0.99050671 -0.45061538
v 0.04661538 -0.99267846 -0.41953847
v 0.03289001 -0.97892308 -0.41953847
v 0.04661538 -0.97892308 -0.40492463
v 0.04030822 -0.94784617 -0.54384613
v 0.04661538 -0.94784617 -0.55016565
v 0.04661538 -0.95416814 -0.54384613
v 0.04661538 -0.96594787 -0.51276922
v 0.03108451 -0.94784617 -0.51276922
v 0.04661538 -0.97750175 -0.48169231
v 0.03073609 -0.94784617 -0.48169231
v 0.03060439 -0.94784617 -0.45061538
v 0.03106934 -0.94784617 -0.41953847
v 0.04661538 -0.95533592 -0.38846153
v 0.03977178 -0.94784617 -0.38846153
v 0.04661538 -0.94784617 -0.38161266
v 0.03553318 -0.91676921 -0.54384613
v 0.04661538 -0.91676921 -0.55491436
v 0.03111486 -0.91676921 -0.51276922
v 0.02576841 -0.91676921 -0.48169231
v 0.02531082 -0.91676921 -0.45061538
v 0.03108830 -0.91676921 -0.41953847
v 0.04156555 -0.91676921 -0.38846153
v 0.04661538 -0.91676921 -0.38340756
v 0.04661538 -0.90299237 -0.54384613
v 0.03111118 -0.88569230 -0.51276922
v 0.04661538 -0.88569230 -0.53106350
v 0.03101611 -0.88569230 -0.48169231
v 0.03060842 -0.88569230 -0.45061538
v 0.03097390 -0.88569230 -0.41953847
v 0.03088558 -0.88569230 -0.38846153
v 0.04661538 -0.88569230 -0.36809346
v 0.03104669 -0.85461539 -0.51276922
v 0.04661538 -0.85461539 -0.52899355
v 0.03102358 -0.85461539 -0.48169231
v 0.02246611 -0.85461539 -0.45061538
v 0.04661538 -0.87486160 -0.35738462
v 0.04661538 -0.87014627 -0.32630768
v 0.04661538 -0.87013113 -0.29523078
v 0.04661538 -0.85612929 -0.26415384
v 0.04510294 -0.85461539 -0.26415384
v 0.04661538 -0.85461539 -0.26263997
v 0.04661538 -0.82353848 -0.52822351
v 0.02994929 -0.82353848 -0.26415384
v 0.04661538 -0.82353848 -0.24862677
v 0.02199132 -0.79246151 -0.54384613
v 0.04661538 -0.79246151 -0.55945760
v 0.04661538 -0.80796564 -0.54384613
v 0.02055107 -0.79246151 -0.26415384
v 0.04661538 -0.79246151 -0.24383886
v 0.02611766 -0.76138461 -0.54384613
v 0.04661538 -0.76138461 -0.56201500
v 0.04661538 -0.78150392 -0.23307693
v 0.03129209 -0.76138461 -0.23307693
v 0.04661538 -0.76138461 -0.21774603
v 0.03492609 -0.73030770 -0.54384613
v 0.04661538 -0.73030770 -0.55552834
v 0.01565203 -0.73030770 -0.51276922
v 0.04661538 -0.73030770 -0.21523161
v 0.04661538 -0.71863258 -0.54384613
v 0.02825664 -0.69923079 -0.51276922
v 0.04661538 -0.69923079 -0.52826977
v 0.04661538 -0.71635294 -0.20200001
v 0.03146280 -0.69923079 -0.20200001
v 0.04661538 -0.69923079 -0.18718824
v 0.03283536 -0.66815382 -0.51276922
v 0.04661538 -0.66815382 -0.52654177
v 0.04661538 -0.66815382 -0.18253057
v 0.04661538 -0.64771181 -0.51276922
v 0.04661538 -0.63707691 -0.50366622
v 0.04661538 -0.65656054 -0.17092308
v 0.02116089 -0.63707691 -0.17092308
v 0.04661538 -0.63707691 -0.15536565
v 0.02120179 -0.60600001 -0.48169231
v 0.04661538 -0.60600001 -0.49721560
v 0.04661538 -0.60600001 -0.14609547
v 0.03611052 -0.57492310 -0.48169231
v 0.04661538 -0.57492310 -0.49226829
v 0.04661538 -0.59974092 -0.13984616
v 0.04661538 -0.59041584 -0.10876923
v 0.04661538 -0.58376890 -0.07769231
v 0.04661538 -0.57492310 -0.06578785
v 0.04661538 -0.56149542 -0.48169231
v 0.04661538 -0.54384613 -0.46914583
v 0.04661538 -0.56278580 -0.04661538
v 0.04661538 -0.55944133 -0.01553846
v 0.01950345 -0.54384613 0.01553846
v 0.04661538 -0.54384613 0.00136047
v 0.04661538 -0.51276922 -0.46614248
v 0.04661538 -0.52963066 0.01553846
v 0.03126909 -0.51276922 0.04661538
v 0.04661538 -0.51276922 0.03492135
v 0.04661538 -0.48169231 -0.45706713
v 0.04661538 -0.50105029 0.04661538
v 0.04661538 -0.48169231 0.06214247
v 0.04661538 -0.45061538 -0.46633399
v 0.04250493 -0.45061538 0.07769231
v 0.04661538 -0.45061538 0.07356799
v 0.04661538 -0.41953847 -0.46614248
v 0.04661538 -0.44650149 0.07769231
v 0.04661538 -0.43534911 0.10876923
v 0.02291778 -0.41953847 0.13984616
v 0.04661538 -0.41953847 0.12653701
v 0.04661538 -0.38846153 -0.46615764
v 0.04661538 -0.38846153 0.12427735
v 0.04661538 -0.35738462 -0.46610096
v 0.04661538 -0.37141857 0.13984616
v 0.04661538 -0.35738462 0.15390263
v 0.04661538 -0.32630768 -0.48510930
v 0.04661538 -0.32970408 -0.48169231
v 0.03323072 -0.32630768 0.13984616
v 0.04661538 -0.33893678 0.13984616
v 0.04661538 -0.32630768 0.12862206
v 0.04661538 -0.31182703 -0.48169231
v 0.04181557 -0.29523078 -0.48169231
v 0.04661538 -0.29523078 -0.47783798
v 0.04661538 -0.31504500 0.13984616
v 0.04661538 -0.29523078 0.15532771
v 0.02726190 -0.26415384 -0.48169231
v 0.04661538 -0.26415384 -0.47064230
v 0.01962165 -0.26415384 0.13984616
v 0.04661538 -0.27819237 0.13984616
v 0.04661538 -0.26415384 0.12584907
v 0.04661538 -0.23307693 -0.46581265
v 0.03274894 -0.23307693 0.13984616
v 0.04661538 -0.23307693 0.12778948
v 0.04661538 -0.20200001 -0.46454644
v 0.04261589 -0.20200001 0.13984616
v 0.04661538 -0.20200001 0.13585342
v 0.04661538 -0.17092308 -0.46031454
v 0.04498640 -0.17092308 0.13984616
v 0.04661538 -0.17092308 0.13822097
v 0.04661538 -0.14356527 -0.45061538
v 0.04411744 -0.13984616 -0.45061538
v 0.04661538 -0.13984616 -0.44880834
v 0.03426056 -0.13984616 0.13984616
v 0.04661538 -0.13984616 0.12936653
v 0.02084602 -0.10876923 -0.45061538
v 0.04661538 -0.10876923 -0.43864548
v 0.04661538 -0.10876923 0.12429632
v 0.04661538 -0.07769231 -0.43508452
v 0.04661538 -0.07769231 0.12261386
v 0.04661538 -0.04661538 -0.43507692
v 0.03188709 -0.04661538 0.10876923
v 0.04661538 -0.06099290 0.10876923
v 0.04661538 -0.04661538 0.09606243
v 0.04661538 -0.01553846 -0.43507692
v 0.04661538 -0.01553846 0.09163723
v 0.04661538 0.01553846 -0.43506932
v 0.03490226 0.01553846 0.07769231
v 0.04661538 0.00262610 0.07769231
v 0.04661538 0.01553846 0.06631563
v 0.04661538 0.04661538 -0.43197468
v 0.02021107 0.04661538 0.04661538
v 0.04661538 0.03094178 0.04661538
v 0.04661538 0.04661538 0.03098706
v 0.04661538 0.06211982 -0.41953847
v 0.04661538 0.07769231 -0.40706229
v 0.03647019 0.07769231 0.01553846
v 0.04661538 0.06757367 0.01553846
v 0.04661538 0.07769231 0.00536660
v 0.04661538 0.10876923 -0.40348715
v 0.04490828 0.10876923 -0.01553846
v 0.04661538 0.10706687 -0.01553846
v 0.04661538 0.10876923 -0.01723923
v 0.04661538 0.12380623 -0.38846153
v 0.04661538 0.13984616 -0.37291548
v 0.01784400 0.13984616 -0.01553846
v 0.04661538 0.13984616 -0.04261228
v 0.01815306 0.13984616 0.04661538
v 0.01762694 0.13984616 0.07769231
v 0.04661538 0.15537323 -0.35738462
v 0.04661538 0.17092308 -0.33539620
v 0.04661538 0.15541497 -0.01553846
v 0.04661538 0.15542634 0.01553846
v 0.04661538 0.15541117 0.04661538
v 0.04661538 0.15541875 0.07769231
v 0.04661538 0.15538462 0.10876923
v 0.04661538 0.16041999 0.13984616
v 0.04661538 0.17092308 0.15034580
v 0.04661538 0.18002100 -0.32630768
v 0.04661538 0.18677071 -0.29523078
v 0.04661538 0.19696462 -0.26415384
v 0.02074514 0.20200001 -0.23307693
v 0.04661538 0.20200001 -0.25658995
v 0.04316241 0.20200001 0.17092308
v 0.04661538 0.20200001 0.16748799
v 0.03951726 0.23307693 -0.35738462
v 0.04661538 0.23307693 -0.35255873
v 0.04661538 0.21739917 -0.32630768
v 0.04661538 0.22422606 -0.29523078
v 0.03800517 0.23307693 -0.29523078
v 0.04661538 0.23307693 -0.28660533
v 0.04661538 0.23307693 -0.23442103
v 0.04661538 0.20544396 0.17092308
v 0.02936804 0.23307693 0.20200001
v 0.04661538 0.23307693 0.18875855
v 0.02726545 0.26415384 -0.38846153
v 0.04661538 0.26415384 -0.37383145
v 0.04661538 0.23797442 -0.35738462
v 0.04661538 0.24856986 -0.26415384
v 0.04661538 0.24630356 0.20200001
v 0.04661538 0.24862297 0.23307693
v 0.01596144 0.26415384 0.26415384
v 0.04661538 0.26415384 0.24857756
v 0.04661538 0.29523078 -0.40181977
v 0.04661538 0.28096718 -0.38846153
v 0.04522018 0.29523078 0.26415384
v 0.04661538 0.29523078 0.26285762
v 0.02126912 0.32630768 -0.41953847
v 0.04661538 0.32630768 -0.40760520
v 0.04661538 0.29659444 0.26415384
v 0.03573306 0.32630768 0.29523078
v 0.04661538 0.32630768 0.28399491
v 0.03099761 0.32630768 0.32630768
v 0.04661538 0.35738462 -0.43501979
v 0.04661538 0.33829501 -0.41953847
v 0.04661538 0.33715895 0.29523078
v 0.04661538 0.34778014 0.32630768
v 0.03101646 0.35738462 0.35738462
v 0.04661538 0.35738462 0.33592498
v 0.04661538 0.38846153 -0.43506932
v 0.03562517 0.38846153 0.23307693
v 0.04661538 0.37747133 0.23307693
v 0.04661538 0.38846153 0.20372939
v 0.04661538 0.38846153 0.24483971
v 0.03344162 0.38846153 0.35738462
v 0.04661538 0.38846153 0.34408733
v 0.01595125 0.41953847 -0.45061538
v 0.04661538 0.41953847 -0.43731406
v 0.04661538 0.38943318 0.20200001
v 0.04661538 0.41953847 0.17859213
v 0.02904606 0.41953847 0.23307693
v 0.04661538 0.41459638 0.26415384
v 0.04210448 0.41953847 0.26415384
v 0.04661538 0.41953847 0.27056462
v 0.03106175 0.41953847 0.35738462
v 0.04661538 0.41953847 0.33113560
v 0.04661538 0.45061538 -0.55471122
v 0.04661538 0.43974337 -0.54384613
v 0.04661538 0.43511853 -0.51276922
v 0.04661538 0.43511474 -0.48169231
v 0.04661538 0.43283600 -0.45061538
v 0.04661538 0.45061538 0.18560918
v 0.01617092 0.45061538 0.26415384
v 0.04661538 0.43181872 0.29523078
v 0.03093917 0.45061538 0.29523078
v 0.02829327 0.45061538 0.32630768
v 0.04661538 0.42436638 0.32630768
v 0.04661538 0.48169231 -0.57553440
v 0.04661538 0.48108155 -0.57492310
v 0.04661538 0.48169231 0.18639681
v 0.04661538 0.51276922 -0.59047669
v 0.03186184 0.51276922 0.17092308
v 0.04661538 0.51276922 0.17920692
v 0.04661538 0.54384613 -0.59041619
v 0.02261240 0.54384613 0.17092308
v 0.04661538 0.54384613 0.15547246
v 0.04661538 0.52111000 0.17092308
v 0.04661538 0.57492310 -0.59042370
v 0.04661538 0.55929679 0.17092308
v 0.04661538 0.57492310 0.18666533
v 0.04661538 0.60600001 -0.58871913
v 0.04661538 0.60600001 0.18971997
v 0.04661538 0.61980349 -0.57492310
v 0.04661538 0.63707691 -0.54981363
v 0.04661538 0.63707691 0.18576115
v 0.04661538 0.64303970 -0.54384613
v 0.04661538 0.65831333 -0.51276922
v 0.04661538 0.66815382 -0.50292546
v 0.04661538 0.65261537 0.20200001
v 0.04661538 0.65259260 0.23307693
v 0.04661538 0.65261537 0.26415384
v 0.04661538 0.65247774 0.29523078
v 0.04661538 0.65218967 0.32630768
v 0.04531229 0.66815382 0.35738462
v 0.04661538 0.66815382 0.35647818
v 0.04661538 0.68991733 -0.48169231
v 0.01806059 0.69923079 -0.48169231
v 0.04661538 0.69923079 -0.47238201
v 0.04661538 0.68498546 0.29523078
v 0.04661538 0.69923079 0.26990205
v 0.04661538 0.68366957 0.32630768
v 0.04661538 0.73030770 -0.45775643
v 0.04661538 0.71476924 0.20200001
v 0.04661538 0.73030770 0.17532173
v 0.04661538 0.71482223 0.23307693
v 0.04661538 0.70423388 0.26415384
v 0.04661538 0.73745143 -0.45061538
v 0.04661538 0.76138461 -0.43509588
v 0.03656195 0.76138461 0.20200001
v 0.04661538 0.76138461 0.19197656
v 0.04661538 0.77693826 -0.41953847
v 0.04661538 0.79246151 -0.40400001
v 0.03619907 0.79246151 0.20200001
v 0.04661538 0.79246151 0.19161415
v 0.04661538 0.80798483 -0.38846153
v 0.04661538 0.82353848 -0.37290791
v 0.04661538 0.82353848 0.18646912
v 0.04661538 0.83907694 -0.35738462
v 0.04661538 0.85461539 -0.34059161
v 0.04166952 0.85461539 0.17092308
v 0.04661538 0.84968174 0.17092308
v 0.04661538 0.85461539 0.16598527
v 0.04661538 0.86889923 -0.32630768
v 0.04661538 0.87534678 -0.29523078
v 0.04661538 0.88569230 -0.28490543
v 0.03439476 0.88569230 0.13984616
v 0.04661538 0.87348616 0.13984616
v 0.04661538 0.88569230 0.12763999
v 0.04661538 0.90126491 -0.26415384
v 0.04661538 0.90314651 -0.23307693
v 0.04661538 0.91676921 -0.21474925
v 0.02437001 0.91676921 0.10876923
v 0.04661538 0.90986979 0.10876923
v 0.04661538 0.91676921 0.10186979
v 0.04661538 0.92770469 -0.20200001
v 0.04661538 0.93231905 -0.17092308
v 0.04661538 0.93238002 -0.13984616
v 0.03562861 0.94784617 -0.10876923
v 0.04661538 0.94370687 -0.10876923
v 0.04661538 0.94784617 -0.10234583
v 0.04661538 0.94784617 0.09243815
v 0.04661538 0.95937479 -0.07769231
v 0.04661538 0.96339977 -0.04661538
v 0.04661538 0.96337700 -0.01553846
v 0.04661538 0.96337700 0.01553846
v 0.04661538 0.96338463 0.04661538
v 0.04661538 0.96259946 0.07769231
v 0.07769231 -0.97892308 -0.46096230
v 0.07769231 -0.98428637 -0.45061538
v 0.07769231 -0.99310303 -0.41953847
v 0.07769231 -0.99443877 -0.38846153
v 0.06128192 -0.97892308 -0.38846153
v 0.07769231 -0.97892308 -0.36785126
v 0.06231898 -0.94784617 -0.57492310
v 0.07769231 -0.94784617 -0.59030402
v 0.07769231 -0.96320814 -0.57492310
v 0.07769231 -0.96342266 -0.54384613
v 0.07769231 -0.96351469 -0.51276922
v 0.07769231 -0.96975768 -0.48169231
v 0.07769231 -0.96655673 -0.35738462
v 0.06421909 -0.94784617 -0.35738462
v 0.07769231 -0.94784617 -0.34390393
v 0.06212362 -0.91676921 -0.57492310
v 0.07769231 -0.91676921 -0.59049177
v 0.06432910 -0.91676921 -0.35738462
v 0.07769231 -0.91676921 -0.34401399
v 0.07444904 -0.88569230 -0.57492310
v 0.07769231 -0.88569230 -0.57816637
v 0.05936119 -0.88569230 -0.54384613
v 0.05750115 -0.88569230 -0.35738462
v 0.07769231 -0.88569230 -0.33283061
v 0.07769231 -0.88235569 -0.57492310
v 0.06152850 -0.85461539 -0.54384613
v 0.07769231 -0.85461539 -0.55960065
v 0.07769231 -0.87922937 -0.32630768
v 0.07769231 -0.86987299 -0.29523078
v 0.07769231 -0.87020677 -0.26415384
v 0.07769231 -0.85461539 -0.24847473
v 0.06208935 -0.82353848 -0.54384613
v 0.07769231 -0.82353848 -0.55942625
v 0.07769231 -0.83563173 -0.23307693
v 0.06568957 -0.82353848 -0.23307693
v 0.07769231 -0.82353848 -0.22107419
v 0.07769231 -0.79246151 -0.56146681
v 0.05731598 -0.79246151 -0.23307693
v 0.07769231 -0.79246151 -0.21745536
v 0.05937766 -0.76138461 -0.57492310
v 0.07769231 -0.76138461 -0.59059668
v 0.07769231 -0.77942425 -0.57492310
v 0.07769231 -0.76138461 -0.21648747
v 0.07132278 -0.73030770 -0.57492310
v 0.07769231 -0.73030770 -0.58129257
v 0.07769231 -0.74270302 -0.20200001
v 0.06405241 -0.73030770 -0.20200001
v 0.07769231 -0.73030770 -0.19059202
v 0.07769231 -0.72393823 -0.57492310
v 0.06659410 -0.69923079 -0.54384613
v 0.07769231 -0.69923079 -0.55495131
v 0.07769231 -0.69923079 -0.18645015
v 0.07769231 -0.68735576 -0.54384613
v 0.07769231 -0.66815382 -0.52911794
v 0.07769231 -0.67580438 -0.17092308
v 0.06669736 -0.66815382 -0.17092308
v 0.07769231 -0.66815382 -0.16328663
v 0.05574995 -0.63707691 -0.51276922
v 0.07769231 -0.63707691 -0.52826965
v 0.07769231 -0.63707691 -0.15536192
v 0.07769231 -0.61683917 -0.51276922
v 0.07769231 -0.60600001 -0.50196803
v 0.07769231 -0.61232173 -0.13984616
v 0.06204917 -0.60600001 -0.13984616
v 0.07769231 -0.60600001 -0.13351457
v 0.07769231 -0.57492310 -0.49720415
v 0.07769231 -0.57981646 -0.10876923
v 0.06104897 -0.57492310 -0.07769231
v 0.07769231 -0.57492310 -0.09979951
v 0.07484262 -0.54384613 -0.48169231
v 0.07769231 -0.54384613 -0.48368517
v 0.07769231 -0.56512928 -0.07769231
v 0.07769231 -0.55939597 -0.04661538
v 0.07769231 -0.54789162 -0.01553846
v 0.07769231 -0.54384613 -0.01148954
v 0.07769231 -0.54185420 -0.48169231
v 0.07769231 -0.51276922 -0.46617660
v 0.07769231 -0.52441359 0.01553846
v 0.07769231 -0.51276922 0.02717571
v 0.07769231 -0.48169231 -0.46112880
v 0.07333207 -0.48169231 0.04661538
v 0.07769231 -0.48169231 0.04226428
v 0.07769231 -0.46345490 -0.45061538
v 0.06961828 -0.45061538 -0.45061538
v 0.07769231 -0.45061538 -0.44241375
v 0.07769231 -0.47733575 0.04661538
v 0.07769231 -0.45061538 0.06215005
v 0.07769231 -0.41953847 -0.45583493
v 0.07769231 -0.43071857 -0.45061538
v 0.06647757 -0.41953847 0.07769231
v 0.07769231 -0.41953847 0.06644271
v 0.07769231 -0.41953847 0.09219489
v 0.07769231 -0.43177029 0.10876923
v 0.07769231 -0.41953847 0.12098654
v 0.07769231 -0.38846153 -0.45910692
v 0.07769231 -0.40821117 0.07769231
v 0.07769231 -0.38846153 0.12440325
v 0.07769231 -0.35738462 -0.46185106
v 0.06668906 -0.35738462 0.13984616
v 0.07769231 -0.35738462 0.13013592
v 0.05002651 -0.32630768 -0.48169231
v 0.07769231 -0.32630768 -0.46612734
v 0.07769231 -0.32904124 0.13984616
v 0.07546453 -0.32630768 0.13984616
v 0.07769231 -0.32630768 0.14114498
v 0.07769231 -0.29523078 -0.46613866
v 0.07769231 -0.29523078 0.15159306
v 0.07769231 -0.26415384 -0.46611971
v 0.07769231 -0.28348392 0.13984616
v 0.07769231 -0.26415384 0.11533341
v 0.07769231 -0.24177451 -0.45061538
v 0.06873260 -0.23307693 -0.45061538
v 0.07769231 -0.23307693 -0.44192699
v 0.07769231 -0.23307693 0.12432287
v 0.06636791 -0.20200001 -0.45061538
v 0.07769231 -0.20200001 -0.44073948
v 0.07769231 -0.20200001 0.12430011
v 0.05820237 -0.17092308 -0.45061538
v 0.07769231 -0.17092308 -0.43714929
v 0.07769231 -0.17092308 0.12430011
v 0.07769231 -0.13984616 -0.43503910
v 0.07769231 -0.13984616 0.12378264
v 0.07769231 -0.10876923 -0.43508452
v 0.07769231 -0.10876923 0.11109113
v 0.07769231 -0.07769231 -0.43507692
v 0.06080547 -0.07769231 0.10876923
v 0.07769231 -0.10635113 0.10876923
v 0.07769231 -0.07769231 0.09357954
v 0.07769231 -0.04661538 -0.43502748
v 0.07769231 -0.04661538 0.09054314
v 0.07769231 -0.01553846 -0.43184853
v 0.06101376 -0.01553846 0.07769231
v 0.07769231 -0.03331904 0.07769231
v 0.07769231 -0.01553846 0.06261832
v 0.07769231 0.00269581 -0.41953847
v 0.06785890 0.01553846 -0.41953847
v 0.07769231 0.01553846 -0.39256576
v 0.07769231 0.01553846 0.05925331
v 0.05904431 0.04661538 -0.41953847
v 0.07769231 0.01859999 -0.38846153
v 0.06551969 0.04661538 -0.38846153
v 0.07769231 0.04661538 -0.37627453
v 0.06949488 0.04661538 0.01553846
v 0.07769231 0.03837682 0.01553846
v 0.07769231 0.04661538 0.00729397
v 0.07769231 0.02820946 0.04661538
v 0.06310283 0.07769231 -0.38846153
v 0.07769231 0.07769231 -0.37386453
v 0.07769231 0.07769231 -0.01154241
v 0.06256948 0.10876923 -0.38846153
v 0.07769231 0.10876923 -0.37387341
v 0.07769231 0.08168836 -0.01553846
v 0.07769231 0.10876923 -0.03907288
v 0.07769231 0.13984616 -0.36628693
v 0.07202210 0.13984616 -0.07769231
v 0.07769231 0.13419184 -0.07769231
v 0.07769231 0.13984616 -0.08334212
v 0.05062874 0.13984616 -0.04661538
v 0.07769231 0.11631168 -0.04661538
v 0.07769231 0.14875464 -0.35738462
v 0.07769231 0.17092308 -0.33817956
v 0.06729627 0.17092308 -0.13984616
v 0.07769231 0.16055739 -0.13984616
v 0.07769231 0.17092308 -0.15019839
v 0.06208603 0.17092308 -0.10876923
v 0.07769231 0.15530922 -0.10876923
v 0.06611208 0.17092308 -0.07769231
v 0.07769231 0.17092308 -0.05532097
v 0.07769231 0.16507944 -0.04661538
v 0.07769231 0.15722710 -0.01553846
v 0.07769231 0.15561934 0.01553846
v 0.07769231 0.15606497 0.04661538
v 0.07769231 0.15960045 0.07769231
v 0.07338329 0.17092308 0.10876923
v 0.07769231 0.17092308 0.10195503
v 0.05710140 0.17092308 0.13984616
v 0.07769231 0.18287425 -0.32630768
v 0.07769231 0.18644637 -0.29523078
v 0.07769231 0.19459186 -0.26415384
v 0.07769231 0.20200001 -0.23831685
v 0.07769231 0.20186639 -0.17092308
v 0.07769231 0.20200001 -0.17219114
v 0.07755325 0.20200001 -0.17092308
v 0.07769231 0.18346865 -0.13984616
v 0.07769231 0.20200001 -0.17074235
v 0.07769231 0.18653694 -0.10876923
v 0.07769231 0.18253531 -0.07769231
v 0.07769231 0.17523210 0.10876923
v 0.07769231 0.18807013 0.13984616
v 0.07769231 0.20200001 0.15377602
v 0.05383846 0.23307693 -0.35738462
v 0.07769231 0.23307693 -0.36923775
v 0.07769231 0.22117709 -0.35738462
v 0.07769231 0.21743935 -0.32630768
v 0.07769231 0.21749318 -0.29523078
v 0.07769231 0.23307693 -0.27975971
v 0.07769231 0.20385577 -0.23307693
v 0.04795641 0.23307693 -0.23307693
v 0.07769231 0.23307693 -0.21211661
v 0.07769231 0.20213419 -0.17092308
v 0.06845034 0.23307693 0.17092308
v 0.07769231 0.23307693 0.16170008
v 0.07769231 0.26415384 -0.37853986
v 0.07769231 0.24869031 -0.26415384
v 0.07769231 0.24860400 -0.23307693
v 0.07769231 0.24422552 0.17092308
v 0.07769231 0.25134119 0.20200001
v 0.06978603 0.26415384 0.23307693
v 0.07769231 0.26415384 0.22289747
v 0.07769231 0.29523078 -0.39639726
v 0.07769231 0.28209755 -0.38846153
v 0.07769231 0.27205443 0.23307693
v 0.07769231 0.29523078 0.24863055
v 0.07769231 0.32630768 -0.40400001
v 0.07769231 0.32542178 0.26415384
v 0.07769231 0.32630768 0.26503977
v 0.07473593 0.35738462 -0.41953847
v 0.07769231 0.35738462 -0.41660562
v 0.06376896 0.35738462 0.26415384
v 0.07769231 0.32741600 0.26415384
v 0.07769231 0.35738462 0.25040489
v 0.06218420 0.35738462 0.29523078
v 0.05627796 0.35738462 0.32630768
v 0.07769231 0.38846153 -0.43511102
v 0.07769231 0.36030969 -0.41953847
v 0.07769231 0.37427571 0.23307693
v 0.07769231 0.38846153 0.21021450
v 0.06131084 0.38846153 0.26415384
v 0.06216143 0.38846153 0.29523078
v 0.06200495 0.38846153 0.32630768
v 0.07769231 0.41953847 -0.43507314
v 0.07769231 0.39567086 0.20200001
v 0.07769231 0.41953847 0.17131950
v 0.05888841 0.41953847 0.29523078
v 0.05143334 0.41953847 0.32630768
v 0.06772280 0.45061538 -0.54384613
v 0.07769231 0.45061538 -0.53755337
v 0.07769231 0.43506554 -0.51276922
v 0.07769231 0.43509209 -0.48169231
v 0.07769231 0.43504658 -0.45061538
v 0.07769231 0.45061538 0.17610046
v 0.04738702 0.48169231 -0.57492310
v 0.07769231 0.48169231 -0.56122613
v 0.07769231 0.45691305 -0.54384613
v 0.07769231 0.48169231 0.18194659
v 0.07769231 0.51276922 -0.58892769
v 0.07769231 0.49691945 -0.57492310
v 0.06242532 0.51276922 0.17092308
v 0.07769231 0.50069219 0.17092308
v 0.07769231 0.51276922 0.16285273
v 0.07769231 0.54384613 -0.59048432
v 0.07769231 0.54384613 0.15540358
v 0.07769231 0.57492310 -0.59046912
v 0.07769231 0.56552899 0.17092308
v 0.07769231 0.57492310 0.18033326
v 0.07769231 0.60600001 -0.58131188
v 0.07769231 0.60600001 0.18740305
v 0.07769231 0.61240119 -0.57492310
v 0.06689877 0.63707691 -0.54384613
v 0.07769231 0.63359410 -0.54384613
v 0.07769231 0.63707691 -0.54036021
v 0.07769231 0.63707691 0.18659562
v 0.07769231 0.65309644 -0.51276922
v 0.07769231 0.66815382 -0.49768901
v 0.07769231 0.65246612 0.20200001
v 0.07769231 0.65147531 0.23307693
v 0.07769231 0.64921576 0.26415384
v 0.07769231 0.64671069 0.29523078
v 0.07769231 0.64830351 0.32630768
v 0.07769231 0.66815382 0.34111980
v 0.07769231 0.68366194 -0.48169231
v 0.07769231 0.69923079 -0.46614248
v 0.05382293 0.69923079 0.26415384
v 0.07769231 0.68714839 0.26415384
v 0.07769231 0.69923079 0.24446273
v 0.07769231 0.68369234 0.29523078
v 0.07769231 0.68301123 0.32630768
v 0.07769231 0.72005379 -0.45061538
v 0.05834356 0.73030770 -0.45061538
v 0.07769231 0.73030770 -0.44036153
v 0.05101213 0.73030770 0.17092308
v 0.07769231 0.71476543 0.17092308
v 0.07769231 0.73030770 0.15538082
v 0.07769231 0.71477681 0.20200001
v 0.07769231 0.70758742 0.23307693
v 0.07769231 0.76138461 -0.42507768
v 0.06201111 0.76138461 0.17092308
v 0.07769231 0.76138461 0.15524188
v 0.07769231 0.76692158 -0.41953847
v 0.07769231 0.79246151 -0.40151367
v 0.06783009 0.79246151 0.17092308
v 0.07769231 0.79246151 0.16105422
v 0.07769231 0.80552483 -0.38846153
v 0.07769231 0.82353848 -0.37076882
v 0.06253000 0.82353848 0.17092308
v 0.07769231 0.82353848 0.15375090
v 0.07769231 0.83690405 -0.35738462
v 0.07769231 0.85461539 -0.32775572
v 0.06309856 0.85461539 0.13984616
v 0.07769231 0.83801603 0.13984616
v 0.07769231 0.85461539 0.12524495
v 0.07769231 0.85606349 -0.32630768
v 0.07769231 0.87014627 -0.29523078
v 0.07769231 0.88569230 -0.27353299
v 0.07769231 0.88569230 0.12381050
v 0.07769231 0.89507782 -0.26415384
v 0.07769231 0.90124214 -0.23307693
v 0.07004151 0.91676921 -0.20200001
v 0.07769231 0.91208869 -0.20200001
v 0.07769231 0.91676921 -0.19725655
v 0.07769231 0.90284222 0.10876923
v 0.07769231 0.91676921 0.09533241
v 0.07769231 0.93218547 -0.17092308
v 0.07769231 0.93232286 -0.13984616
v 0.07769231 0.93380344 -0.10876923
v 0.07238048 0.94784617 -0.07769231
v 0.07769231 0.94447440 -0.07769231
v 0.07769231 0.94784617 -0.07123873
v 0.07769231 0.94784617 0.08113782
v 0.07769231 0.95769423 -0.04661538
v 0.07769231 0.96258360 -0.01553846
v 0.07769231 0.96346003 0.01553846
v 0.07769231 0.96330094 0.04661538
v 0.07769231 0.95129758 0.07769231
v 0.09276843 -0.97892308 -0.45061538
v 0.10876923 -0.97892308 -0.43965736
v 0.10876923 -0.98790371 -0.41953847
v 0.10876923 -0.99429297 -0.38846153
v 0.10876923 -0.99437761 -0.35738462
v 0.08821709 -0.97892308 -0.35738462
v 0.10876923 -0.97892308 -0.34173405
v 0.10227227 -0.94784617 -0.60600001
v 0.10876923 -0.94784617 -0.61248440
v 0.10876923 -0.95432550 -0.60600001
v 0.10876923 -0.96338081 -0.57492310
v 0.10876923 -0.96340746 -0.54384613
v 0.10876923 -0.96342647 -0.51276922
v 0.10876923 -0.96498829 -0.48169231
v 0.10876923 -0.97328150 -0.45061538
v 0.10876923 -0.95402414 -0.32630768
v 0.10271754 -0.94784617 -0.32630768
v 0.10876923 -0.94784617 -0.32026079
v 0.10006548 -0.91676921 -0.60600001
v 0.10876923 -0.91676921 -0.61470985
v 0.09945625 -0.91676921 -0.32630768
v 0.10876923 -0.91676921 -0.31698832
v 0.10876923 -0.90117699 -0.60600001
v 0.10876923 -0.88569230 -0.59732431
v 0.08421772 -0.88569230 -0.32630768
v 0.10876923 -0.88569230 -0.30890837
v 0.09331731 -0.85461539 -0.57492310
v 0.10876923 -0.85461539 -0.59012109
v 0.10876923 -0.86493129 -0.29523078
v 0.10876923 -0.86935580 -0.26415384
v 0.10876923 -0.85461539 -0.23993480
v 0.10827938 -0.82353848 -0.57492310
v 0.10876923 -0.82353848 -0.57541335
v 0.10876923 -0.84830344 -0.23307693
v 0.10876923 -0.82353848 -0.21756117
v 0.10876923 -0.82304674 -0.57492310
v 0.10876923 -0.79246151 -0.55938846
v 0.10876923 -0.79246151 -0.21750805
v 0.10876923 -0.76138461 -0.59040111
v 0.10876923 -0.77696490 -0.57492310
v 0.10876923 -0.76138461 -0.20313540
v 0.10876923 -0.73030770 -0.59044641
v 0.10876923 -0.76025349 -0.20200001
v 0.10876923 -0.73030770 -0.18641613
v 0.10876923 -0.70303845 -0.57492310
v 0.10876923 -0.69923079 -0.57111049
v 0.10876923 -0.69923079 -0.18633173
v 0.10475077 -0.66815382 -0.54384613
v 0.10876923 -0.66815382 -0.54751331
v 0.10876923 -0.67916256 -0.17092308
v 0.10876923 -0.66815382 -0.16002598
v 0.10876923 -0.66448671 -0.54384613
v 0.10876923 -0.63707691 -0.52830392
v 0.10876923 -0.63707691 -0.15537703
v 0.10336813 -0.60600001 -0.51276922
v 0.10876923 -0.60600001 -0.51590496
v 0.10876923 -0.60776836 -0.13984616
v 0.10876923 -0.60600001 -0.13807942
v 0.10876923 -0.60286844 -0.51276922
v 0.10876923 -0.57492310 -0.49723077
v 0.08280924 -0.57492310 -0.10876923
v 0.10876923 -0.57492310 -0.12387131
v 0.10876923 -0.54384613 -0.48585847
v 0.10876923 -0.55980587 -0.10876923
v 0.10876923 -0.55936944 -0.07769231
v 0.10876923 -0.55288893 -0.04661538
v 0.08174645 -0.54384613 -0.01553846
v 0.10876923 -0.54384613 -0.03755687
v 0.10876923 -0.53968000 -0.48169231
v 0.10876923 -0.51276922 -0.46616903
v 0.10876923 -0.52840972 -0.01553846
v 0.08930122 -0.51276922 0.01553846
v 0.10876923 -0.51276922 0.00005275
v 0.10876923 -0.48169231 -0.45516157
v 0.10876923 -0.49384886 0.01553846
v 0.10876923 -0.48169231 0.02772388
v 0.10876923 -0.47715750 -0.45061538
v 0.10876923 -0.45061538 -0.43508452
v 0.09533359 -0.45061538 0.04661538
v 0.10876923 -0.45061538 0.03319089
v 0.08290337 -0.41953847 -0.45061538
v 0.10876923 -0.41953847 -0.43506932
v 0.10876923 -0.42841655 0.04661538
v 0.10876923 -0.41953847 0.05387118
v 0.08991685 -0.41953847 0.10876923
v 0.08618386 -0.38846153 -0.45061538
v 0.10876923 -0.38846153 -0.43505031
v 0.10504916 -0.38846153 0.07769231
v 0.10876923 -0.38846153 0.07401385
v 0.09320422 -0.38846153 0.10876923
v 0.09202228 -0.35738462 -0.45061538
v 0.10876923 -0.35738462 -0.43823928
v 0.10876923 -0.38478622 0.07769231
v 0.10876923 -0.35738462 0.09327250
v 0.09322698 -0.35738462 0.10876923
v 0.10876923 -0.32630768 -0.46122065
v 0.10876923 -0.33994558 -0.45061538
v 0.09328400 -0.32630768 0.10876923
v 0.10876923 -0.32630768 0.09329917
v 0.07899350 -0.32630768 0.13984616
v 0.10876923 -0.29523078 -0.45998242
v 0.09323077 -0.29523078 0.10876923
v 0.10876923 -0.29523078 0.09318133
v 0.08945700 -0.29523078 0.13984616
v 0.10876923 -0.26415384 -0.45291084
v 0.08426158 -0.26415384 0.10876923
v 0.10876923 -0.26415384 0.09323077
v 0.10876923 -0.26185837 -0.45061538
v 0.10876923 -0.23307693 -0.43509963
v 0.09417359 -0.23307693 0.10876923
v 0.10876923 -0.23307693 0.09416600
v 0.10876923 -0.20200001 -0.43506554
v 0.09982601 -0.20200001 0.10876923
v 0.10876923 -0.20200001 0.09983229
v 0.10876923 -0.17092308 -0.43514490
v 0.10112720 -0.17092308 0.10876923
v 0.10876923 -0.17092308 0.10112720
v 0.10876923 -0.13984616 -0.43182808
v 0.09422753 -0.13984616 0.10876923
v 0.10876923 -0.13984616 0.09474926
v 0.10876923 -0.10876923 -0.42176676
v 0.08001219 -0.10876923 0.10876923
v 0.10876923 -0.10876923 0.09325353
v 0.10876923 -0.10432364 -0.41953847
v 0.09893180 -0.07769231 -0.41953847
v 0.10876923 -0.07769231 -0.40970755
v 0.10876923 -0.07769231 0.08090783
v 0.09328056 -0.04661538 -0.41953847
v 0.10876923 -0.06095484 -0.38846153
v 0.09441472 -0.04661538 -0.38846153
v 0.10876923 -0.04661538 -0.36447331
v 0.09052110 -0.04661538 0.07769231
v 0.10876923 -0.07448656 0.07769231
v 0.10876923 -0.04661538 0.06210073
v 0.09002414 -0.01553846 -0.41953847
v 0.09168489 -0.01553846 -0.38846153
v 0.10876923 -0.01553846 -0.36674425
v 0.10441812 -0.01553846 0.04661538
v 0.10876923 -0.01990788 0.04661538
v 0.10876923 -0.01553846 0.04226428
v 0.08024052 0.01553846 -0.38846153
v 0.10876923 0.01553846 -0.37471861
v 0.09032656 0.01553846 0.04661538
v 0.10876923 0.01553846 0.03027921
v 0.10876923 0.04661538 -0.38701078
v 0.10876923 0.03845091 0.01553846
v 0.10876923 0.04661538 0.00741287
v 0.10876923 0.07769231 -0.38341165
v 0.08169179 0.07769231 -0.01553846
v 0.10876923 0.06140639 -0.01553846
v 0.10876923 0.07769231 -0.04262455
v 0.10876923 0.10876923 -0.37290791
v 0.08525158 0.10876923 -0.04661538
v 0.10876923 0.08168990 -0.04661538
v 0.10876923 0.10876923 -0.06566793
v 0.10876923 0.13101508 -0.35738462
v 0.09332573 0.13984616 -0.35738462
v 0.10876923 0.13984616 -0.34854120
v 0.10876923 0.12261220 -0.07769231
v 0.10876923 0.13984616 -0.09135117
v 0.08961455 0.17092308 -0.32630768
v 0.10876923 0.15542267 -0.32630768
v 0.10876923 0.17092308 -0.30697134
v 0.09119884 0.17092308 -0.13984616
v 0.10876923 0.17092308 -0.12691601
v 0.10876923 0.15606983 -0.10876923
v 0.08354294 0.17092308 -0.04661538
v 0.09255800 0.17092308 -0.01553846
v 0.09607227 0.17092308 0.01553846
v 0.09384580 0.17092308 0.04661538
v 0.08902892 0.17092308 0.07769231
v 0.10876923 0.18263146 -0.29523078
v 0.10876923 0.19035564 -0.26415384
v 0.08128186 0.20200001 -0.23307693
v 0.10876923 0.19182837 -0.23307693
v 0.08102294 0.20200001 -0.20200001
v 0.10876923 0.18775645 -0.20200001
v 0.10876923 0.18634169 -0.17092308
v 0.07827984 0.20128432 -0.17015795
v 0.10876923 0.18335757 -0.13984616
v 0.09108539 0.20200001 -0.13984616
v 0.10876923 0.19783111 -0.10876923
v 0.10876923 0.20200001 -0.11270554
v 0.10876923 0.18637453 -0.07769231
v 0.10876923 0.18646534 -0.04661538
v 0.10876923 0.18528956 -0.01553846
v 0.10876923 0.18340842 0.01553846
v 0.10876923 0.18517967 0.04661538
v 0.10876923 0.18644637 0.07769231
v 0.10876923 0.18856579 0.10876923
v 0.09158483 0.20200001 0.13984616
v 0.10876923 0.20200001 0.12215899
v 0.10395863 0.23307693 -0.35738462
v 0.10876923 0.23307693 -0.35430685
v 0.10876923 0.21732152 -0.32630768
v 0.10876923 0.22313872 -0.29523078
v 0.10876923 0.22755775 -0.26415384
v 0.10526623 0.23307693 -0.26415384
v 0.10876923 0.23307693 -0.26057312
v 0.08776578 0.23307693 -0.20200001
v 0.10876923 0.22496699 -0.17092308
v 0.10876923 0.23307693 -0.17911991
v 0.10876923 0.21736965 -0.13984616
v 0.10876923 0.22017369 0.13984616
v 0.10876923 0.23307693 0.15279336
v 0.10876923 0.26415384 -0.37296101
v 0.10876923 0.23622748 -0.35738462
v 0.10876923 0.24856584 -0.23307693
v 0.10876923 0.24864562 -0.20200001
v 0.09138627 0.26415384 0.17092308
v 0.10876923 0.26415384 0.15572117
v 0.09051232 0.26415384 0.20200001
v 0.08996592 0.29523078 -0.38846153
v 0.10876923 0.29523078 -0.37775117
v 0.10876923 0.27963328 0.17092308
v 0.10876923 0.27967334 0.20200001
v 0.10876923 0.28980109 0.23307693
v 0.10876923 0.29523078 0.23850659
v 0.10876923 0.32630768 -0.39142230
v 0.10876923 0.32111868 -0.38846153
v 0.07858842 0.32630768 0.26415384
v 0.10876923 0.32630768 0.24872208
v 0.10876923 0.35738462 -0.40400758
v 0.10876923 0.35738462 0.24861538
v 0.10067174 0.38846153 -0.41953847
v 0.10876923 0.38846153 -0.41141754
v 0.10876923 0.37469846 0.23307693
v 0.10876923 0.38846153 0.21935855
v 0.10876923 0.41953847 -0.42889169
v 0.10876923 0.40246361 -0.41953847
v 0.07854243 0.41953847 0.17092308
v 0.10876923 0.40975213 0.17092308
v 0.10876923 0.41953847 0.16115309
v 0.10876923 0.40403023 0.20200001
v 0.10876923 0.45061538 -0.52574444
v 0.10876923 0.43764019 -0.51276922
v 0.10876923 0.43506932 -0.48169231
v 0.10876923 0.43508452 -0.45061538
v 0.08288665 0.45061538 0.17092308
v 0.10876923 0.45061538 0.15542267
v 0.10876923 0.48169231 -0.55941492
v 0.10876923 0.46613109 -0.54384613
v 0.08874357 0.48169231 0.17092308
v 0.10876923 0.48169231 0.15546784
v 0.09906765 0.51276922 -0.57492310
v 0.10876923 0.51276922 -0.56649774
v 0.10876923 0.51276922 0.15501960
v 0.10876923 0.54384613 -0.58486563
v 0.10876923 0.52650219 -0.57492310
v 0.10876923 0.54384613 0.15538462
v 0.10876923 0.57492310 -0.58554834
v 0.09798281 0.57492310 0.17092308
v 0.10876923 0.57492310 0.16510540
v 0.10876923 0.58945757 -0.57492310
v 0.08715905 0.60600001 -0.57492310
v 0.10876923 0.60600001 -0.56338239
v 0.10876923 0.58073837 0.17092308
v 0.10876923 0.60600001 0.18647292
v 0.10876923 0.62503994 -0.54384613
v 0.10876923 0.63707691 -0.53180200
v 0.10876923 0.63707691 0.19786809
v 0.10418280 0.63707691 0.26415384
v 0.10876923 0.63707691 0.24420322
v 0.10876923 0.63396442 0.26415384
v 0.10876923 0.63137138 0.29523078
v 0.09840271 0.63707691 0.29523078
v 0.10876923 0.63707691 0.31218019
v 0.10876923 0.65262300 -0.51276922
v 0.10876923 0.66815382 -0.49690115
v 0.10876923 0.64120185 0.20200001
v 0.10876923 0.63888991 0.23307693
v 0.10876923 0.66815382 0.32061318
v 0.10289513 0.66815382 0.32630768
v 0.10876923 0.68335897 -0.48169231
v 0.10876923 0.69923079 -0.46560365
v 0.08841140 0.69923079 0.23307693
v 0.10876923 0.68644279 0.23307693
v 0.10876923 0.69923079 0.21154189
v 0.10876923 0.68369234 0.26415384
v 0.10876923 0.68329990 0.29523078
v 0.10876923 0.71420765 -0.45061538
v 0.10876923 0.73030770 -0.43503892
v 0.10876923 0.71479201 0.17092308
v 0.10876923 0.73030770 0.15537323
v 0.10876923 0.70658153 0.20200001
v 0.10876923 0.74601948 -0.41953847
v 0.08334959 0.76138461 -0.41953847
v 0.10876923 0.76138461 -0.40420365
v 0.10876923 0.76138461 0.15538841
v 0.09667379 0.79246151 -0.38846153
v 0.10876923 0.78264946 -0.38846153
v 0.10876923 0.79246151 -0.37865600
v 0.10876923 0.79246151 0.15541875
v 0.09833905 0.82353848 -0.35738462
v 0.10876923 0.81496119 -0.35738462
v 0.10876923 0.82353848 -0.34880731
v 0.10362871 0.82353848 0.13984616
v 0.10876923 0.81941700 0.13984616
v 0.10876923 0.82353848 0.13572124
v 0.07914442 0.85461539 -0.32630768
v 0.10876923 0.83909971 -0.32630768
v 0.10876923 0.85461539 -0.30989820
v 0.10876923 0.85461539 0.12430011
v 0.10876923 0.86926770 -0.29523078
v 0.08957899 0.88569230 -0.26415384
v 0.10876923 0.87290430 -0.26415384
v 0.10876923 0.88569230 -0.25020766
v 0.10876923 0.88569230 0.11684278
v 0.10876923 0.90005499 -0.23307693
v 0.10876923 0.90120798 -0.20200001
v 0.10820091 0.91676921 -0.17092308
v 0.10876923 0.91620910 -0.17092308
v 0.10876923 0.91676921 -0.17035611
v 0.10876923 0.89377463 0.10876923
v 0.10876923 0.91676921 0.09323456
v 0.10876923 0.93221223 -0.13984616
v 0.10876923 0.93230772 -0.10876923
v 0.10876923 0.93224722 -0.07769231
v 0.09155449 0.94784617 -0.04661538
v 0.10876923 0.93647981 -0.04661538
v 0.10346262 0.94784617 -0.01553846
v 0.10876923 0.94297826 -0.01553846
v 0.10767657 0.94784617 0.01553846
v 0.10876923 0.94674319 0.01553846
v 0.10399739 0.94784617 0.04661538
v 0.10876923 0.94311380 0.04661538
v 0.08123764 0.94784617 0.07769231
v 0.10876923 0.93254268 0.07769231
v 0.13875467 -0.97892308 -0.41953847
v 0.13984616 -0.97892308 -0.41879463
v 0.13984616 -0.99061710 -0.38846153
v 0.13984616 -0.99442726 -0.35738462
v 0.13984616 -0.99458212 -0.32630768
v 0.12399496 -0.97892308 -0.32630768
v 0.13984616 -0.97892308 -0.31061062
v 0.13984616 -0.94784617 -0.61547470
v 0.13984616 -0.95731443 -0.60600001
v 0.13984616 -0.96327788 -0.57492310
v 0.13984616 -0.96335429 -0.54384613
v 0.13984616 -0.96337324 -0.51276922
v 0.13984616 -0.96339983 -0.48169231
v 0.13984616 -0.96696681 -0.45061538
v 0.13984616 -0.97846913 -0.41953847
v 0.13984616 -0.94784617 -0.30639204
v 0.13984616 -0.91676921 -0.62154603
v 0.13984616 -0.91676921 -0.29822320
v 0.11747559 -0.88569230 -0.60600001
v 0.13984616 -0.88569230 -0.62148899
v 0.13984616 -0.91376758 -0.29523078
v 0.12246189 -0.88569230 -0.29523078
v 0.13984616 -0.88569230 -0.27970755
v 0.13984616 -0.87030882 -0.60600001
v 0.13984616 -0.85461539 -0.59035224
v 0.13984616 -0.85461539 -0.27721515
v 0.12602688 -0.85461539 -0.26415384
v 0.13984616 -0.82353848 -0.59045392
v 0.13984616 -0.84158373 -0.26415384
v 0.13984616 -0.84592563 -0.23307693
v 0.13984616 -0.82353848 -0.21754605
v 0.13984616 -0.79964840 -0.57492310
v 0.13984616 -0.79246151 -0.56773353
v 0.13984616 -0.79246151 -0.21165107
v 0.13984616 -0.76138461 -0.57536626
v 0.13984616 -0.76281315 -0.57492310
v 0.13984616 -0.76841080 -0.20200001
v 0.11573174 -0.76138461 -0.20200001
v 0.13984616 -0.76138461 -0.19838609
v 0.13984616 -0.73030770 -0.59040475
v 0.13984616 -0.73030770 -0.18637103
v 0.11423932 -0.69923079 -0.57492310
v 0.13984616 -0.69923079 -0.58720714
v 0.13984616 -0.69923079 -0.18644637
v 0.13984616 -0.68695390 -0.57492310
v 0.13984616 -0.66815382 -0.55508184
v 0.13984616 -0.66874099 -0.17092308
v 0.13984616 -0.66815382 -0.17033710
v 0.13984616 -0.65690070 -0.54384613
v 0.13984616 -0.63707691 -0.52830768
v 0.13984616 -0.63707691 -0.15536186
v 0.13984616 -0.60600001 -0.51505095
v 0.11086886 -0.60600001 -0.13984616
v 0.13984616 -0.60600001 -0.15396599
v 0.13984616 -0.60372031 -0.51276922
v 0.13984616 -0.57492310 -0.49721181
v 0.13984616 -0.58758682 -0.13984616
v 0.13984616 -0.57492310 -0.12852970
v 0.13984616 -0.55315006 -0.48169231
v 0.11704288 -0.54384613 -0.48169231
v 0.13984616 -0.54384613 -0.47240433
v 0.13984616 -0.55681401 -0.10876923
v 0.13351007 -0.54384613 -0.07769231
v 0.13984616 -0.54384613 -0.08587866
v 0.11779959 -0.54384613 -0.04661538
v 0.13984616 -0.51276922 -0.46587217
v 0.13984616 -0.53751010 -0.07769231
v 0.13984616 -0.52784771 -0.04661538
v 0.12436803 -0.51276922 -0.01553846
v 0.13984616 -0.51276922 -0.03154448
v 0.13984616 -0.49689758 -0.45061538
v 0.11361931 -0.48169231 -0.45061538
v 0.13984616 -0.48169231 -0.43569154
v 0.13984616 -0.49524739 -0.01553846
v 0.12094742 -0.48169231 0.01553846
v 0.13984616 -0.48169231 -0.00196851
v 0.13968742 -0.45061538 -0.41953847
v 0.13984616 -0.45077437 -0.41953847
v 0.13984616 -0.45061538 -0.41937938
v 0.13141280 -0.45061538 0.01553846
v 0.13984616 -0.45061538 0.00710512
v 0.12431528 -0.41953847 -0.41953847
v 0.13984616 -0.41953847 -0.40402275
v 0.13984616 -0.44013748 0.01553846
v 0.11602230 -0.41953847 0.04661538
v 0.13984616 -0.41953847 0.02868200
v 0.12465800 -0.38846153 -0.41953847
v 0.13984616 -0.38846153 -0.40436554
v 0.13984616 -0.39398059 0.04661538
v 0.13984616 -0.38846153 0.05212993
v 0.13984616 -0.35738462 -0.42244020
v 0.13984616 -0.36041918 -0.41953847
v 0.12444888 -0.35738462 0.07769231
v 0.13984616 -0.35738462 0.06227998
v 0.11937451 -0.32630768 -0.45061538
v 0.13984616 -0.32630768 -0.43505415
v 0.12733579 -0.32630768 0.07769231
v 0.13984616 -0.32630768 0.06516736
v 0.11813626 -0.29523078 -0.45061538
v 0.13984616 -0.29523078 -0.43505797
v 0.12631461 -0.29523078 0.07769231
v 0.13984616 -0.29523078 0.06422418
v 0.11106469 -0.26415384 -0.45061538
v 0.13984616 -0.26415384 -0.43442538
v 0.12472404 -0.26415384 0.07769231
v 0.13984616 -0.26415384 0.06255881
v 0.12668686 -0.23307693 -0.41953847
v 0.13984616 -0.24689904 -0.41953847
v 0.13984616 -0.23307693 -0.40634212
v 0.13734157 -0.23307693 0.07769231
v 0.13984616 -0.23307693 0.07518547
v 0.12613904 -0.20200001 -0.41953847
v 0.13984616 -0.20200001 -0.40585375
v 0.13984616 -0.22750020 0.07769231
v 0.13984616 -0.20200001 0.08659071
v 0.12435298 -0.17092308 -0.41953847
v 0.13984616 -0.17092308 -0.40397730
v 0.13984616 -0.17092308 0.08720634
v 0.12106976 -0.13984616 -0.41953847
v 0.13984616 -0.13984616 -0.40398097
v 0.13984616 -0.13984616 0.07821357
v 0.11100364 -0.10876923 -0.41953847
v 0.13984616 -0.10876923 -0.40294141
v 0.12435701 -0.10876923 0.07769231
v 0.13984616 -0.13932413 0.07769231
v 0.13984616 -0.10876923 0.06216523
v 0.13767339 -0.07769231 -0.38846153
v 0.13984616 -0.08016417 -0.38846153
v 0.13172068 -0.07769231 -0.35738462
v 0.13984616 -0.08585868 -0.35738462
v 0.13984616 -0.07769231 -0.34861192
v 0.11198475 -0.07769231 0.07769231
v 0.13984616 -0.07769231 0.05908070
v 0.13984616 -0.06851134 -0.35738462
v 0.13984616 -0.04661538 -0.37170565
v 0.12589885 -0.04661538 0.04661538
v 0.13984616 -0.06364004 0.04661538
v 0.13984616 -0.04661538 0.03270567
v 0.13082480 -0.01553846 -0.38846153
v 0.13984616 -0.01553846 -0.39748910
v 0.13984616 -0.02460053 -0.38846153
v 0.13984616 -0.01553846 0.02812304
v 0.12242620 0.01553846 -0.38846153
v 0.13984616 0.01553846 -0.40404919
v 0.12360529 0.01553846 0.01553846
v 0.13984616 -0.00287647 0.01553846
v 0.13984616 0.01553846 0.00010302
v 0.11021731 0.04661538 -0.38846153
v 0.13984616 0.04661538 -0.40401518
v 0.13984616 0.04661538 -0.00509891
v 0.11538024 0.07769231 -0.38846153
v 0.13984616 0.07769231 -0.40146104
v 0.13984616 0.05706169 -0.01553846
v 0.13984616 0.07769231 -0.03130033
v 0.13984616 0.09233075 -0.38846153
v 0.13984616 0.10876923 -0.37457773
v 0.13984616 0.09295443 -0.04661538
v 0.13984616 0.10876923 -0.06239124
v 0.13984616 0.13944320 -0.35738462
v 0.13984616 0.13984616 -0.35698262
v 0.13984616 0.12409300 -0.07769231
v 0.13984616 0.13984616 -0.09960888
v 0.13984616 0.15697020 -0.32630768
v 0.13984616 0.17092308 -0.30726054
v 0.12225371 0.17092308 -0.13984616
v 0.13984616 0.15666483 -0.13984616
v 0.13984616 0.17092308 -0.15673116
v 0.13984616 0.14903168 -0.10876923
v 0.13984616 0.18151958 -0.29523078
v 0.13984616 0.18639266 -0.26415384
v 0.13984616 0.18650682 -0.23307693
v 0.13984616 0.18645395 -0.20200001
v 0.13984616 0.18390135 -0.17092308
v 0.11263144 0.20200001 -0.10876923
v 0.12694730 0.20200001 -0.07769231
v 0.13984616 0.20200001 -0.05274229
v 0.13984616 0.19734813 -0.04661538
v 0.13984616 0.18856092 -0.01553846
v 0.13984616 0.18700331 0.01553846
v 0.13984616 0.18969758 0.04661538
v 0.13763213 0.20200001 0.07769231
v 0.13984616 0.20200001 0.07443281
v 0.12219609 0.20200001 0.10876923
v 0.12444912 0.23307693 -0.32630768
v 0.13984616 0.23307693 -0.30879149
v 0.13984616 0.21941568 -0.29523078
v 0.13984616 0.21748155 -0.26415384
v 0.13984616 0.23307693 -0.24544401
v 0.11698373 0.23307693 -0.17092308
v 0.13824420 0.23307693 -0.13984616
v 0.13984616 0.23307693 -0.13826697
v 0.13984616 0.21742170 -0.10876923
v 0.13984616 0.21496488 -0.07769231
v 0.13984616 0.20421402 0.07769231
v 0.13984616 0.21752329 0.10876923
v 0.12171645 0.23307693 0.13984616
v 0.13984616 0.23307693 0.12433045
v 0.12937342 0.26415384 -0.35738462
v 0.13984616 0.26415384 -0.34689149
v 0.13984616 0.24869849 -0.32630768
v 0.13984616 0.24545854 -0.23307693
v 0.13607676 0.26415384 -0.20200001
v 0.13984616 0.26415384 -0.20576945
v 0.13984616 0.26415384 -0.19824022
v 0.13984616 0.24860021 -0.17092308
v 0.13984616 0.23467804 -0.13984616
v 0.13984616 0.25079313 0.13984616
v 0.13984616 0.26415384 0.15321422
v 0.13984616 0.29523078 -0.36522752
v 0.13984616 0.28283587 -0.35738462
v 0.13984616 0.26792976 -0.20200001
v 0.13048528 0.29523078 0.17092308
v 0.13984616 0.29523078 0.16178781
v 0.13984616 0.29523078 0.18634406
v 0.13984616 0.28597552 0.20200001
v 0.11420767 0.29523078 0.23307693
v 0.13984616 0.29523078 0.21124576
v 0.11173260 0.32630768 -0.38846153
v 0.13984616 0.32630768 -0.37296090
v 0.13984616 0.30435348 0.17092308
v 0.13984616 0.31847456 0.23307693
v 0.13984616 0.32630768 0.24089286
v 0.13469461 0.35738462 -0.38846153
v 0.13984616 0.35738462 -0.38332048
v 0.13984616 0.35738462 0.24875064
v 0.13984616 0.38846153 -0.40401897
v 0.13984616 0.36252561 -0.38846153
v 0.13984616 0.37341091 0.23307693
v 0.13984616 0.38846153 0.21787976
v 0.11813520 0.41953847 -0.41953847
v 0.13984616 0.41953847 -0.40398103
v 0.11897263 0.41953847 0.17092308
v 0.13984616 0.41953847 0.18666200
v 0.13984616 0.40468556 0.20200001
v 0.12583651 0.45061538 -0.51276922
v 0.13984616 0.45061538 -0.49782008
v 0.13984616 0.43854851 -0.48169231
v 0.13984616 0.43573737 -0.45061538
v 0.13984616 0.43730161 -0.41953847
v 0.13984616 0.43461815 0.17092308
v 0.13984616 0.45061538 0.15401727
v 0.13300765 0.48169231 -0.54384613
v 0.13984616 0.48169231 -0.53699207
v 0.13984616 0.46212709 -0.51276922
v 0.13984616 0.48169231 0.14728238
v 0.13984616 0.51276922 -0.55938464
v 0.13984616 0.48855156 -0.54384613
v 0.13984616 0.51276922 0.14385536
v 0.11881520 0.54384613 -0.57492310
v 0.13984616 0.54384613 -0.55951452
v 0.13984616 0.54384613 0.15038539
v 0.12007383 0.57492310 -0.57492310
v 0.13984616 0.57492310 -0.56014305
v 0.13984616 0.57492310 0.15756497
v 0.13984616 0.60600001 -0.55936944
v 0.13984616 0.59763789 0.17092308
v 0.13984616 0.60600001 0.17769496
v 0.13984616 0.62151569 -0.54384613
v 0.13984616 0.63707691 -0.52786016
v 0.13984616 0.62276024 0.20200001
v 0.11350302 0.63707691 0.20200001
v 0.13984616 0.62227952 0.23307693
v 0.11075670 0.63707691 0.23307693
v 0.13984616 0.62174225 0.26415384
v 0.13984616 0.62227798 0.29523078
v 0.13984616 0.63707691 0.31240758
v 0.13984616 0.65218306 -0.51276922
v 0.13984616 0.66815382 -0.48440585
v 0.13042423 0.66815382 0.29523078
v 0.13984616 0.65842581 0.29523078
v 0.13984616 0.66815382 0.28221682
v 0.13984616 0.67086744 -0.48169231
v 0.13371444 0.69923079 -0.45061538
v 0.13984616 0.69344038 -0.45061538
v 0.13984616 0.69923079 -0.44482723
v 0.13711466 0.69923079 0.17092308
v 0.13984616 0.69649440 0.17092308
v 0.13984616 0.69923079 0.16773802
v 0.11616681 0.69923079 0.20200001
v 0.13984616 0.68377221 0.20200001
v 0.13984616 0.68367714 0.23307693
v 0.13984616 0.67948866 0.26415384
v 0.13737310 0.73030770 -0.41953847
v 0.13984616 0.72784352 -0.41953847
v 0.13984616 0.73030770 -0.41707429
v 0.13984616 0.73030770 0.15256433
v 0.13984616 0.76138461 -0.39645180
v 0.13984616 0.76138461 0.15538841
v 0.13984616 0.76938361 -0.38846153
v 0.13984616 0.79246151 -0.36988798
v 0.13984616 0.79246151 0.15119414
v 0.13984616 0.80496490 -0.35738462
v 0.13984616 0.82353848 -0.33501667
v 0.13984616 0.80480427 0.13984616
v 0.13984616 0.82353848 0.12535709
v 0.13984616 0.83223832 -0.32630768
v 0.12694387 0.85461539 -0.29523078
v 0.13984616 0.84257269 -0.29523078
v 0.13984616 0.85461539 -0.28322402
v 0.13984616 0.85461539 0.12437953
v 0.13984616 0.87019926 -0.26415384
v 0.12662177 0.88569230 -0.23307693
v 0.13984616 0.87360835 -0.23307693
v 0.13984616 0.88569230 -0.21913774
v 0.12340269 0.88569230 0.10876923
v 0.13984616 0.87694526 0.10876923
v 0.13984616 0.88569230 0.09997941
v 0.13984616 0.89933586 -0.20200001
v 0.13984616 0.90123075 -0.17092308
v 0.13189970 0.91676921 -0.13984616
v 0.13984616 0.90889519 -0.13984616
v 0.13984616 0.91676921 -0.12727065
v 0.13984616 0.91676921 0.09039911
v 0.13984616 0.92711133 -0.10876923
v 0.13984616 0.93230391 -0.07769231
v 0.13984616 0.93230391 -0.04661538
v 0.13984616 0.93231529 -0.01553846
v 0.13984616 0.93231148 0.01553846
v 0.13984616 0.93231529 0.04661538
v 0.13984616 0.92946869 0.07769231
v 0.17092308 -0.97892308 -0.39835018
v 0.17092308 -0.98402452 -0.38846153
v 0.17092308 -0.99261051 -0.35738462
v 0.17092308 -0.99446535 -0.32630768
v 0.17092308 -0.98901939 -0.29523078
v 0.16078001 -0.97892308 -0.29523078
v 0.17092308 -0.97892308 -0.28512114
v 0.17092308 -0.94784617 -0.61152321
v 0.17092308 -0.95338702 -0.60600001
v 0.17092308 -0.96030599 -0.57492310
v 0.17092308 -0.96344501 -0.54384613
v 0.17092308 -0.96336180 -0.51276922
v 0.17092308 -0.96337700 -0.48169231
v 0.17092308 -0.96340364 -0.45061538
v 0.17092308 -0.96970302 -0.41953847
v 0.15102841 -0.94784617 -0.29523078
v 0.17092308 -0.94784617 -0.27968851
v 0.17092308 -0.91676921 -0.62218177
v 0.14283988 -0.91676921 -0.29523078
v 0.17092308 -0.91676921 -0.27508739
v 0.17092308 -0.88569230 -0.62151569
v 0.17092308 -0.90367305 -0.26415384
v 0.15764546 -0.88569230 -0.26415384
v 0.17092308 -0.88569230 -0.25090227
v 0.17092308 -0.86770779 -0.60600001
v 0.17092308 -0.85461539 -0.59291500
v 0.15311097 -0.85461539 -0.26415384
v 0.17092308 -0.85461539 -0.24892218
v 0.17092308 -0.82353848 -0.59043878
v 0.17092308 -0.83901650 -0.23307693
v 0.17092308 -0.82353848 -0.21753088
v 0.16030370 -0.79246151 -0.57492310
v 0.17092308 -0.79246151 -0.57912761
v 0.17092308 -0.79246151 -0.21285227
v 0.14028300 -0.76138461 -0.57492310
v 0.17092308 -0.78832358 -0.57492310
v 0.17092308 -0.76138461 -0.55930203
v 0.14638935 -0.76138461 -0.20200001
v 0.17092308 -0.76138461 -0.21226084
v 0.17092308 -0.73030770 -0.59045398
v 0.17092308 -0.74574083 -0.57492310
v 0.17092308 -0.74452382 -0.20200001
v 0.17092308 -0.73030770 -0.19286668
v 0.17092308 -0.69923079 -0.58623958
v 0.17092308 -0.69923079 -0.18647671
v 0.17092308 -0.68792129 -0.57492310
v 0.17092308 -0.66815382 -0.55934668
v 0.14043440 -0.66815382 -0.17092308
v 0.17092308 -0.66815382 -0.18643878
v 0.17092308 -0.65265334 -0.54384613
v 0.17092308 -0.63707691 -0.52829254
v 0.17018831 -0.63707691 -0.17092308
v 0.17092308 -0.63707691 -0.17165850
v 0.17092308 -0.61791235 -0.51276922
v 0.14335686 -0.60600001 -0.51276922
v 0.17092308 -0.60600001 -0.50086409
v 0.17092308 -0.63634151 -0.17092308
v 0.17092308 -0.60600001 -0.15537703
v 0.17092308 -0.57492310 -0.49081051
v 0.15118371 -0.57492310 -0.13984616
v 0.17092308 -0.57492310 -0.15536945
v 0.17092308 -0.56581432 -0.48169231
v 0.17092308 -0.54384613 -0.46611965
v 0.16421011 -0.54384613 -0.13984616
v 0.17092308 -0.54384613 -0.14655651
v 0.15279929 -0.54384613 -0.10876923
v 0.17092308 -0.52486712 -0.45061538
v 0.15858899 -0.51276922 -0.45061538
v 0.17092308 -0.51276922 -0.43855000
v 0.17092308 -0.53714609 -0.13984616
v 0.17092308 -0.52813947 -0.10876923
v 0.16916060 -0.51276922 -0.07769231
v 0.17092308 -0.51276922 -0.07948779
v 0.15493982 -0.51276922 -0.04661538
v 0.17092308 -0.48169231 -0.42233321
v 0.17092308 -0.51100516 -0.07769231
v 0.17092308 -0.48642859 -0.04661538
v 0.15340129 -0.48169231 -0.01553846
v 0.17092308 -0.48169231 -0.04189085
v 0.17092308 -0.47890007 -0.41953847
v 0.17092308 -0.45061538 -0.39975345
v 0.15870020 -0.45061538 -0.01553846
v 0.17092308 -0.45061538 -0.02778677
v 0.17092308 -0.43933746 -0.38846153
v 0.15537703 -0.41953847 -0.38846153
v 0.17092308 -0.41953847 -0.37281644
v 0.17092308 -0.42934254 -0.01553846
v 0.15663151 -0.41953847 0.01553846
v 0.17092308 -0.41953847 -0.00546985
v 0.15562776 -0.38846153 -0.38846153
v 0.17092308 -0.38846153 -0.37322295
v 0.17092308 -0.40759730 0.01553846
v 0.17092308 -0.39863697 0.04661538
v 0.17092308 -0.38846153 0.05679081
v 0.14274527 -0.35738462 -0.41953847
v 0.17092308 -0.35738462 -0.39998913
v 0.17092308 -0.36916500 -0.38846153
v 0.17092308 -0.35738462 0.06219166
v 0.15540370 -0.32630768 -0.41953847
v 0.17092308 -0.32630768 -0.40401903
v 0.17092308 -0.32630768 0.06211212
v 0.15533541 -0.29523078 -0.41953847
v 0.17092308 -0.29523078 -0.40395838
v 0.17092308 -0.29523078 0.06216143
v 0.15472548 -0.26415384 -0.41953847
v 0.17092308 -0.26415384 -0.40244198
v 0.15833341 -0.26415384 0.04661538
v 0.17092308 -0.27672532 0.04661538
v 0.17092308 -0.26415384 0.03402927
v 0.16148788 -0.23307693 -0.38846153
v 0.17092308 -0.24386317 -0.38846153
v 0.17092308 -0.23307693 -0.37903273
v 0.17092308 -0.24085036 0.04661538
v 0.17092308 -0.23307693 0.05236122
v 0.16060457 -0.20200001 -0.38846153
v 0.17092308 -0.20200001 -0.37813294
v 0.14874457 -0.20200001 0.07769231
v 0.17092308 -0.20200001 0.05906979
v 0.15707560 -0.17092308 -0.38846153
v 0.17092308 -0.17092308 -0.37458774
v 0.14935367 -0.17092308 0.07769231
v 0.17092308 -0.17092308 0.05941489
v 0.15540370 -0.13984616 -0.38846153
v 0.17092308 -0.13984616 -0.37313747
v 0.14036694 -0.13984616 0.07769231
v 0.17092308 -0.13984616 0.05398380
v 0.15428828 -0.10876923 -0.38846153
v 0.17092308 -0.10876923 -0.37121615
v 0.15532404 -0.10876923 0.04661538
v 0.17092308 -0.13251597 0.04661538
v 0.17092308 -0.10876923 0.03103152
v 0.17092308 -0.07769231 -0.38340014
v 0.14801548 -0.07769231 -0.35738462
v 0.17092308 -0.08710208 0.04661538
v 0.17092308 -0.07769231 0.05606351
v 0.15534277 -0.04661538 -0.38846153
v 0.17092308 -0.04661538 -0.40401518
v 0.17092308 -0.07263299 -0.38846153
v 0.17092308 -0.06717677 0.04661538
v 0.17092308 -0.04661538 0.03228790
v 0.17092308 -0.01553846 -0.40701345
v 0.17092308 -0.01553846 0.03100437
v 0.17092308 0.01553846 -0.40706408
v 0.17092308 -0.00006496 0.01553846
v 0.17092308 0.01553846 -0.00021991
v 0.17092308 0.04661538 -0.40403798
v 0.15030609 0.04661538 -0.01553846
v 0.17092308 0.03085702 -0.01553846
v 0.17092308 0.04661538 -0.03342935
v 0.17092308 0.07769231 -0.40413919
v 0.15511575 0.07769231 -0.04661538
v 0.17092308 0.05974220 -0.04661538
v 0.17092308 0.07769231 -0.06213873
v 0.17092308 0.09694444 -0.38846153
v 0.17092308 0.10876923 -0.37650889
v 0.15536126 0.10876923 -0.07769231
v 0.17092308 0.09345245 -0.07769231
v 0.17092308 0.10876923 -0.09305443
v 0.17092308 0.13794108 -0.35738462
v 0.17092308 0.13984616 -0.35548118
v 0.14905077 0.13984616 -0.10876923
v 0.17092308 0.12434563 -0.10876923
v 0.17092308 0.13984616 -0.12714517
v 0.17092308 0.15604849 -0.32630768
v 0.17092308 0.17092308 -0.30230820
v 0.15686470 0.17092308 -0.20200001
v 0.17092308 0.15689102 -0.20200001
v 0.17092308 0.17092308 -0.22612603
v 0.15402925 0.17092308 -0.17092308
v 0.17092308 0.15666352 -0.17092308
v 0.17092308 0.15253612 -0.13984616
v 0.17092308 0.17757474 -0.29523078
v 0.17092308 0.18296185 -0.26415384
v 0.17092308 0.17689736 -0.23307693
v 0.14449410 0.20200001 -0.04661538
v 0.15327787 0.20200001 -0.01553846
v 0.15478997 0.20200001 0.01553846
v 0.15213412 0.20200001 0.04661538
v 0.16176434 0.23307693 -0.29523078
v 0.16762018 0.23307693 -0.26415384
v 0.15768044 0.23307693 -0.10876923
v 0.17092308 0.23307693 -0.08797490
v 0.17092308 0.22463563 -0.07769231
v 0.17092308 0.21745168 -0.04661538
v 0.17092308 0.21754605 -0.01553846
v 0.17092308 0.21758386 0.01553846
v 0.17092308 0.21753846 0.04661538
v 0.17092308 0.21819095 0.07769231
v 0.15758465 0.23307693 0.10876923
v 0.17092308 0.23307693 0.09475377
v 0.16775046 0.26415384 -0.32630768
v 0.17092308 0.26415384 -0.32313782
v 0.17092308 0.24072891 -0.29523078
v 0.17092308 0.23639713 -0.26415384
v 0.17092308 0.24878348 -0.23307693
v 0.17092308 0.26263821 -0.20200001
v 0.16251855 0.26415384 -0.20200001
v 0.15744559 0.26415384 -0.17092308
v 0.17092308 0.26415384 -0.20005882
v 0.17092308 0.26415384 -0.15580197
v 0.17092308 0.25023487 -0.13984616
v 0.17092308 0.24641535 -0.10876923
v 0.17092308 0.24643764 0.10876923
v 0.15350300 0.26415384 0.13984616
v 0.17092308 0.26415384 0.12460905
v 0.14769481 0.29523078 -0.35738462
v 0.17092308 0.29523078 -0.34015518
v 0.17092308 0.26800206 -0.32630768
v 0.17092308 0.27767602 -0.17092308
v 0.17092308 0.28145584 0.13984616
v 0.17092308 0.29523078 0.15331689
v 0.14907923 0.29523078 0.20200001
v 0.15549107 0.32630768 -0.35738462
v 0.17092308 0.32630768 -0.34191474
v 0.16349645 0.32630768 0.17092308
v 0.17092308 0.32630768 0.16347712
v 0.16050380 0.32630768 0.20200001
v 0.14767928 0.32630768 0.23307693
v 0.17092308 0.35738462 -0.36799672
v 0.17092308 0.34671068 -0.35738462
v 0.17092308 0.33374533 0.17092308
v 0.17092308 0.33675399 0.20200001
v 0.17092308 0.35738462 0.22241853
v 0.16039984 0.35738462 0.23307693
v 0.15530922 0.38846153 -0.38846153
v 0.17092308 0.38846153 -0.37282118
v 0.17092308 0.38846153 0.21753846
v 0.16347037 0.41953847 -0.38846153
v 0.17092308 0.41953847 -0.38102821
v 0.17092308 0.40642717 0.20200001
v 0.17092308 0.41953847 0.18885919
v 0.15489276 0.45061538 -0.48169231
v 0.16770376 0.45061538 -0.45061538
v 0.16871119 0.45061538 -0.41953847
v 0.17092308 0.45061538 -0.41610005
v 0.17092308 0.43213537 -0.38846153
v 0.15530328 0.45061538 0.13984616
v 0.17092308 0.43639377 0.13984616
v 0.17092308 0.45061538 0.12561315
v 0.17092308 0.44404078 0.17092308
v 0.17092308 0.48169231 -0.52554029
v 0.17092308 0.46892861 -0.51276922
v 0.17092308 0.46316391 -0.48169231
v 0.17092308 0.45360127 -0.45061538
v 0.17092308 0.45230484 -0.41953847
v 0.14725749 0.48169231 0.13984616
v 0.17092308 0.48169231 0.12435310
v 0.16423561 0.51276922 -0.54384613
v 0.17092308 0.51276922 -0.53716385
v 0.14385027 0.51276922 0.13984616
v 0.17092308 0.51276922 0.12440205
v 0.17092308 0.54384613 -0.55705255
v 0.17092308 0.52117932 -0.54384613
v 0.17092308 0.53430426 0.13984616
v 0.17092308 0.54384613 0.14937833
v 0.17092308 0.57492310 -0.55925459
v 0.17092308 0.57492310 0.14381967
v 0.17092308 0.60600001 -0.54928100
v 0.15701799 0.60600001 0.13984616
v 0.17092308 0.57968307 0.13984616
v 0.17092308 0.60600001 0.11861663
v 0.14661281 0.60600001 0.17092308
v 0.17092308 0.61143929 -0.54384613
v 0.17092308 0.63707691 -0.51868236
v 0.17092308 0.61989003 0.13984616
v 0.17092308 0.62153089 0.17092308
v 0.17092308 0.62157625 0.20200001
v 0.17092308 0.62151569 0.23307693
v 0.17092308 0.62155378 0.26415384
v 0.17092308 0.62571055 0.29523078
v 0.17092308 0.63707691 0.30660412
v 0.17092308 0.64298540 -0.51276922
v 0.14306903 0.66815382 -0.48169231
v 0.17092308 0.65407330 -0.48169231
v 0.17092308 0.66815382 -0.46760044
v 0.16526367 0.66815382 0.23307693
v 0.17092308 0.66249442 0.23307693
v 0.17092308 0.66815382 0.22488554
v 0.15116699 0.66815382 0.26415384
v 0.17092308 0.65255457 0.26415384
v 0.17092308 0.64844328 0.29523078
v 0.17092308 0.68368095 -0.45061538
v 0.17092308 0.69923079 -0.43472749
v 0.15423208 0.69923079 0.13984616
v 0.17092308 0.68380338 0.13984616
v 0.17092308 0.69923079 0.12445683
v 0.17092308 0.68369991 0.17092308
v 0.17092308 0.68007195 0.20200001
v 0.17092308 0.71440458 -0.41953847
v 0.17092308 0.73030770 -0.40302536
v 0.15859954 0.73030770 0.13984616
v 0.17092308 0.73030770 0.13013758
v 0.17092308 0.74488664 -0.38846153
v 0.14784798 0.76138461 -0.38846153
v 0.17092308 0.76138461 -0.37288117
v 0.17092308 0.75012743 0.13984616
v 0.17092308 0.76138461 0.14621082
v 0.15232404 0.79246151 -0.35738462
v 0.17092308 0.77685088 -0.35738462
v 0.17092308 0.79246151 -0.34186128
v 0.16071174 0.79246151 0.13984616
v 0.17092308 0.77624804 0.13984616
v 0.17092308 0.79246151 0.13302496
v 0.14857350 0.82353848 -0.32630768
v 0.17092308 0.80806452 -0.32630768
v 0.17092308 0.82353848 -0.30588654
v 0.17092308 0.82353848 0.12432287
v 0.17092308 0.83415669 -0.29523078
v 0.15781878 0.85461539 -0.26415384
v 0.17092308 0.84146672 -0.26415384
v 0.17092308 0.85461539 -0.24938715
v 0.17092308 0.85461539 0.11874668
v 0.17092308 0.86851573 -0.23307693
v 0.15385829 0.88569230 -0.20200001
v 0.17092308 0.87053072 -0.20200001
v 0.17092308 0.88569230 -0.17753717
v 0.17092308 0.86458617 0.10876923
v 0.17092308 0.88569230 0.09321559
v 0.17092308 0.89205730 -0.17092308
v 0.17092308 0.90125734 -0.13984616
v 0.15016811 0.91676921 -0.10876923
v 0.17092308 0.90120041 -0.10876923
v 0.15983187 0.91676921 -0.07769231
v 0.17092308 0.90568143 -0.07769231
v 0.16670012 0.91676921 -0.04661538
v 0.17092308 0.91255337 -0.04661538
v 0.17092308 0.91676921 -0.01749162
v 0.16689193 0.91676921 0.01553846
v 0.17092308 0.91274154 0.01553846
v 0.17092308 0.91676921 -0.01348673
v 0.16007726 0.91676921 0.04661538
v 0.17092308 0.90593028 0.04661538
v 0.15251644 0.91676921 0.07769231
v 0.17092308 0.90117019 0.07769231
v 0.17092308 0.91709298 -0.01553846
v 0.18567023 -0.97892308 -0.38846153
v 0.20200001 -0.97892308 -0.37692642
v 0.20200001 -0.98729593 -0.35738462
v 0.20200001 -0.99406195 -0.32630768
v 0.20200001 -0.99443877 -0.29523078
v 0.20200001 -0.97892308 -0.26693466
v 0.19420303 -0.94784617 -0.60600001
v 0.20200001 -0.94784617 -0.60057414
v 0.20200001 -0.95580447 -0.57492310
v 0.20200001 -0.96150982 -0.54384613
v 0.20200001 -0.96337706 -0.51276922
v 0.20200001 -0.96337324 -0.48169231
v 0.20200001 -0.96339601 -0.45061538
v 0.20200001 -0.96485162 -0.41953847
v 0.20200001 -0.97336084 -0.38846153
v 0.20200001 -0.97614723 -0.26415384
v 0.18645015 -0.94784617 -0.26415384
v 0.20200001 -0.94784617 -0.24862297
v 0.20200001 -0.91676921 -0.62324160
v 0.20200001 -0.94573879 -0.60600001
v 0.18186361 -0.91676921 -0.26415384
v 0.20200001 -0.91676921 -0.24828131
v 0.20200001 -0.88569230 -0.62152326
v 0.20200001 -0.89075661 -0.23307693
v 0.19712941 -0.88569230 -0.23307693
v 0.20200001 -0.88569230 -0.22820640
v 0.20200001 -0.86680800 -0.60600001
v 0.20200001 -0.85461539 -0.59380734
v 0.19551797 -0.85461539 -0.23307693
v 0.20200001 -0.85461539 -0.22655489
v 0.20200001 -0.82353848 -0.59044254
v 0.20200001 -0.82353848 -0.23266977
v 0.20200001 -0.79411083 -0.57492310
v 0.19380115 -0.79246151 -0.57492310
v 0.20200001 -0.79246151 -0.57327914
v 0.20200001 -0.79246151 -0.21752708
v 0.20200001 -0.76138461 -0.55636209
v 0.20200001 -0.76138461 -0.21751571
v 0.19836280 -0.73030770 -0.57492310
v 0.20200001 -0.73030770 -0.57005668
v 0.18021020 -0.73030770 -0.20200001
v 0.20200001 -0.73030770 -0.21732762
v 0.19033998 -0.69923079 -0.57492310
v 0.20200001 -0.69923079 -0.56696188
v 0.19460408 -0.69923079 -0.20200001
v 0.20200001 -0.69923079 -0.20938495
v 0.20200001 -0.66815382 -0.55876714
v 0.20200001 -0.68626851 -0.20200001
v 0.20200001 -0.66815382 -0.19257025
v 0.20200001 -0.65321016 -0.54384613
v 0.20200001 -0.63707691 -0.51946557
v 0.20200001 -0.63707691 -0.18642378
v 0.20200001 -0.63038057 -0.51276922
v 0.20200001 -0.60600001 -0.49668089
v 0.18640867 -0.60600001 -0.17092308
v 0.20200001 -0.60600001 -0.18653338
v 0.20200001 -0.59102654 -0.48169231
v 0.18002550 -0.57492310 -0.48169231
v 0.20200001 -0.57492310 -0.46611592
v 0.19235983 -0.57492310 -0.17092308
v 0.20200001 -0.57492310 -0.18056656
v 0.19057235 -0.54384613 -0.45061538
v 0.20200001 -0.55527020 -0.45061538
v 0.20200001 -0.54384613 -0.43920189
v 0.20163843 -0.54384613 -0.17092308
v 0.20200001 -0.54384613 -0.17128430
v 0.19639085 -0.51276922 -0.41953847
v 0.20200001 -0.51838958 -0.41953847
v 0.20200001 -0.51276922 -0.41392037
v 0.20200001 -0.53666669 -0.17092308
v 0.18645395 -0.51276922 -0.13984616
v 0.20200001 -0.51276922 -0.16975453
v 0.18630090 -0.51276922 -0.10876923
v 0.17371538 -0.48169231 -0.41953847
v 0.20200001 -0.48308685 -0.38846153
v 0.20060681 -0.48169231 -0.38846153
v 0.20200001 -0.48169231 -0.38706633
v 0.20200001 -0.49493405 -0.13984616
v 0.20200001 -0.48169231 -0.10926459
v 0.20163037 -0.48169231 -0.10876923
v 0.18643878 -0.48169231 -0.07769231
v 0.17565544 -0.48169231 -0.04661538
v 0.18221499 -0.45061538 -0.38846153
v 0.20200001 -0.45729604 -0.35738462
v 0.19533221 -0.45061538 -0.35738462
v 0.20200001 -0.45061538 -0.35045940
v 0.20200001 -0.48132190 -0.10876923
v 0.20200001 -0.45281392 -0.07769231
v 0.20200001 -0.45061538 -0.07548978
v 0.18643498 -0.45061538 -0.04661538
v 0.18638520 -0.41953847 -0.35738462
v 0.20200001 -0.42908147 -0.32630768
v 0.19277452 -0.41953847 -0.32630768
v 0.20200001 -0.41953847 -0.31712624
v 0.18846597 -0.41953847 -0.04661538
v 0.20200001 -0.41953847 -0.06035777
v 0.17807218 -0.41953847 -0.01553846
v 0.18649177 -0.38846153 -0.35738462
v 0.20200001 -0.38846153 -0.32773373
v 0.20200001 -0.39164233 -0.32630768
v 0.20200001 -0.39610660 -0.04661538
v 0.20200001 -0.38846153 -0.03570620
v 0.19213779 -0.38846153 -0.01553846
v 0.18645395 -0.38846153 0.01553846
v 0.18110526 -0.38846153 0.04661538
v 0.18245777 -0.35738462 -0.38846153
v 0.20200001 -0.35738462 -0.36638680
v 0.20200001 -0.36638060 -0.35738462
v 0.20200001 -0.37751281 -0.01553846
v 0.20200001 -0.35738462 -0.00123291
v 0.18643498 -0.35738462 0.01553846
v 0.18649936 -0.35738462 0.04661538
v 0.18646912 -0.32630768 -0.38846153
v 0.20200001 -0.32630768 -0.37267572
v 0.18922989 -0.32630768 0.01553846
v 0.20200001 -0.32630768 0.00275366
v 0.18646912 -0.32630768 0.04661538
v 0.18644257 -0.29523078 -0.38846153
v 0.20200001 -0.29523078 -0.37294579
v 0.18723330 -0.29523078 0.01553846
v 0.20200001 -0.29523078 -0.00050123
v 0.18654524 -0.29523078 0.04661538
v 0.18490356 -0.26415384 -0.38846153
v 0.20200001 -0.26415384 -0.35981220
v 0.18670824 -0.26415384 0.01553846
v 0.20200001 -0.26415384 0.00032968
v 0.18647671 -0.23307693 -0.35738462
v 0.20200001 -0.26171750 -0.35738462
v 0.20200001 -0.23307693 -0.34186134
v 0.19694328 -0.23307693 0.01553846
v 0.20200001 -0.23307693 0.01048590
v 0.17666891 -0.23307693 0.04661538
v 0.18651868 -0.20200001 -0.35738462
v 0.20200001 -0.20200001 -0.34171504
v 0.20200001 -0.21965468 0.01553846
v 0.20200001 -0.20200001 0.02186009
v 0.18337749 -0.20200001 0.04661538
v 0.18644257 -0.17092308 -0.35738462
v 0.20200001 -0.17092308 -0.33912402
v 0.18372259 -0.17092308 0.04661538
v 0.20200001 -0.17092308 0.02290036
v 0.18796735 -0.13984616 -0.35738462
v 0.20200001 -0.13984616 -0.33335117
v 0.19777918 -0.13984616 0.01553846
v 0.20200001 -0.15029152 0.01553846
v 0.20200001 -0.13984616 0.01131764
v 0.17828605 -0.13984616 0.04661538
v 0.18911621 -0.10876923 -0.38846153
v 0.20200001 -0.10876923 -0.40138587
v 0.20200001 -0.12168616 -0.38846153
v 0.20200001 -0.12562352 -0.35738462
v 0.20200001 -0.13569528 0.01553846
v 0.20200001 -0.10876923 0.03125344
v 0.19943151 -0.07769231 -0.41953847
v 0.20200001 -0.07769231 -0.42210355
v 0.20200001 -0.08026085 -0.41953847
v 0.17597824 -0.07769231 -0.38846153
v 0.18037760 -0.07769231 0.04661538
v 0.20200001 -0.07769231 0.03100070
v 0.18706164 -0.04661538 -0.41953847
v 0.20200001 -0.04661538 -0.43445411
v 0.19136189 -0.04661538 -0.17092308
v 0.20200001 -0.05711207 -0.17092308
v 0.20200001 -0.04661538 -0.18150690
v 0.20200001 -0.04661538 -0.15711828
v 0.20200001 -0.04661538 0.03106934
v 0.18346639 -0.01553846 -0.41953847
v 0.20200001 -0.01553846 -0.43503898
v 0.20200001 -0.03094474 -0.17092308
v 0.20200001 -0.01553846 -0.15870428
v 0.18827938 -0.01553846 -0.13984616
v 0.20200001 -0.03257082 -0.13984616
v 0.20200001 -0.01553846 -0.12614793
v 0.20200001 -0.01553846 0.03064849
v 0.18887568 0.01553846 -0.41953847
v 0.20200001 0.01553846 -0.42974815
v 0.19138156 0.01553846 -0.13984616
v 0.20200001 0.01553846 -0.15046459
v 0.20200001 0.01553846 -0.12786144
v 0.20200001 -0.00041706 0.01553846
v 0.20200001 0.01553846 -0.00621375
v 0.20200001 0.02866279 -0.41953847
v 0.20200001 0.04661538 -0.40707138
v 0.20200001 0.02793194 -0.13984616
v 0.18409790 0.04661538 -0.04661538
v 0.20200001 0.02994810 -0.04661538
v 0.20200001 0.04661538 -0.06556361
v 0.20200001 0.02484089 -0.01553846
v 0.20200001 0.07769231 -0.40403780
v 0.18651821 0.07769231 -0.07769231
v 0.20200001 0.05873691 -0.07769231
v 0.20200001 0.07769231 -0.09881964
v 0.20200001 0.09382197 -0.38846153
v 0.20200001 0.10876923 -0.37346888
v 0.18984434 0.10876923 -0.13984616
v 0.20200001 0.09558776 -0.13984616
v 0.20200001 0.10876923 -0.15202719
v 0.18659918 0.10876923 -0.10876923
v 0.20200001 0.08775214 -0.10876923
v 0.20200001 0.12673807 -0.35738462
v 0.20200001 0.13984616 -0.34426171
v 0.18898474 0.13984616 -0.17092308
v 0.20200001 0.12677553 -0.17092308
v 0.20200001 0.13984616 -0.18393834
v 0.18359834 0.13984616 -0.13984616
v 0.20200001 0.15538462 -0.32630768
v 0.17967378 0.17092308 -0.29523078
v 0.20200001 0.15822695 -0.29523078
v 0.18990017 0.17092308 -0.26415384
v 0.20200001 0.16201839 -0.26415384
v 0.17725846 0.17092308 -0.23307693
v 0.20200001 0.15597558 -0.23307693
v 0.20200001 0.15541485 -0.20200001
v 0.17934646 0.23307693 -0.07769231
v 0.18659787 0.23307693 -0.04661538
v 0.19239883 0.23307693 -0.01553846
v 0.19633751 0.23307693 0.01553846
v 0.19189310 0.23307693 0.04661538
v 0.18581283 0.23307693 0.07769231
v 0.18648051 0.26415384 -0.29523078
v 0.20200001 0.26415384 -0.27799675
v 0.20200001 0.25031847 -0.26415384
v 0.20200001 0.24864194 -0.23307693
v 0.20200001 0.24862297 -0.20200001
v 0.20200001 0.26415384 -0.18253057
v 0.18484952 0.26415384 -0.13984616
v 0.19598743 0.26415384 -0.10876923
v 0.20200001 0.26415384 -0.10238791
v 0.20200001 0.24919260 -0.07769231
v 0.20200001 0.24855445 -0.04661538
v 0.20200001 0.24267809 -0.01553846
v 0.20200001 0.23874392 0.01553846
v 0.20200001 0.24319047 0.04661538
v 0.20200001 0.24858503 0.07769231
v 0.19190721 0.26415384 0.10876923
v 0.20200001 0.26415384 0.09868971
v 0.18477055 0.29523078 -0.32630768
v 0.20200001 0.29523078 -0.30177200
v 0.20200001 0.28867692 -0.29523078
v 0.20200001 0.27576488 -0.17092308
v 0.20200001 0.28044403 -0.13984616
v 0.20200001 0.27017117 -0.10876923
v 0.20200001 0.27425328 0.10876923
v 0.18439381 0.29523078 0.13984616
v 0.20200001 0.29523078 0.12429252
v 0.18646534 0.32630768 -0.32630768
v 0.20200001 0.32630768 -0.31074262
v 0.19308843 0.32630768 0.13984616
v 0.20200001 0.32630768 0.13094999
v 0.18154199 0.35738462 -0.35738462
v 0.20200001 0.35738462 -0.33497244
v 0.20200001 0.34872293 -0.32630768
v 0.19405591 0.35738462 0.13984616
v 0.20200001 0.35738462 0.13190207
v 0.19529475 0.35738462 0.17092308
v 0.18722239 0.35738462 0.20200001
v 0.18763861 0.38846153 -0.35738462
v 0.20200001 0.38846153 -0.34302697
v 0.18834861 0.38846153 0.13984616
v 0.20200001 0.38846153 0.12623945
v 0.20200001 0.38846153 0.15967514
v 0.20200001 0.36926761 0.17092308
v 0.20200001 0.38846153 0.18184133
v 0.18800873 0.38846153 0.20200001
v 0.20128219 0.41953847 -0.35738462
v 0.20200001 0.41953847 -0.35666680
v 0.20011839 0.41953847 0.10876923
v 0.20200001 0.41766703 0.10876923
v 0.20200001 0.41953847 0.10688928
v 0.18646154 0.41953847 0.13984616
v 0.20200001 0.40258878 0.17092308
v 0.19117896 0.41953847 0.17092308
v 0.18073870 0.45061538 -0.38846153
v 0.20200001 0.45061538 -0.36767930
v 0.20200001 0.42095548 -0.35738462
v 0.18646534 0.45061538 0.10876923
v 0.20200001 0.45061538 0.09179858
v 0.18363556 0.48169231 -0.51276922
v 0.20200001 0.48169231 -0.49607167
v 0.20200001 0.46726406 -0.48169231
v 0.20200001 0.46614248 -0.45061538
v 0.20200001 0.46613488 -0.41953847
v 0.20200001 0.46615386 -0.38846153
v 0.18650694 0.48169231 0.10876923
v 0.20200001 0.48169231 0.08729348
v 0.20200001 0.51276922 -0.52604318
v 0.20200001 0.49953964 -0.51276922
v 0.18653694 0.51276922 0.10876923
v 0.20200001 0.51276922 0.08809831
v 0.18409245 0.54384613 -0.54384613
v 0.20200001 0.54384613 -0.52829254
v 0.18649948 0.54384613 0.10876923
v 0.20200001 0.54384613 0.08923626
v 0.18045525 0.54384613 0.13984616
v 0.18683283 0.57492310 -0.54384613
v 0.20200001 0.57492310 -0.52882409
v 0.18628858 0.57492310 0.10876923
v 0.20200001 0.57492310 0.08832473
v 0.17490171 0.57492310 0.13984616
v 0.17634480 0.60600001 -0.54384613
v 0.20200001 0.60600001 -0.52828497
v 0.18526478 0.60600001 0.10876923
v 0.20200001 0.60600001 0.09409238
v 0.17931457 0.63707691 -0.51276922
v 0.20200001 0.62501162 -0.51276922
v 0.20200001 0.63707691 -0.50070387
v 0.20200001 0.61545086 0.10876923
v 0.20200001 0.61661166 0.13984616
v 0.20200001 0.61662495 0.17092308
v 0.20200001 0.61674756 0.20200001
v 0.20200001 0.61825037 0.23307693
v 0.20200001 0.63632566 0.26415384
v 0.18230699 0.63707691 0.29523078
v 0.20200001 0.63707691 0.26490581
v 0.20200001 0.65261537 -0.48169231
v 0.20200001 0.66815382 -0.45920065
v 0.20008294 0.66815382 0.13984616
v 0.20200001 0.66624558 0.13984616
v 0.20200001 0.66815382 0.13648766
v 0.18915556 0.66815382 0.17092308
v 0.20200001 0.65529472 0.17092308
v 0.18281260 0.66815382 0.20200001
v 0.20200001 0.65262300 0.20200001
v 0.20200001 0.65243149 0.23307693
v 0.20200001 0.63782626 0.26415384
v 0.20200001 0.67673302 -0.45061538
v 0.19157764 0.69923079 -0.41953847
v 0.20200001 0.68912101 -0.41953847
v 0.20200001 0.69923079 -0.40941539
v 0.20200001 0.69923079 0.11637676
v 0.18564710 0.73030770 -0.38846153
v 0.20200001 0.71490341 -0.38846153
v 0.20200001 0.73030770 -0.37316680
v 0.20200001 0.73030770 0.12431528
v 0.18637417 0.76138461 -0.35738462
v 0.20200001 0.74589878 -0.35738462
v 0.20200001 0.76138461 -0.34129092
v 0.17728288 0.76138461 0.13984616
v 0.20200001 0.76138461 0.12429252
v 0.18650314 0.79246151 -0.32630768
v 0.20200001 0.77640939 -0.32630768
v 0.20200001 0.79246151 -0.30784729
v 0.20200001 0.79246151 0.12431528
v 0.18154803 0.82353848 -0.29523078
v 0.20200001 0.80506712 -0.29523078
v 0.20200001 0.82353848 -0.26437992
v 0.20200001 0.82353848 0.12402163
v 0.20200001 0.82376456 -0.26415384
v 0.18481596 0.85461539 -0.23307693
v 0.20200001 0.83905035 -0.23307693
v 0.20200001 0.85461539 -0.20351708
v 0.18286157 0.85461539 0.10876923
v 0.20200001 0.84093767 0.10876923
v 0.20200001 0.85461539 0.09540626
v 0.20200001 0.85613388 -0.20200001
v 0.17728810 0.88569230 -0.17092308
v 0.20200001 0.87017661 -0.17092308
v 0.18798134 0.88569230 -0.13984616
v 0.20200001 0.87165856 -0.13984616
v 0.19968450 0.88569230 -0.10876923
v 0.20200001 0.88337892 -0.10876923
v 0.20200001 0.88569230 -0.10402662
v 0.19251074 0.88569230 0.04661538
v 0.20200001 0.87620306 0.04661538
v 0.20200001 0.88569230 0.02186910
v 0.18643878 0.88569230 0.07769231
v 0.20200001 0.87017661 0.07769231
v 0.20200001 0.89529276 -0.07769231
v 0.20200001 0.89813757 -0.04661538
v 0.17124648 0.91676921 -0.01553846
v 0.20200001 0.89647329 -0.01553846
v 0.20200001 0.88883376 0.01553846
v 0.22787464 -0.97892308 -0.35738462
v 0.23307693 -0.97892308 -0.35347101
v 0.23307693 -0.98946863 -0.32630768
v 0.23307693 -0.99444640 -0.29523078
v 0.23307693 -0.99439299 -0.26415384
v 0.20479575 -0.97892308 -0.26415384
v 0.23307693 -0.97892308 -0.24413855
v 0.23307693 -0.94784617 -0.57747573
v 0.23307693 -0.94892812 -0.57492310
v 0.23307693 -0.95722699 -0.54384613
v 0.23307693 -0.96278578 -0.51276922
v 0.23307693 -0.96336943 -0.48169231
v 0.23307693 -0.96337700 -0.45061538
v 0.23307693 -0.96339220 -0.41953847
v 0.23307693 -0.96674168 -0.38846153
v 0.23307693 -0.97677499 -0.35738462
v 0.23307693 -0.96466678 -0.23307693
v 0.22087634 -0.94784617 -0.23307693
v 0.23307693 -0.94784617 -0.22088356
v 0.23307693 -0.91676921 -0.62155366
v 0.23307693 -0.93893075 -0.60600001
v 0.21716265 -0.91676921 -0.23307693
v 0.23307693 -0.91676921 -0.21751577
v 0.23307693 -0.88569230 -0.62158388
v 0.23307693 -0.88569230 -0.21110119
v 0.23307693 -0.87011606 -0.60600001
v 0.23307693 -0.85461539 -0.59045392
v 0.23307693 -0.85461539 -0.20837462
v 0.23307693 -0.82353848 -0.58966684
v 0.23307693 -0.82353848 -0.21735850
v 0.23307693 -0.80781257 -0.57492310
v 0.23307693 -0.79246151 -0.56038505
v 0.23307693 -0.79246151 -0.22691996
v 0.23307693 -0.76672626 -0.54384613
v 0.22575711 -0.76138461 -0.54384613
v 0.23307693 -0.76138461 -0.53850454
v 0.23307693 -0.76138461 -0.21965830
v 0.21851945 -0.73030770 -0.54384613
v 0.23307693 -0.74256957 -0.51276922
v 0.22080058 -0.73030770 -0.51276922
v 0.23307693 -0.73030770 -0.50047469
v 0.23307693 -0.73030770 -0.23155564
v 0.23307693 -0.69923079 -0.55928528
v 0.23307693 -0.71819407 -0.54384613
v 0.23307693 -0.71802765 -0.51276922
v 0.23307693 -0.69923079 -0.22296315
v 0.23307693 -0.67800879 -0.54384613
v 0.22279102 -0.66815382 -0.54384613
v 0.23307693 -0.66815382 -0.53407049
v 0.21142974 -0.66815382 -0.20200001
v 0.23307693 -0.66815382 -0.21884054
v 0.21085325 -0.63707691 -0.51276922
v 0.23307693 -0.64977020 -0.51276922
v 0.23307693 -0.63707691 -0.49948013
v 0.21760663 -0.63707691 -0.20200001
v 0.23307693 -0.63707691 -0.21765719
v 0.21696587 -0.60600001 -0.48169231
v 0.23307693 -0.62218457 -0.48169231
v 0.23307693 -0.60600001 -0.46604720
v 0.21753466 -0.60600001 -0.20200001
v 0.23307693 -0.60600001 -0.21752329
v 0.21791248 -0.57492310 -0.45061538
v 0.23307693 -0.59014857 -0.45061538
v 0.23307693 -0.57492310 -0.43539754
v 0.21770728 -0.57492310 -0.20200001
v 0.23307693 -0.57492310 -0.21772292
v 0.21791995 -0.54384613 -0.41953847
v 0.23307693 -0.55906796 -0.41953847
v 0.23307693 -0.54384613 -0.40181533
v 0.21774581 -0.54384613 -0.20200001
v 0.23307693 -0.54384613 -0.22061072
v 0.21747789 -0.51276922 -0.38846153
v 0.23307693 -0.53092754 -0.38846153
v 0.23307693 -0.51276922 -0.36174732
v 0.21753846 -0.51276922 -0.20200001
v 0.23307693 -0.51276922 -0.23142464
v 0.20317233 -0.51276922 -0.17092308
v 0.21753088 -0.48169231 -0.35738462
v 0.23307693 -0.50837898 -0.35738462
v 0.22131117 -0.48169231 -0.32630768
v 0.23307693 -0.49367228 -0.32630768
v 0.22924554 -0.48169231 -0.29523078
v 0.23307693 -0.48549768 -0.29523078
v 0.22762260 -0.48169231 -0.26415384
v 0.23307693 -0.48749486 -0.26415384
v 0.21896461 -0.48169231 -0.23307693
v 0.23307693 -0.51080233 -0.23307693
v 0.21754605 -0.48169231 -0.20200001
v 0.21744682 -0.48169231 -0.17092308
v 0.21526398 -0.48169231 -0.13984616
v 0.21717712 -0.45061538 -0.32630768
v 0.21753088 -0.45061538 -0.29523078
v 0.21755363 -0.45061538 -0.26415384
v 0.21759939 -0.45061538 -0.23307693
v 0.21766092 -0.45061538 -0.20200001
v 0.21757652 -0.45061538 -0.17092308
v 0.21753846 -0.45061538 -0.13984616
v 0.21751571 -0.45061538 -0.10876923
v 0.20420252 -0.45061538 -0.07769231
v 0.21761030 -0.41953847 -0.29523078
v 0.21756501 -0.41953847 -0.26415384
v 0.22165069 -0.41953847 -0.23307693
v 0.22904922 -0.41953847 -0.20200001
v 0.22869499 -0.41953847 -0.17092308
v 0.22271799 -0.41953847 -0.13984616
v 0.21756501 -0.41953847 -0.10876923
v 0.21731180 -0.41953847 -0.07769231
v 0.20343006 -0.38846153 -0.32630768
v 0.21753088 -0.38846153 -0.29523078
v 0.21984792 -0.38846153 -0.26415384
v 0.23307693 -0.38846153 -0.24629816
v 0.23307693 -0.40354377 -0.23307693
v 0.23307693 -0.41415235 -0.20200001
v 0.23307693 -0.41262451 -0.17092308
v 0.23307693 -0.39652684 -0.13984616
v 0.23307693 -0.38846153 -0.13226293
v 0.22213461 -0.38846153 -0.10876923
v 0.21783590 -0.38846153 -0.07769231
v 0.20824932 -0.38846153 -0.04661538
v 0.21102099 -0.35738462 -0.35738462
v 0.21864808 -0.35738462 -0.32630768
v 0.23307693 -0.35738462 -0.30957177
v 0.23307693 -0.37063608 -0.29523078
v 0.23307693 -0.37522879 -0.26415384
v 0.23307693 -0.37752616 -0.10876923
v 0.23307693 -0.37251908 -0.07769231
v 0.23307693 -0.35738462 -0.05934204
v 0.22101574 -0.35738462 -0.04661538
v 0.21632060 -0.35738462 -0.01553846
v 0.21727967 -0.32630768 -0.35738462
v 0.22364859 -0.32630768 -0.32630768
v 0.23307693 -0.32630768 -0.31689543
v 0.23057802 -0.32630768 -0.04661538
v 0.23307693 -0.32630768 -0.04911647
v 0.21753088 -0.32630768 -0.01553846
v 0.21757628 -0.29523078 -0.35738462
v 0.22646959 -0.29523078 -0.32630768
v 0.23307693 -0.29523078 -0.31968513
v 0.22875309 -0.29523078 -0.04661538
v 0.23307693 -0.29523078 -0.05088540
v 0.21626003 -0.29523078 -0.01553846
v 0.20443417 -0.26415384 -0.35738462
v 0.21755363 -0.26415384 -0.32630768
v 0.23307693 -0.26860923 -0.29523078
v 0.22863086 -0.26415384 -0.29523078
v 0.23307693 -0.26415384 -0.29068577
v 0.22489585 -0.26415384 -0.04661538
v 0.23307693 -0.26415384 -0.05504801
v 0.21759880 -0.26415384 -0.01553846
v 0.21754605 -0.23307693 -0.32630768
v 0.22240609 -0.23307693 -0.29523078
v 0.23307693 -0.23307693 -0.28443190
v 0.23307693 -0.25167021 -0.04661538
v 0.23307693 -0.23307693 -0.03584852
v 0.21750823 -0.23307693 -0.01553846
v 0.21733883 -0.20200001 -0.32630768
v 0.22103992 -0.20200001 -0.29523078
v 0.23307693 -0.20200001 -0.28279614
v 0.21949251 -0.20200001 -0.01553846
v 0.23307693 -0.20200001 -0.02951427
v 0.20832898 -0.20200001 0.01553846
v 0.21475765 -0.17092308 -0.32630768
v 0.21780863 -0.17092308 -0.29523078
v 0.23307693 -0.17092308 -0.27688146
v 0.21948077 -0.17092308 -0.01553846
v 0.23307693 -0.17092308 -0.02945505
v 0.20936735 -0.17092308 0.01553846
v 0.21750432 -0.13984616 -0.38846153
v 0.23307693 -0.13984616 -0.40847227
v 0.23307693 -0.15540732 -0.38846153
v 0.23307693 -0.15604517 -0.35738462
v 0.21615867 -0.13984616 -0.35738462
v 0.23307693 -0.15554863 -0.32630768
v 0.23307693 -0.14450419 -0.29523078
v 0.22078350 -0.13984616 -0.01553846
v 0.23307693 -0.13984616 -0.03132374
v 0.21746662 -0.10876923 -0.41953847
v 0.23307693 -0.10876923 -0.43513739
v 0.23307693 -0.12880757 -0.41953847
v 0.23307693 -0.12183310 -0.01553846
v 0.21774165 -0.10876923 0.01553846
v 0.23307693 -0.10876923 -0.00548906
v 0.23307693 -0.07769231 -0.43513411
v 0.21485238 -0.07769231 -0.20200001
v 0.23307693 -0.09331393 -0.20200001
v 0.23307693 -0.07769231 -0.21762542
v 0.23108695 -0.07769231 -0.17092308
v 0.23307693 -0.07972507 -0.17092308
v 0.23307693 -0.07769231 -0.16888569
v 0.22080757 -0.07769231 0.01553846
v 0.23307693 -0.07769231 0.00353418
v 0.23307693 -0.04661538 -0.43601939
v 0.23307693 -0.06105460 -0.20200001
v 0.23307693 -0.04661538 -0.18750069
v 0.21439181 -0.04661538 -0.13984616
v 0.23307693 -0.06205035 -0.13984616
v 0.23307693 -0.04661538 -0.12434237
v 0.22961198 -0.04661538 0.01553846
v 0.23307693 -0.04661538 0.01207647
v 0.23307693 -0.01553846 -0.43506175
v 0.21510808 -0.01553846 -0.17092308
v 0.23307693 -0.01553846 -0.18373521
v 0.23004882 -0.01553846 -0.10876923
v 0.23307693 -0.01860977 -0.10876923
v 0.23307693 -0.01553846 -0.09382873
v 0.21708739 -0.01553846 0.01553846
v 0.23307693 -0.01553846 -0.00188090
v 0.23307693 0.01553846 -0.43520471
v 0.23307693 0.00030289 -0.17092308
v 0.23307693 0.01553846 -0.15840359
v 0.21606550 0.01553846 -0.10876923
v 0.23307693 -0.01229045 -0.07769231
v 0.21751949 0.01553846 -0.07769231
v 0.21634574 0.01553846 -0.04661538
v 0.23307693 -0.00003023 -0.04661538
v 0.21128973 0.01553846 -0.01553846
v 0.23307693 -0.00188837 -0.01553846
v 0.23307693 0.03638650 -0.41953847
v 0.23307693 0.04661538 -0.40919635
v 0.21564192 0.04661538 -0.13984616
v 0.23307693 0.04661538 -0.15536192
v 0.21567215 0.04661538 -0.10876923
v 0.21411784 0.04661538 -0.07769231
v 0.23307693 0.07769231 -0.40149382
v 0.21647021 0.07769231 -0.13984616
v 0.23307693 0.07769231 -0.15586469
v 0.21193963 0.07769231 -0.10876923
v 0.23307693 0.09073199 -0.38846153
v 0.23307693 0.10876923 -0.37045482
v 0.22381788 0.10876923 -0.17092308
v 0.23307693 0.09913273 -0.17092308
v 0.23307693 0.10876923 -0.18016617
v 0.23307693 0.12185053 -0.35738462
v 0.22701326 0.13984616 -0.32630768
v 0.23307693 0.13379209 -0.32630768
v 0.23307693 0.13984616 -0.31958780
v 0.21897350 0.13984616 -0.20200001
v 0.23307693 0.12570527 -0.20200001
v 0.23307693 0.13984616 -0.22107448
v 0.23307693 0.15435846 -0.29523078
v 0.23307693 0.15539978 -0.26415384
v 0.23307693 0.15054995 -0.23307693
v 0.22029164 0.26415384 -0.26415384
v 0.23307693 0.26415384 -0.25307360
v 0.23307693 0.24850953 -0.23307693
v 0.23307693 0.24896108 -0.20200001
v 0.23307693 0.26415384 -0.18684883
v 0.21696883 0.26415384 -0.07769231
v 0.21780057 0.26415384 -0.04661538
v 0.22595023 0.26415384 -0.01553846
v 0.23092324 0.26415384 0.01553846
v 0.22470000 0.26415384 0.04661538
v 0.21751581 0.26415384 0.07769231
v 0.20854130 0.29523078 -0.29523078
v 0.23307693 0.29523078 -0.27869946
v 0.23307693 0.27624109 -0.26415384
v 0.23307693 0.29217765 -0.17092308
v 0.21677169 0.29523078 -0.13984616
v 0.23307693 0.29523078 -0.16786452
v 0.22373205 0.29523078 -0.10876923
v 0.23307693 0.29523078 -0.09256915
v 0.23307693 0.28643313 -0.07769231
v 0.23307693 0.27932492 -0.04661538
v 0.23307693 0.27128053 -0.01553846
v 0.23307693 0.26630563 0.01553846
v 0.23307693 0.27254570 0.04661538
v 0.23307693 0.28422859 0.07769231
v 0.21755363 0.29523078 0.10876923
v 0.23307693 0.29523078 0.08874997
v 0.21750052 0.32630768 -0.29523078
v 0.23307693 0.32630768 -0.27466002
v 0.23307693 0.31078818 -0.13984616
v 0.23307693 0.30458513 -0.10876923
v 0.22170641 0.32630768 0.10876923
v 0.23307693 0.32630768 0.09738106
v 0.21065255 0.35738462 -0.32630768
v 0.22270447 0.35738462 -0.29523078
v 0.23307693 0.35738462 -0.28490531
v 0.21956483 0.35738462 0.10876923
v 0.23307693 0.35738462 0.09526460
v 0.21753846 0.38846153 -0.32630768
v 0.23307693 0.38846153 -0.30913693
v 0.23307693 0.36926869 -0.29523078
v 0.21756870 0.38846153 0.10876923
v 0.23307693 0.38846153 0.08262193
v 0.21156134 0.38846153 0.17092308
v 0.22271799 0.41953847 -0.32630768
v 0.23307693 0.41953847 -0.31592849
v 0.21753088 0.41953847 0.07769231
v 0.23307693 0.39339116 0.07769231
v 0.23307693 0.41953847 0.05507694
v 0.21227452 0.45061538 -0.35738462
v 0.23182197 0.45061538 -0.32630768
v 0.23307693 0.45061538 -0.32504794
v 0.22291525 0.45061538 0.04661538
v 0.23307693 0.43307355 0.04661538
v 0.23307693 0.45061538 0.03644364
v 0.21607617 0.45061538 0.07769231
v 0.21634941 0.48169231 -0.48169231
v 0.23307693 0.48169231 -0.45849118
v 0.23307693 0.47376493 -0.45061538
v 0.23307693 0.46622238 -0.41953847
v 0.23307693 0.46612361 -0.38846153
v 0.23307693 0.46614626 -0.35738462
v 0.23307693 0.45188895 -0.32630768
v 0.23027679 0.48169231 0.04661538
v 0.23307693 0.48169231 0.04381277
v 0.21160769 0.48169231 0.07769231
v 0.21525912 0.51276922 -0.51276922
v 0.23307693 0.51276922 -0.49715853
v 0.23307693 0.49736342 -0.48169231
v 0.21751571 0.51276922 0.04661538
v 0.23307693 0.51276922 0.03105037
v 0.21241276 0.51276922 0.07769231
v 0.22450963 0.54384613 -0.51276922
v 0.23307693 0.54384613 -0.50419587
v 0.21793585 0.54384613 0.04661538
v 0.23307693 0.54384613 0.03096003
v 0.21351562 0.54384613 0.07769231
v 0.23307693 0.57492310 -0.51586068
v 0.23307693 0.56794554 -0.51276922
v 0.21770371 0.57492310 0.04661538
v 0.23307693 0.57492310 0.02212611
v 0.21263918 0.57492310 0.07769231
v 0.23307693 0.58707303 -0.51276922
v 0.22852002 0.60600001 -0.51276922
v 0.23307693 0.60600001 -0.50821233
v 0.23307693 0.59028870 0.04661538
v 0.23307693 0.59100497 0.07769231
v 0.23307693 0.59117341 0.10876923
v 0.21210773 0.60600001 0.10876923
v 0.23307693 0.59153420 0.13984616
v 0.21359801 0.60600001 0.13984616
v 0.23307693 0.59220386 0.17092308
v 0.21422194 0.60600001 0.17092308
v 0.23307693 0.59551400 0.20200001
v 0.21785167 0.60600001 0.20200001
v 0.23307693 0.60600001 0.21341094
v 0.23307693 0.63707691 -0.49302015
v 0.22196758 0.63707691 0.20200001
v 0.23307693 0.62082893 0.20200001
v 0.23307693 0.63707691 0.17140853
v 0.21731678 0.63707691 0.23307693
v 0.20275161 0.63707691 0.26415384
v 0.23307693 0.64841872 -0.48169231
v 0.21325564 0.66815382 -0.45061538
v 0.23307693 0.65565413 -0.45061538
v 0.23307693 0.66815382 -0.43813750
v 0.21289656 0.66815382 0.10876923
v 0.23307693 0.65067780 0.10876923
v 0.23307693 0.66815382 0.08703812
v 0.23307693 0.64644766 0.13984616
v 0.23307693 0.63734996 0.17092308
v 0.23307693 0.68370748 -0.41953847
v 0.23307693 0.69923079 -0.38891184
v 0.20965827 0.69923079 0.10876923
v 0.23307693 0.69923079 0.09331446
v 0.23307693 0.69968104 -0.38846153
v 0.21791095 0.73030770 -0.35738462
v 0.23307693 0.71505111 -0.35738462
v 0.23307693 0.73030770 -0.34134677
v 0.23070903 0.73030770 0.10876923
v 0.23307693 0.73030770 0.10639706
v 0.21702099 0.76138461 -0.32630768
v 0.23307693 0.74506527 -0.32630768
v 0.23307693 0.76138461 -0.30027413
v 0.23307693 0.73512542 0.10876923
v 0.23307693 0.76138461 0.11842031
v 0.21461290 0.79246151 -0.29523078
v 0.23307693 0.76642793 -0.29523078
v 0.22460742 0.79246151 -0.26415384
v 0.23307693 0.78399205 -0.26415384
v 0.23307693 0.79246151 -0.25564510
v 0.23307693 0.79246151 0.11047764
v 0.20222607 0.82353848 -0.26415384
v 0.23307693 0.80792034 -0.23307693
v 0.21748926 0.82353848 -0.23307693
v 0.23307693 0.82353848 -0.20272273
v 0.21726757 0.82353848 0.10876923
v 0.23307693 0.79417539 0.10876923
v 0.23307693 0.82353848 0.08081999
v 0.20351991 0.85461539 -0.20200001
v 0.23307693 0.82426459 -0.20200001
v 0.21755363 0.85461539 -0.17092308
v 0.23307693 0.83893538 -0.17092308
v 0.22098327 0.85461539 -0.13984616
v 0.23307693 0.84251451 -0.13984616
v 0.23307693 0.85461539 -0.11127548
v 0.22299124 0.85461539 0.01553846
v 0.23307693 0.84452307 0.01553846
v 0.23307693 0.85461539 -0.00946021
v 0.21758398 0.85461539 0.04661538
v 0.23307693 0.83844268 0.04661538
v 0.21755363 0.85461539 0.07769231
v 0.23307693 0.82665384 0.07769231
v 0.23307693 0.85626251 -0.10876923
v 0.21160045 0.88569230 -0.07769231
v 0.23307693 0.86477691 -0.07769231
v 0.21444528 0.88569230 -0.04661538
v 0.23307693 0.86518794 -0.04661538
v 0.21279472 0.88569230 -0.01553846
v 0.23307693 0.85786611 -0.01553846
v 0.20514415 0.88569230 0.01553846
v 0.26415384 -0.97892308 -0.32931936
v 0.26415384 -0.98056853 -0.32630768
v 0.26415384 -0.99080682 -0.29523078
v 0.26415384 -0.99444258 -0.26415384
v 0.26415384 -0.99435085 -0.23307693
v 0.24417727 -0.97892308 -0.23307693
v 0.26415384 -0.97892308 -0.21753846
v 0.23604159 -0.94784617 -0.57492310
v 0.26415384 -0.94784617 -0.54776013
v 0.26415384 -0.94930589 -0.54384613
v 0.26415384 -0.95820510 -0.51276922
v 0.26415384 -0.96332371 -0.48169231
v 0.26415384 -0.96337324 -0.45061538
v 0.26415384 -0.96336943 -0.41953847
v 0.26415384 -0.96335804 -0.38846153
v 0.26415384 -0.96827126 -0.35738462
v 0.26415384 -0.95279455 -0.20200001
v 0.25926843 -0.94784617 -0.20200001
v 0.26415384 -0.94784617 -0.19711062
v 0.26415384 -0.91676921 -0.61960202
v 0.26415384 -0.93089187 -0.60600001
v 0.26415384 -0.93993145 -0.57492310
v 0.25065371 -0.91676921 -0.20200001
v 0.26415384 -0.91676921 -0.18849987
v 0.26415384 -0.88910860 -0.60600001
v 0.26144761 -0.88569230 -0.60600001
v 0.26415384 -0.88569230 -0.60327685
v 0.24217805 -0.88569230 -0.20200001
v 0.26415384 -0.88569230 -0.18654446
v 0.26415384 -0.85461539 -0.58918923
v 0.23945403 -0.85461539 -0.20200001
v 0.26415384 -0.85461539 -0.18580899
v 0.26415384 -0.83350468 -0.57492310
v 0.25459132 -0.82353848 -0.57492310
v 0.26415384 -0.82353848 -0.56604010
v 0.24860021 -0.82353848 -0.20200001
v 0.26415384 -0.82353848 -0.18647665
v 0.26415384 -0.79246151 -0.55921590
v 0.26415384 -0.80356669 -0.20200001
v 0.26415384 -0.79246151 -0.21309127
v 0.26415384 -0.77709937 -0.54384613
v 0.26415384 -0.76138461 -0.52783519
v 0.24645460 -0.76138461 -0.23307693
v 0.26415384 -0.77692306 -0.23307693
v 0.26415384 -0.76138461 -0.24863049
v 0.26415384 -0.74631864 -0.51276922
v 0.25597930 -0.73030770 -0.48169231
v 0.26415384 -0.73846167 -0.48169231
v 0.26415384 -0.73030770 -0.47355592
v 0.23459826 -0.73030770 -0.23307693
v 0.26415384 -0.73030770 -0.24874946
v 0.24855410 -0.69923079 -0.54384613
v 0.26415384 -0.69923079 -0.52808326
v 0.26415384 -0.71449542 -0.51276922
v 0.26415384 -0.72215080 -0.48169231
v 0.26302883 -0.69923079 -0.26415384
v 0.26415384 -0.70037681 -0.26415384
v 0.26415384 -0.69923079 -0.26527780
v 0.24319734 -0.69923079 -0.23307693
v 0.26189396 -0.66815382 -0.51276922
v 0.26415384 -0.67048347 -0.51276922
v 0.26415384 -0.66815382 -0.51051241
v 0.26114509 -0.66815382 -0.26415384
v 0.26415384 -0.66815382 -0.26716658
v 0.24730578 -0.66815382 -0.23307693
v 0.25236604 -0.63707691 -0.48169231
v 0.26415384 -0.64828324 -0.48169231
v 0.26415384 -0.63707691 -0.45682648
v 0.25601640 -0.63707691 -0.26415384
v 0.26415384 -0.63707691 -0.27224463
v 0.24846625 -0.63707691 -0.23307693
v 0.24852386 -0.60600001 -0.45061538
v 0.26415384 -0.63324296 -0.45061538
v 0.25599164 -0.60600001 -0.41953847
v 0.26415384 -0.61411548 -0.41953847
v 0.26415384 -0.60600001 -0.40855733
v 0.25058118 -0.60600001 -0.26415384
v 0.26415384 -0.60600001 -0.28425163
v 0.24861538 -0.60600001 -0.23307693
v 0.24853916 -0.57492310 -0.41953847
v 0.26415384 -0.59308755 -0.38846153
v 0.24928828 -0.57492310 -0.38846153
v 0.25860694 -0.57492310 -0.35738462
v 0.26415384 -0.58043677 -0.35738462
v 0.26308998 -0.57492310 -0.32630768
v 0.26415384 -0.57598150 -0.32630768
v 0.25529253 -0.57492310 -0.29523078
v 0.26415384 -0.58999097 -0.29523078
v 0.24860021 -0.57492310 -0.26415384
v 0.24826211 -0.57492310 -0.23307693
v 0.24604702 -0.54384613 -0.38846153
v 0.24860021 -0.54384613 -0.35738462
v 0.24858883 -0.54384613 -0.32630768
v 0.24861538 -0.54384613 -0.29523078
v 0.24860400 -0.54384613 -0.26415384
v 0.24535528 -0.54384613 -0.23307693
v 0.23746525 -0.51276922 -0.35738462
v 0.24838848 -0.51276922 -0.32630768
v 0.24867584 -0.51276922 -0.29523078
v 0.24802478 -0.51276922 -0.26415384
v 0.23472998 -0.51276922 -0.23307693
v 0.24630320 -0.38846153 -0.23307693
v 0.24625720 -0.38846153 -0.20200001
v 0.24439859 -0.38846153 -0.17092308
v 0.23771860 -0.38846153 -0.13984616
v 0.24632099 -0.35738462 -0.29523078
v 0.24963455 -0.35738462 -0.26415384
v 0.26415384 -0.35738462 -0.24968351
v 0.26415384 -0.37528184 -0.23307693
v 0.26415384 -0.37189668 -0.20200001
v 0.26415384 -0.35738462 -0.18164638
v 0.25457519 -0.35738462 -0.17092308
v 0.24942566 -0.35738462 -0.13984616
v 0.24861538 -0.35738462 -0.10876923
v 0.24791428 -0.35738462 -0.07769231
v 0.24863055 -0.32630768 -0.29523078
v 0.25038129 -0.32630768 -0.26415384
v 0.26415384 -0.32630768 -0.25038883
v 0.26415384 -0.32795838 -0.17092308
v 0.26415384 -0.32630768 -0.16926120
v 0.25462890 -0.32630768 -0.13984616
v 0.24859263 -0.32630768 -0.10876923
v 0.24860780 -0.32630768 -0.07769231
v 0.24859641 -0.29523078 -0.29523078
v 0.25010815 -0.29523078 -0.26415384
v 0.26415384 -0.29523078 -0.25011563
v 0.25607982 -0.29523078 -0.13984616
v 0.26415384 -0.29523078 -0.16411984
v 0.24871081 -0.29523078 -0.10876923
v 0.24871318 -0.29523078 -0.07769231
v 0.24843068 -0.26415384 -0.26415384
v 0.26415384 -0.26415384 -0.23836321
v 0.24860400 -0.26415384 -0.17092308
v 0.26415384 -0.29245108 -0.17092308
v 0.26415384 -0.26415384 -0.20177239
v 0.24862297 -0.26415384 -0.13984616
v 0.24861538 -0.26415384 -0.10876923
v 0.24829435 -0.26415384 -0.07769231
v 0.24849281 -0.23307693 -0.26415384
v 0.26415384 -0.25886330 -0.23307693
v 0.24864194 -0.23307693 -0.23307693
v 0.24998665 -0.23307693 -0.20200001
v 0.26415384 -0.26388219 -0.20200001
v 0.25344318 -0.23307693 -0.17092308
v 0.25362101 -0.23307693 -0.13984616
v 0.24928412 -0.23307693 -0.10876923
v 0.24861538 -0.23307693 -0.07769231
v 0.24387129 -0.23307693 -0.04661538
v 0.24820663 -0.20200001 -0.26415384
v 0.24863435 -0.20200001 -0.23307693
v 0.25133964 -0.20200001 -0.20200001
v 0.25792149 -0.20200001 -0.17092308
v 0.26034251 -0.20200001 -0.13984616
v 0.25378814 -0.20200001 -0.10876923
v 0.24863055 -0.20200001 -0.07769231
v 0.24821137 -0.20200001 -0.04661538
v 0.25773656 -0.17092308 -0.41953847
v 0.26415384 -0.17092308 -0.42596069
v 0.26415384 -0.17735027 -0.41953847
v 0.26415384 -0.18639348 -0.38846153
v 0.24863055 -0.17092308 -0.38846153
v 0.26415384 -0.18640469 -0.35738462
v 0.24801908 -0.17092308 -0.35738462
v 0.26415384 -0.18365631 -0.32630768
v 0.25146449 -0.17092308 -0.32630768
v 0.26415384 -0.17092308 -0.31347844
v 0.24554402 -0.17092308 -0.26415384
v 0.24861158 -0.17092308 -0.23307693
v 0.24937540 -0.17092308 -0.20200001
v 0.25612274 -0.17092308 -0.17092308
v 0.25926179 -0.17092308 -0.13984616
v 0.25333980 -0.17092308 -0.10876923
v 0.24864586 -0.17092308 -0.07769231
v 0.24830586 -0.17092308 -0.04661538
v 0.24417798 -0.13984616 -0.41953847
v 0.26415384 -0.13984616 -0.43967253
v 0.26415384 -0.15546101 -0.29523078
v 0.23603271 -0.13984616 -0.26415384
v 0.26415384 -0.13984616 -0.27285624
v 0.24868710 -0.13984616 -0.23307693
v 0.24868402 -0.13984616 -0.20200001
v 0.25086614 -0.13984616 -0.17092308
v 0.25242329 -0.13984616 -0.13984616
v 0.24886149 -0.13984616 -0.10876923
v 0.24858503 -0.13984616 -0.07769231
v 0.24515316 -0.13984616 -0.04661538
v 0.25651479 -0.10876923 -0.45061538
v 0.26415384 -0.10876923 -0.45824882
v 0.26415384 -0.12042633 -0.45061538
v 0.26415384 -0.13116819 -0.26415384
v 0.26415384 -0.10876923 -0.24610411
v 0.24725775 -0.10876923 -0.23307693
v 0.24860400 -0.10876923 -0.20200001
v 0.24860780 -0.10876923 -0.17092308
v 0.24857756 -0.10876923 -0.13984616
v 0.24862297 -0.10876923 -0.10876923
v 0.24873583 -0.10876923 -0.07769231
v 0.24831723 -0.10876923 -0.04661538
v 0.24308649 -0.10876923 -0.01553846
v 0.25139466 -0.07769231 -0.45061538
v 0.26415384 -0.07769231 -0.46330097
v 0.26415384 -0.09577151 -0.23307693
v 0.26415384 -0.07769231 -0.21750823
v 0.24857745 -0.07769231 -0.13984616
v 0.24860021 -0.07769231 -0.10876923
v 0.24857756 -0.07769231 -0.07769231
v 0.24862297 -0.07769231 -0.04661538
v 0.24881004 -0.07769231 -0.01553846
v 0.25495395 -0.04661538 -0.45061538
v 0.26415384 -0.04661538 -0.45904261
v 0.26200598 -0.04661538 -0.20200001
v 0.26415384 -0.04661538 -0.20389506
v 0.24851996 -0.04661538 -0.10876923
v 0.24862297 -0.04661538 -0.07769231
v 0.24853987 -0.04661538 -0.04661538
v 0.24860021 -0.04661538 -0.01553846
v 0.26415384 -0.03604366 -0.45061538
v 0.26415384 -0.01553846 -0.43759620
v 0.26415384 -0.04472210 -0.20200001
v 0.26415384 -0.01553846 -0.18644637
v 0.23632778 -0.01553846 -0.07769231
v 0.24863815 -0.01553846 -0.04661538
v 0.24674195 -0.01553846 -0.01553846
v 0.26415384 0.01553846 -0.43519714
v 0.24560365 0.01553846 -0.17092308
v 0.26415384 0.01553846 -0.18646534
v 0.26415384 0.03192206 -0.41953847
v 0.26415384 0.04661538 -0.40471762
v 0.24864574 0.04661538 -0.17092308
v 0.26415384 0.04661538 -0.18645395
v 0.26415384 0.06720605 -0.38846153
v 0.25130966 0.07769231 -0.38846153
v 0.26415384 0.07769231 -0.37796852
v 0.24814285 0.07769231 -0.17092308
v 0.26415384 0.07769231 -0.19331592
v 0.24612503 0.10876923 -0.35738462
v 0.26415384 0.09320042 -0.35738462
v 0.26415384 0.10876923 -0.33455300
v 0.24861538 0.10876923 -0.20200001
v 0.26415384 0.08638243 -0.20200001
v 0.26415384 0.10876923 -0.22639929
v 0.26415384 0.11702641 -0.32630768
v 0.24759670 0.13984616 -0.29523078
v 0.26415384 0.12445054 -0.29523078
v 0.24863055 0.13984616 -0.26415384
v 0.26415384 0.12436803 -0.26415384
v 0.24378416 0.13984616 -0.23307693
v 0.26415384 0.11544947 -0.23307693
v 0.24869078 0.26415384 -0.23307693
v 0.24825072 0.26415384 -0.20200001
v 0.24760748 0.29523078 -0.26415384
v 0.24862677 0.29523078 -0.23307693
v 0.24866873 0.29523078 -0.20200001
v 0.23614225 0.29523078 -0.17092308
v 0.24187456 0.29523078 -0.07769231
v 0.24871318 0.29523078 -0.04661538
v 0.24861538 0.29523078 -0.01553846
v 0.24861538 0.29523078 0.01553846
v 0.24858883 0.29523078 0.04661538
v 0.24411373 0.29523078 0.07769231
v 0.24359329 0.32630768 -0.26415384
v 0.24861538 0.32630768 -0.23307693
v 0.24860021 0.32630768 -0.20200001
v 0.26415384 0.32630768 -0.17833991
v 0.26415384 0.31888807 -0.17092308
v 0.26415384 0.31077683 -0.13984616
v 0.26415384 0.31064677 -0.10876923
v 0.25284261 0.32630768 -0.07769231
v 0.26415384 0.32630768 -0.08900704
v 0.24865711 0.32630768 -0.04661538
v 0.25097239 0.32630768 -0.01553846
v 0.25189918 0.32630768 0.01553846
v 0.24857010 0.32630768 0.04661538
v 0.24860400 0.32630768 0.07769231
v 0.24867205 0.35738462 -0.26415384
v 0.24862677 0.35738462 -0.23307693
v 0.25383201 0.35738462 -0.20200001
v 0.26415384 0.35738462 -0.19167817
v 0.25055021 0.35738462 -0.07769231
v 0.26415384 0.35738462 -0.09766764
v 0.24915312 0.35738462 -0.04661538
v 0.25318664 0.35738462 -0.01553846
v 0.25238809 0.35738462 0.01553846
v 0.24846530 0.35738462 0.04661538
v 0.24862297 0.35738462 0.07769231
v 0.24697930 0.38846153 -0.29523078
v 0.24859263 0.38846153 -0.26415384
v 0.25871718 0.38846153 -0.23307693
v 0.26415384 0.38846153 -0.22767505
v 0.26415384 0.36765286 -0.20200001
v 0.24936141 0.38846153 -0.10876923
v 0.26415384 0.36740473 -0.10876923
v 0.26415384 0.38846153 -0.12442102
v 0.24864952 0.38846153 -0.07769231
v 0.25142381 0.38846153 -0.04661538
v 0.26415384 0.38846153 -0.01636860
v 0.26415384 0.38741404 -0.01553846
v 0.26415384 0.38846153 -0.01497026
v 0.24845795 0.38846153 0.01553846
v 0.24858503 0.38846153 0.04661538
v 0.23801473 0.38846153 0.07769231
v 0.24859263 0.41953847 -0.29523078
v 0.25612026 0.41953847 -0.26415384
v 0.26415384 0.41953847 -0.25359273
v 0.26415384 0.39587134 -0.23307693
v 0.25060096 0.41953847 -0.10876923
v 0.26415384 0.41953847 -0.12253011
v 0.24989963 0.41953847 -0.07769231
v 0.26415384 0.41953847 -0.06343815
v 0.26415384 0.40118423 -0.04661538
v 0.25843528 0.41953847 0.01553846
v 0.26415384 0.41953847 0.00980851
v 0.24153848 0.41953847 0.04661538
v 0.24861538 0.45061538 -0.29523078
v 0.26415384 0.45061538 -0.26469830
v 0.26415384 0.44910887 -0.26415384
v 0.26415384 0.44004959 -0.10876923
v 0.26415384 0.43380016 -0.07769231
v 0.26159236 0.45061538 0.01553846
v 0.26415384 0.45061538 0.01298041
v 0.24101295 0.48169231 -0.45061538
v 0.24999316 0.48169231 -0.41953847
v 0.25468650 0.48169231 -0.38846153
v 0.25475064 0.48169231 -0.35738462
v 0.25127730 0.48169231 -0.32630768
v 0.24874935 0.48169231 -0.29523078
v 0.26415384 0.48169231 -0.26821670
v 0.26203632 0.48169231 0.01553846
v 0.26415384 0.48169231 0.01342283
v 0.24854307 0.51276922 -0.48169231
v 0.26415384 0.51276922 -0.46335709
v 0.26415384 0.50000918 -0.45061538
v 0.26415384 0.49579254 -0.41953847
v 0.26415384 0.49120456 -0.38846153
v 0.26415384 0.49112430 -0.35738462
v 0.26415384 0.49445766 -0.32630768
v 0.26415384 0.49709681 -0.29523078
v 0.26144454 0.51276922 0.01553846
v 0.26415384 0.51276922 0.01283519
v 0.25933459 0.54384613 -0.48169231
v 0.26415384 0.54384613 -0.47687304
v 0.25206232 0.54384613 0.01553846
v 0.26415384 0.54384613 0.00394994
v 0.23616703 0.57492310 -0.51276922
v 0.26415384 0.57492310 -0.49252573
v 0.26415384 0.55178821 -0.48169231
v 0.23955978 0.57492310 0.01553846
v 0.26415384 0.57492310 0.00001897
v 0.26415384 0.60600001 -0.49282247
v 0.26415384 0.59344757 0.01553846
v 0.26415384 0.59795952 0.04661538
v 0.26415384 0.59647089 0.07769231
v 0.26415384 0.59808993 0.10876923
v 0.26140907 0.60600001 0.13984616
v 0.26415384 0.60600001 0.13369820
v 0.24731146 0.60600001 0.17092308
v 0.24357657 0.60600001 0.20200001
v 0.26415384 0.61841124 -0.48169231
v 0.24569422 0.63707691 -0.48169231
v 0.26415384 0.63707691 -0.46751255
v 0.25802130 0.63707691 0.04661538
v 0.26415384 0.62427753 0.04661538
v 0.26415384 0.63707691 0.04047561
v 0.24825938 0.63707691 0.07769231
v 0.26415384 0.61554843 0.07769231
v 0.24668528 0.63707691 0.10876923
v 0.26415384 0.61392736 0.10876923
v 0.24244763 0.63707691 0.13984616
v 0.23335053 0.63707691 0.17092308
v 0.26415384 0.65262300 -0.45061538
v 0.26415384 0.66815382 -0.41970164
v 0.26415384 0.64319509 0.04661538
v 0.26415384 0.66815382 0.06218040
v 0.24243875 0.66815382 0.07769231
v 0.26415384 0.66831720 -0.41953847
v 0.23352717 0.69923079 -0.38846153
v 0.26415384 0.68366957 -0.38846153
v 0.26289710 0.69923079 -0.35738462
v 0.26415384 0.69797343 -0.35738462
v 0.26415384 0.69923079 -0.35612491
v 0.26415384 0.69922447 0.07769231
v 0.26415384 0.69923079 0.07769859
v 0.24784209 0.73030770 -0.32630768
v 0.26415384 0.71475786 -0.32630768
v 0.26415384 0.73030770 -0.29847670
v 0.26415384 0.73030770 0.09067331
v 0.23812024 0.76138461 -0.29523078
v 0.26415384 0.73355085 -0.29523078
v 0.24860021 0.76138461 -0.26415384
v 0.26415384 0.74581581 -0.26415384
v 0.26415384 0.76138461 -0.23851080
v 0.24272148 0.76138461 0.10876923
v 0.26415384 0.76138461 0.08220772
v 0.24857354 0.79246151 -0.23307693
v 0.26415384 0.76683158 -0.23307693
v 0.24914446 0.79246151 -0.20200001
v 0.26415384 0.77743697 -0.20200001
v 0.26415384 0.79246151 -0.17110707
v 0.25457805 0.79246151 0.04661538
v 0.26415384 0.78289217 0.04661538
v 0.26415384 0.79246151 0.03131165
v 0.24864194 0.79246151 0.07769231
v 0.26415384 0.76591331 0.07769231
v 0.23478687 0.79246151 0.10876923
v 0.23380244 0.82353848 -0.20200001
v 0.26415384 0.79263377 -0.17092308
v 0.24848522 0.82353848 -0.17092308
v 0.24860780 0.82353848 -0.13984616
v 0.26415384 0.80644947 -0.13984616
v 0.25158587 0.82353848 -0.10876923
v 0.26415384 0.81095576 -0.10876923
v 0.25768402 0.82353848 -0.07769231
v 0.26415384 0.81706357 -0.07769231
v 0.25687957 0.82353848 -0.04661538
v 0.26415384 0.81625873 -0.04661538
v 0.25000241 0.82353848 -0.01553846
v 0.26415384 0.80940211 -0.01553846
v 0.24860780 0.82353848 0.01553846
v 0.26415384 0.80224514 0.01553846
v 0.24795459 0.82353848 0.04661538
v 0.23619916 0.82353848 0.07769231
v 0.23472168 0.85461539 -0.10876923
v 0.24323848 0.85461539 -0.07769231
v 0.24363585 0.85461539 -0.04661538
v 0.23632197 0.85461539 -0.01553846
v 0.26755726 -0.97892308 -0.32630768
v 0.29523078 -0.97892308 -0.29903203
v 0.29523078 -0.98076957 -0.29523078
v 0.29523078 -0.99028659 -0.26415384
v 0.29523078 -0.99441212 -0.23307693
v 0.29523078 -0.99440837 -0.20200001
v 0.27962723 -0.97892308 -0.20200001
v 0.29523078 -0.97892308 -0.18647298
v 0.26785755 -0.94784617 -0.54384613
v 0.29523078 -0.94784617 -0.51755738
v 0.29523078 -0.94978058 -0.51276922
v 0.29523078 -0.95930362 -0.48169231
v 0.29523078 -0.96343750 -0.45061538
v 0.29523078 -0.96337700 -0.41953847
v 0.29523078 -0.96337324 -0.38846153
v 0.29523078 -0.96344179 -0.35738462
v 0.29523078 -0.96920437 -0.32630768
v 0.29523078 -0.94784617 -0.18559738
v 0.27772605 -0.91676921 -0.60600001
v 0.29523078 -0.91676921 -0.59046155
v 0.29523078 -0.93359506 -0.57492310
v 0.29523078 -0.93955451 -0.54384613
v 0.29523078 -0.91676921 -0.18246484
v 0.29523078 -0.88569230 -0.59042740
v 0.29523078 -0.90218872 -0.17092308
v 0.28286681 -0.88569230 -0.17092308
v 0.29523078 -0.88569230 -0.15847957
v 0.29523078 -0.86847878 -0.57492310
v 0.28011006 -0.85461539 -0.57492310
v 0.29523078 -0.85461539 -0.56107092
v 0.27902845 -0.85461539 -0.17092308
v 0.29523078 -0.85461539 -0.15538462
v 0.29523078 -0.82353848 -0.55938464
v 0.28422740 -0.82353848 -0.17092308
v 0.29523078 -0.82353848 -0.15989196
v 0.29523078 -0.80265069 -0.54384613
v 0.28488559 -0.79246151 -0.54384613
v 0.29523078 -0.79246151 -0.53365701
v 0.27527991 -0.79246151 -0.20200001
v 0.29523078 -0.79246151 -0.18566304
v 0.29523078 -0.81175786 -0.17092308
v 0.28881845 -0.76138461 -0.51276922
v 0.29523078 -0.76749283 -0.51276922
v 0.29523078 -0.76138461 -0.50665146
v 0.28047842 -0.76138461 -0.23307693
v 0.29523078 -0.76138461 -0.21671970
v 0.29523078 -0.77536005 -0.20200001
v 0.29523078 -0.74586135 -0.48169231
v 0.28595811 -0.73030770 -0.45061538
v 0.29523078 -0.73959303 -0.45061538
v 0.29523078 -0.73030770 -0.43235391
v 0.27982083 -0.73030770 -0.26415384
v 0.29523078 -0.74556839 -0.26415384
v 0.29523078 -0.73030770 -0.28204390
v 0.29523078 -0.74659443 -0.23307693
v 0.27944502 -0.69923079 -0.51276922
v 0.28745160 -0.69923079 -0.48169231
v 0.29523078 -0.69923079 -0.47385573
v 0.29523078 -0.72094870 -0.45061538
v 0.28294837 -0.69923079 -0.29523078
v 0.29523078 -0.71411967 -0.29523078
v 0.29523078 -0.69923079 -0.30737713
v 0.28007713 -0.66815382 -0.48169231
v 0.29523078 -0.66815382 -0.46079567
v 0.28131360 -0.66815382 -0.32630768
v 0.29523078 -0.68191516 -0.32630768
v 0.29523078 -0.66815382 -0.34710073
v 0.27968094 -0.66815382 -0.29523078
v 0.26799271 -0.63707691 -0.45061538
v 0.29523078 -0.65830654 -0.45061538
v 0.27972254 -0.63707691 -0.41953847
v 0.29523078 -0.65262294 -0.41953847
v 0.27964690 -0.63707691 -0.38846153
v 0.29523078 -0.65265316 -0.38846153
v 0.27969989 -0.63707691 -0.35738462
v 0.29523078 -0.65925074 -0.35738462
v 0.27967712 -0.63707691 -0.32630768
v 0.27975276 -0.63707691 -0.29523078
v 0.27641016 -0.60600001 -0.38846153
v 0.27973771 -0.60600001 -0.35738462
v 0.27973011 -0.60600001 -0.32630768
v 0.27340388 -0.60600001 -0.29523078
v 0.27973011 -0.35738462 -0.23307693
v 0.27838579 -0.35738462 -0.20200001
v 0.27971128 -0.32630768 -0.23307693
v 0.27968472 -0.32630768 -0.20200001
v 0.26491162 -0.32630768 -0.17092308
v 0.27969989 -0.29523078 -0.23307693
v 0.27966574 -0.29523078 -0.20200001
v 0.26693359 -0.29523078 -0.17092308
v 0.26942939 -0.26415384 -0.23307693
v 0.26438147 -0.26415384 -0.20200001
v 0.29201052 -0.20200001 -0.41953847
v 0.29523078 -0.20200001 -0.42275873
v 0.29523078 -0.20522162 -0.41953847
v 0.29523078 -0.21757622 -0.38846153
v 0.27969989 -0.20200001 -0.38846153
v 0.29523078 -0.21751949 -0.35738462
v 0.27973393 -0.20200001 -0.35738462
v 0.29523078 -0.20263258 -0.32630768
v 0.29459819 -0.20200001 -0.32630768
v 0.29523078 -0.20200001 -0.32567334
v 0.28527361 -0.17092308 -0.45061538
v 0.29523078 -0.17092308 -0.46056598
v 0.29523078 -0.18088689 -0.45061538
v 0.29523078 -0.17909294 -0.29523078
v 0.28700158 -0.17092308 -0.29523078
v 0.29523078 -0.17092308 -0.28706974
v 0.27510706 -0.13984616 -0.45061538
v 0.29523078 -0.13984616 -0.46611971
v 0.29523078 -0.14443910 -0.26415384
v 0.28563744 -0.13984616 -0.26415384
v 0.29523078 -0.13984616 -0.25956279
v 0.29523078 -0.10876923 -0.46606708
v 0.29523078 -0.10876923 -0.24818256
v 0.29523078 -0.07769231 -0.46616143
v 0.29523078 -0.09177434 -0.23307693
v 0.29523078 -0.07769231 -0.21942280
v 0.29523078 -0.04661538 -0.46612728
v 0.29523078 -0.04661538 -0.21751571
v 0.29523078 -0.02701359 -0.45061538
v 0.29523078 -0.01553846 -0.43916497
v 0.27993450 -0.01553846 -0.20200001
v 0.29523078 -0.01553846 -0.21730380
v 0.29523078 0.01553846 -0.43088460
v 0.27967334 0.01553846 -0.20200001
v 0.29523078 0.01553846 -0.21755363
v 0.29523078 0.02688467 -0.41953847
v 0.29523078 0.04661538 -0.39953539
v 0.27970368 0.04661538 -0.20200001
v 0.29523078 0.04661538 -0.22080413
v 0.29523078 0.05769616 -0.38846153
v 0.28473112 0.07769231 -0.35738462
v 0.29523078 0.06719266 -0.35738462
v 0.29523078 0.07769231 -0.34254891
v 0.28062433 0.07769231 -0.23307693
v 0.29523078 0.05977919 -0.23307693
v 0.29523078 0.07769231 -0.25570318
v 0.27283791 0.07769231 -0.20200001
v 0.27241102 0.10876923 -0.32630768
v 0.29523078 0.08881624 -0.32630768
v 0.27983516 0.10876923 -0.29523078
v 0.29523078 0.09209068 -0.29523078
v 0.27976781 0.10876923 -0.26415384
v 0.29523078 0.08543024 -0.26415384
v 0.27083147 0.10876923 -0.23307693
v 0.29523078 0.32630768 -0.18236282
v 0.29523078 0.31489971 -0.17092308
v 0.29523078 0.31254274 -0.13984616
v 0.27968851 0.32630768 -0.10876923
v 0.29523078 0.32630768 -0.12609245
v 0.28127682 0.35738462 -0.20200001
v 0.29523078 0.35738462 -0.21095620
v 0.29523078 0.34840038 -0.20200001
v 0.28574425 0.35738462 -0.13984616
v 0.29523078 0.34629235 -0.13984616
v 0.29523078 0.35738462 -0.14936487
v 0.27353936 0.35738462 -0.10876923
v 0.29523078 0.38846153 -0.21746603
v 0.27882570 0.38846153 -0.13984616
v 0.29523078 0.38846153 -0.15645179
v 0.26473463 0.38846153 -0.01553846
v 0.27676830 0.41953847 -0.23307693
v 0.29523078 0.41953847 -0.21758807
v 0.27948129 0.41953847 -0.13984616
v 0.29523078 0.41953847 -0.15629016
v 0.27969232 0.41953847 -0.04661538
v 0.27967334 0.41953847 -0.01553846
v 0.26469776 0.45061538 -0.26415384
v 0.27956545 0.45061538 -0.23307693
v 0.29523078 0.45061538 -0.21754991
v 0.27984169 0.45061538 -0.13984616
v 0.29523078 0.45061538 -0.15523903
v 0.27301362 0.45061538 -0.10876923
v 0.27966195 0.45061538 -0.07769231
v 0.27969989 0.45061538 -0.04661538
v 0.27968472 0.45061538 -0.01553846
v 0.26815796 0.48169231 -0.26415384
v 0.27963895 0.48169231 -0.23307693
v 0.29523078 0.48169231 -0.21758766
v 0.29523078 0.47034788 -0.13984616
v 0.29523078 0.48169231 -0.12783346
v 0.28055310 0.48169231 -0.10876923
v 0.28937516 0.48169231 -0.07769231
v 0.28190336 0.48169231 -0.04661538
v 0.27967712 0.48169231 -0.01553846
v 0.27690285 0.51276922 -0.45061538
v 0.28590190 0.51276922 -0.41953847
v 0.29523078 0.51276922 -0.40768132
v 0.29523078 0.50003076 -0.38846153
v 0.29523078 0.49729916 -0.35738462
v 0.29523078 0.49728400 -0.32630768
v 0.29523078 0.49803677 -0.29523078
v 0.29523078 0.50271499 -0.26415384
v 0.29523078 0.51276922 -0.23512647
v 0.29421470 0.51276922 -0.23307693
v 0.29523078 0.50673378 -0.20200001
v 0.28916201 0.51276922 -0.20200001
v 0.29523078 0.51276922 -0.19594558
v 0.28876570 0.51276922 -0.10876923
v 0.29523078 0.51276922 -0.11546719
v 0.29523078 0.51276922 -0.09236649
v 0.29523078 0.49712527 -0.07769231
v 0.29523078 0.51276922 -0.06762251
v 0.28500745 0.51276922 -0.04661538
v 0.27969232 0.51276922 -0.01553846
v 0.28473124 0.54384613 -0.45061538
v 0.29523078 0.54384613 -0.44011590
v 0.29523078 0.52209181 -0.41953847
v 0.29523078 0.51378435 -0.23307693
v 0.29523078 0.51883799 -0.20200001
v 0.29360047 0.54384613 -0.10876923
v 0.29523078 0.54384613 -0.11051753
v 0.29523078 0.54070234 -0.07769231
v 0.29442996 0.54384613 -0.07769231
v 0.28447494 0.54384613 -0.04661538
v 0.27969989 0.54384613 -0.01553846
v 0.27498734 0.57492310 -0.48169231
v 0.29523078 0.57492310 -0.45932126
v 0.29523078 0.56148398 -0.45061538
v 0.29523078 0.54547799 -0.10876923
v 0.29523078 0.54464614 -0.07769231
v 0.29523078 0.57460403 -0.04661538
v 0.29523078 0.57492310 -0.04644604
v 0.27966955 0.57492310 -0.01553846
v 0.27529094 0.60600001 -0.48169231
v 0.29523078 0.60600001 -0.46391672
v 0.29523078 0.59245670 -0.01553846
v 0.27666599 0.60600001 0.01553846
v 0.29523078 0.60600001 -0.00199518
v 0.27221742 0.60600001 0.04661538
v 0.27373463 0.60600001 0.07769231
v 0.27207541 0.60600001 0.10876923
v 0.29045883 0.63707691 -0.45061538
v 0.29523078 0.63100827 -0.45061538
v 0.29523078 0.63707691 -0.44583556
v 0.29523078 0.62695628 0.01553846
v 0.29523078 0.63707691 0.02564584
v 0.26431793 0.66815382 -0.41953847
v 0.29523078 0.65264964 -0.41953847
v 0.29523078 0.66815382 -0.39674088
v 0.28316841 0.66815382 0.04661538
v 0.29523078 0.66815382 0.03454591
v 0.29523078 0.67640650 -0.38846153
v 0.29523078 0.68367714 -0.35738462
v 0.28628743 0.69923079 -0.32630768
v 0.29523078 0.69029677 -0.32630768
v 0.29523078 0.69923079 -0.31655887
v 0.29523078 0.69100559 0.04661538
v 0.26416013 0.69923079 0.07769231
v 0.29523078 0.69923079 0.05239690
v 0.26739416 0.73030770 -0.29523078
v 0.29523078 0.71378601 -0.29523078
v 0.28025910 0.73030770 -0.26415384
v 0.29523078 0.71534359 -0.26415384
v 0.29523078 0.73030770 -0.23641159
v 0.28808072 0.73030770 0.04661538
v 0.29523078 0.71271372 0.04661538
v 0.29523078 0.73030770 0.03944103
v 0.27713484 0.73030770 0.07769231
v 0.26959643 0.76138461 -0.23307693
v 0.29523078 0.73342580 -0.23307693
v 0.27967712 0.76138461 -0.20200001
v 0.29523078 0.74558806 -0.20200001
v 0.28126746 0.76138461 -0.17092308
v 0.29523078 0.74741751 -0.17092308
v 0.29216224 0.76138461 -0.13984616
v 0.29523078 0.75831884 -0.13984616
v 0.29523078 0.76138461 -0.13299906
v 0.28119421 0.76138461 0.01553846
v 0.29523078 0.74731416 0.01553846
v 0.29523078 0.76138461 -0.01339462
v 0.27972266 0.76138461 0.04661538
v 0.26867494 0.76138461 0.07769231
v 0.26432598 0.79246151 -0.17092308
v 0.27814180 0.79246151 -0.13984616
v 0.29523078 0.77006072 -0.10876923
v 0.27967712 0.79246151 -0.10876923
v 0.27968472 0.79246151 -0.07769231
v 0.29523078 0.77377349 -0.07769231
v 0.27968472 0.79246151 -0.04661538
v 0.29523078 0.77258396 -0.04661538
v 0.27969989 0.79246151 -0.01553846
v 0.29523078 0.76316899 -0.01553846
v 0.27393746 0.79246151 0.01553846
v 0.29832122 -0.97892308 -0.29523078
v 0.32160485 -0.97892308 -0.26415384
v 0.32630768 -0.97892308 -0.25768730
v 0.32630768 -0.98766774 -0.23307693
v 0.32630768 -0.99396080 -0.20200001
v 0.32630768 -0.97892308 -0.17803620
v 0.29992840 -0.94784617 -0.51276922
v 0.32630768 -0.94784617 -0.48871472
v 0.32630768 -0.95089602 -0.48169231
v 0.32630768 -0.96046442 -0.45061538
v 0.32630768 -0.96341485 -0.41953847
v 0.32630768 -0.96336943 -0.38846153
v 0.32630768 -0.96336943 -0.35738462
v 0.32630768 -0.96340364 -0.32630768
v 0.32630768 -0.96758640 -0.29523078
v 0.32630768 -0.97601753 -0.26415384
v 0.32630768 -0.97107995 -0.17092308
v 0.31140417 -0.94784617 -0.17092308
v 0.32630768 -0.94784617 -0.15688781
v 0.32319233 -0.91676921 -0.57492310
v 0.32630768 -0.91676921 -0.57180500
v 0.32630768 -0.93345976 -0.54384613
v 0.32630768 -0.93941683 -0.51276922
v 0.30782387 -0.91676921 -0.17092308
v 0.32630768 -0.91676921 -0.15648232
v 0.31445989 -0.88569230 -0.57492310
v 0.32630768 -0.88569230 -0.56307530
v 0.32630768 -0.88569230 -0.15538462
v 0.32630768 -0.85461539 -0.55705887
v 0.32630768 -0.85461539 -0.15508723
v 0.32630768 -0.83352125 -0.54384613
v 0.31825903 -0.82353848 -0.54384613
v 0.32630768 -0.82353848 -0.53579748
v 0.32630768 -0.82353848 -0.15540732
v 0.32630768 -0.79246151 -0.52833796
v 0.31022888 -0.79246151 -0.17092308
v 0.32630768 -0.79246151 -0.15565847
v 0.32630768 -0.77690041 -0.51276922
v 0.32630768 -0.76138461 -0.49716616
v 0.30916870 -0.76138461 -0.20200001
v 0.32630768 -0.76138461 -0.18647665
v 0.32630768 -0.77723467 -0.17092308
v 0.32630768 -0.74591076 -0.48169231
v 0.32630768 -0.73726660 -0.45061538
v 0.32630768 -0.73030770 -0.44318983
v 0.31161413 -0.73030770 -0.26415384
v 0.32630768 -0.73030770 -0.23864819
v 0.32630768 -0.73525220 -0.23307693
v 0.32630768 -0.74582344 -0.20200001
v 0.31070060 -0.69923079 -0.45061538
v 0.32630768 -0.71538317 -0.41953847
v 0.31081107 -0.69923079 -0.41953847
v 0.31074646 -0.69923079 -0.38846153
v 0.32630768 -0.71475410 -0.38846153
v 0.31080717 -0.69923079 -0.35738462
v 0.32630768 -0.71471608 -0.35738462
v 0.31092691 -0.69923079 -0.32630768
v 0.32630768 -0.71473897 -0.32630768
v 0.32630768 -0.71467870 -0.29523078
v 0.32630768 -0.71587187 -0.26415384
v 0.30508468 -0.66815382 -0.45061538
v 0.31079957 -0.66815382 -0.41953847
v 0.31079578 -0.66815382 -0.38846153
v 0.30414009 -0.66815382 -0.35738462
v 0.31700265 -0.23307693 -0.38846153
v 0.32630768 -0.23307693 -0.39783379
v 0.32630768 -0.24239470 -0.38846153
v 0.32630768 -0.24711812 -0.35738462
v 0.31228155 -0.23307693 -0.35738462
v 0.32630768 -0.23466270 -0.32630768
v 0.32472339 -0.23307693 -0.32630768
v 0.32630768 -0.23307693 -0.32472044
v 0.32630768 -0.20200001 -0.44083941
v 0.32630768 -0.21759561 -0.41953847
v 0.32630768 -0.21362652 -0.29523078
v 0.31467411 -0.20200001 -0.29523078
v 0.32630768 -0.20200001 -0.28360423
v 0.32630768 -0.17092308 -0.46610084
v 0.32630768 -0.19222403 -0.45061538
v 0.32630768 -0.17092308 -0.27759346
v 0.32166934 -0.13984616 -0.48169231
v 0.32630768 -0.13984616 -0.48634222
v 0.32630768 -0.14446916 -0.48169231
v 0.32630768 -0.14231873 -0.26415384
v 0.32630768 -0.13984616 -0.26224047
v 0.31882048 -0.10876923 -0.48169231
v 0.32630768 -0.10876923 -0.48922366
v 0.32630768 -0.10876923 -0.24860400
v 0.32630768 -0.09796633 -0.48169231
v 0.32630768 -0.07769231 -0.47002074
v 0.31174678 -0.07769231 -0.23307693
v 0.32630768 -0.07769231 -0.24577513
v 0.32630768 -0.04661538 -0.46620661
v 0.32123923 -0.04661538 -0.23307693
v 0.32630768 -0.04661538 -0.23815574
v 0.32630768 -0.03059265 -0.45061538
v 0.32630768 -0.01553846 -0.43548575
v 0.31654838 -0.01553846 -0.23307693
v 0.32630768 -0.01553846 -0.24284276
v 0.32630768 0.00280321 -0.41953847
v 0.30932412 0.01553846 -0.41953847
v 0.32630768 0.01553846 -0.40679586
v 0.31067866 0.01553846 -0.23307693
v 0.32630768 0.01553846 -0.24968979
v 0.30632553 0.04661538 -0.38846153
v 0.32630768 0.03107692 -0.38846153
v 0.32159323 0.04661538 -0.35738462
v 0.32630768 0.04190484 -0.35738462
v 0.32630768 0.04661538 -0.34711441
v 0.31205797 0.04661538 -0.26415384
v 0.32630768 0.03137543 -0.26415384
v 0.32630768 0.04661538 -0.29057056
v 0.30749989 0.04661538 -0.23307693
v 0.30636171 0.07769231 -0.32630768
v 0.32630768 0.05487434 -0.32630768
v 0.30962154 0.07769231 -0.29523078
v 0.32630768 0.05065459 -0.29523078
v 0.30296302 0.07769231 -0.26415384
v 0.30663174 0.32630768 -0.17092308
v 0.30898827 0.32630768 -0.13984616
v 0.32630768 0.35738462 -0.21186222
v 0.32630768 0.34750593 -0.20200001
v 0.32630768 0.35055014 -0.17092308
v 0.32630768 0.35738462 -0.16407824
v 0.32630768 0.38846153 -0.21763052
v 0.31053829 0.38846153 -0.17092308
v 0.32630768 0.36480591 -0.17092308
v 0.32630768 0.38846153 -0.18568884
v 0.32630768 0.41953847 -0.22556886
v 0.30993572 0.41953847 -0.17092308
v 0.32630768 0.41953847 -0.18642722
v 0.32630768 0.45061538 -0.22442913
v 0.31188372 0.45061538 -0.17092308
v 0.32630768 0.45061538 -0.18538867
v 0.32630768 0.48169231 -0.21750040
v 0.32630768 0.47211757 -0.17092308
v 0.30644408 0.48169231 -0.13984616
v 0.32630768 0.48169231 -0.16227019
v 0.30798024 0.51276922 -0.38846153
v 0.31070083 0.51276922 -0.35738462
v 0.31058833 0.51276922 -0.32630768
v 0.30984312 0.51276922 -0.29523078
v 0.30526191 0.51276922 -0.26415384
v 0.31856051 0.51276922 -0.20200001
v 0.32630768 0.51276922 -0.20430921
v 0.31183225 0.51276922 -0.13984616
v 0.32630768 0.51276922 -0.15371674
v 0.30113950 0.51276922 -0.07769231
v 0.31080338 0.54384613 -0.41953847
v 0.32630768 0.54384613 -0.39243826
v 0.32630768 0.53987962 -0.38846153
v 0.32630768 0.52827746 -0.35738462
v 0.32630768 0.52843535 -0.32630768
v 0.32630768 0.52842814 -0.29523078
v 0.32630768 0.52831531 -0.26415384
v 0.32630768 0.52833802 -0.23307693
v 0.31181911 0.54384613 -0.13984616
v 0.32630768 0.54384613 -0.16576110
v 0.30393973 0.57492310 -0.45061538
v 0.31637540 0.57492310 -0.41953847
v 0.32630768 0.57492310 -0.40959960
v 0.32630768 0.55776513 -0.13984616
v 0.32630768 0.55935436 -0.10876923
v 0.32564488 0.57492310 -0.07769231
v 0.32630768 0.57492310 -0.07835256
v 0.29539993 0.57492310 -0.04661538
v 0.30855817 0.60600001 -0.45061538
v 0.32630768 0.60600001 -0.42090195
v 0.32630768 0.60324043 -0.41953847
v 0.32630768 0.57558650 -0.07769231
v 0.32630768 0.59048432 -0.04661538
v 0.30903983 0.60600001 -0.01553846
v 0.32630768 0.60600001 -0.03082246
v 0.31839561 0.63707691 -0.41953847
v 0.32630768 0.60967278 -0.41953847
v 0.32630768 0.63707691 -0.41161487
v 0.32630768 0.62248671 -0.01553846
v 0.30537808 0.63707691 0.01553846
v 0.32630768 0.63707691 -0.00118644
v 0.30368653 0.66815382 -0.38846153
v 0.32630768 0.65285867 -0.38846153
v 0.32630768 0.66815382 -0.36498645
v 0.31341952 0.66815382 0.01553846
v 0.32630768 0.66815382 0.00264293
v 0.32630768 0.67556912 -0.35738462
v 0.32630768 0.68369234 -0.32630768
v 0.30989245 0.69923079 -0.29523078
v 0.32630768 0.68378776 -0.29523078
v 0.32408679 0.69923079 -0.26415384
v 0.32630768 0.69700986 -0.26415384
v 0.32630768 0.69923079 -0.26124778
v 0.31121427 0.69923079 0.01553846
v 0.32630768 0.69923079 -0.00471493
v 0.30101681 0.69923079 0.04661538
v 0.29834884 0.73030770 -0.23307693
v 0.32630768 0.71250236 -0.23307693
v 0.31050357 0.73030770 -0.20200001
v 0.32630768 0.71473891 -0.20200001
v 0.31086087 0.73030770 -0.17092308
v 0.32630768 0.71486086 -0.17092308
v 0.31542975 0.73030770 -0.13984616
v 0.32630768 0.71942288 -0.13984616
v 0.31956521 0.73030770 -0.10876923
v 0.32630768 0.72356009 -0.10876923
v 0.31979045 0.73030770 -0.07769231
v 0.32630768 0.72378290 -0.07769231
v 0.31473115 0.73030770 -0.04661538
v 0.32630768 0.71872050 -0.04661538
v 0.31075406 0.73030770 -0.01553846
v 0.32630768 0.70963001 -0.01553846
v 0.31072739 0.73030770 0.01553846
v 0.30391616 0.76138461 -0.10876923
v 0.30762684 0.76138461 -0.07769231
v 0.30642310 0.76138461 -0.04661538
v 0.29701850 0.76138461 -0.01553846
v 0.34169298 -0.97892308 -0.23307693
v 0.35738462 -0.97892308 -0.20897703
v 0.35738462 -0.98214096 -0.20200001
v 0.35738462 -0.99001151 -0.17092308
v 0.33670315 -0.97892308 -0.17092308
v 0.35738462 -0.97892308 -0.15983815
v 0.33293352 -0.94784617 -0.48169231
v 0.35738462 -0.94784617 -0.45732871
v 0.35738462 -0.95094085 -0.45061538
v 0.35738462 -0.96000350 -0.41953847
v 0.35738462 -0.96340734 -0.38846153
v 0.35738462 -0.96337324 -0.35738462
v 0.35738462 -0.96337324 -0.32630768
v 0.35738462 -0.96339220 -0.29523078
v 0.35738462 -0.96426791 -0.26415384
v 0.35738462 -0.97004163 -0.23307693
v 0.35738462 -0.94784617 -0.15535426
v 0.35738462 -0.91676921 -0.55891514
v 0.35738462 -0.93178535 -0.54384613
v 0.35738462 -0.93339872 -0.51276922
v 0.35738462 -0.93894535 -0.48169231
v 0.35738462 -0.91676921 -0.15538462
v 0.35738462 -0.88569230 -0.55490810
v 0.35738462 -0.88569230 -0.15343057
v 0.35738462 -0.87469947 -0.54384613
v 0.33943558 -0.85461539 -0.54384613
v 0.35738462 -0.85461539 -0.52823228
v 0.35738462 -0.85506624 -0.13984616
v 0.35701984 -0.85461539 -0.13984616
v 0.35738462 -0.85461539 -0.13949519
v 0.35738462 -0.82353848 -0.52830011
v 0.35738462 -0.84917980 -0.13984616
v 0.35738462 -0.82353848 -0.14143501
v 0.35738462 -0.79803371 -0.51276922
v 0.35183913 -0.79246151 -0.51276922
v 0.35738462 -0.79246151 -0.50720602
v 0.35738462 -0.79246151 -0.15541491
v 0.35738462 -0.76138461 -0.49175748
v 0.35052040 -0.76138461 -0.17092308
v 0.35738462 -0.76138461 -0.16401973
v 0.35738462 -0.75131279 -0.48169231
v 0.35738462 -0.73552763 -0.45061538
v 0.35738462 -0.73030770 -0.44538701
v 0.33126032 -0.73030770 -0.23307693
v 0.35738462 -0.73030770 -0.20640132
v 0.35738462 -0.73470163 -0.20200001
v 0.35738462 -0.75448388 -0.17092308
v 0.35738462 -0.71478438 -0.41953847
v 0.35738462 -0.71475023 -0.38846153
v 0.35738462 -0.71379781 -0.35738462
v 0.35738462 -0.71217358 -0.32630768
v 0.35738462 -0.71308666 -0.29523078
v 0.35738462 -0.71480709 -0.26415384
v 0.35738462 -0.71477681 -0.23307693
v 0.35485631 -0.26415384 -0.35738462
v 0.35738462 -0.26415384 -0.36101323
v 0.35738462 -0.26667988 -0.35738462
v 0.35738462 -0.26415384 -0.34749371
v 0.34628156 -0.23307693 -0.41953847
v 0.35738462 -0.23307693 -0.43058562
v 0.35738462 -0.24412410 -0.41953847
v 0.35738462 -0.25167578 -0.38846153
v 0.35738462 -0.25919250 -0.32630768
v 0.35738462 -0.24856590 -0.29523078
v 0.34188801 -0.23307693 -0.29523078
v 0.35738462 -0.23307693 -0.27982479
v 0.34167022 -0.20200001 -0.45061538
v 0.35738462 -0.20200001 -0.46053705
v 0.35738462 -0.21192499 -0.45061538
v 0.35738462 -0.20946118 -0.26415384
v 0.34985709 -0.20200001 -0.26415384
v 0.35738462 -0.20200001 -0.25663748
v 0.35738462 -0.17092308 -0.46633020
v 0.33954856 -0.17092308 -0.26415384
v 0.35738462 -0.17092308 -0.24845055
v 0.35738462 -0.13984616 -0.49029529
v 0.35738462 -0.14859715 -0.48169231
v 0.35738462 -0.13984616 -0.24839844
v 0.35738462 -0.10876923 -0.49664009
v 0.35738462 -0.10876923 -0.25321445
v 0.35738462 -0.07838517 -0.48169231
v 0.35738462 -0.07769231 -0.48105037
v 0.35738462 -0.07769231 -0.25590348
v 0.35738462 -0.04661538 -0.46560964
v 0.35738462 -0.04661538 -0.26329169
v 0.35738462 -0.03160595 -0.45061538
v 0.35738462 -0.01553846 -0.42953759
v 0.34272388 -0.01553846 -0.26415384
v 0.35738462 -0.04565318 -0.26415384
v 0.35738462 -0.01553846 -0.27917886
v 0.35738462 -0.00553268 -0.41953847
v 0.34214419 0.01553846 -0.38846153
v 0.35738462 0.00030562 -0.38846153
v 0.35304749 0.01553846 -0.35738462
v 0.35738462 0.01120134 -0.35738462
v 0.35400063 0.01553846 -0.32630768
v 0.35738462 0.01215448 -0.32630768
v 0.34291226 0.01553846 -0.29523078
v 0.35738462 0.00070228 -0.29523078
v 0.34086564 0.01553846 -0.26415384
v 0.33457553 0.04661538 -0.32630768
v 0.33035198 0.04661538 -0.29523078
v 0.33618638 0.35738462 -0.20200001
v 0.33315259 0.35738462 -0.17092308
v 0.35738462 0.38846153 -0.20699286
v 0.35738462 0.38347074 -0.20200001
v 0.35738462 0.38846153 -0.19701532
v 0.35738462 0.41953847 -0.21868946
v 0.35738462 0.41953847 -0.19006674
v 0.35738462 0.45061538 -0.22315691
v 0.35738462 0.45061538 -0.18775468
v 0.35738462 0.48169231 -0.21781421
v 0.33483422 0.48169231 -0.17092308
v 0.35738462 0.48169231 -0.18633606
v 0.35738462 0.49755216 -0.20200001
v 0.32863575 0.51276922 -0.20200001
v 0.34213731 0.51276922 -0.17092308
v 0.33027256 0.54384613 -0.38846153
v 0.34190294 0.54384613 -0.35738462
v 0.34183857 0.54384613 -0.32630768
v 0.34383613 0.54384613 -0.29523078
v 0.34427604 0.54384613 -0.26415384
v 0.34250316 0.54384613 -0.23307693
v 0.34132275 0.54384613 -0.20200001
v 0.33061990 0.54384613 -0.17092308
v 0.34183097 0.57492310 -0.38846153
v 0.34651214 0.57492310 -0.35738462
v 0.35738462 0.57492310 -0.34270605
v 0.35738462 0.56328344 -0.32630768
v 0.35738462 0.55738717 -0.29523078
v 0.35738462 0.55696207 -0.26415384
v 0.35738462 0.55870485 -0.23307693
v 0.35738462 0.55940735 -0.20200001
v 0.35738462 0.56042916 -0.17092308
v 0.35738462 0.57355881 -0.13984616
v 0.34256431 0.57492310 -0.10876923
v 0.35738462 0.57492310 -0.13836293
v 0.32766923 0.60600001 -0.41953847
v 0.34189939 0.60600001 -0.38846153
v 0.35738462 0.60600001 -0.36063281
v 0.35738462 0.60047859 -0.35738462
v 0.35738462 0.58977360 -0.10876923
v 0.35738462 0.59382182 -0.07769231
v 0.34176317 0.60600001 -0.04661538
v 0.35738462 0.60600001 -0.06558596
v 0.34182340 0.63707691 -0.38846153
v 0.35738462 0.63707691 -0.35770553
v 0.35738462 0.62815952 -0.04661538
v 0.34064466 0.63707691 -0.01553846
v 0.35738462 0.63707691 -0.03762996
v 0.33371463 0.66815382 -0.35738462
v 0.35738462 0.63739783 -0.35738462
v 0.35115463 0.66815382 -0.32630768
v 0.35738462 0.66192150 -0.32630768
v 0.35738462 0.66815382 -0.31962880
v 0.34187272 0.66815382 -0.01553846
v 0.35738462 0.66815382 -0.04612507
v 0.35738462 0.68299538 -0.29523078
v 0.35738462 0.68368471 -0.26415384
v 0.33960521 0.69923079 -0.23307693
v 0.35738462 0.68370748 -0.23307693
v 0.34439459 0.69923079 -0.20200001
v 0.35738462 0.68625557 -0.20200001
v 0.34887007 0.69923079 -0.17092308
v 0.35738462 0.69071919 -0.17092308
v 0.35177606 0.69923079 -0.13984616
v 0.35738462 0.69362670 -0.13984616
v 0.35066500 0.69923079 -0.10876923
v 0.35738462 0.69251627 -0.10876923
v 0.34430331 0.69923079 -0.07769231
v 0.35738462 0.68615317 -0.07769231
v 0.34184235 0.69923079 -0.04661538
v 0.35738462 0.66864300 -0.04661538
v 0.33672720 0.69923079 -0.01553846
v 0.36138457 -0.97892308 -0.20200001
v 0.37676501 -0.97892308 -0.17092308
v 0.36298215 -0.94784617 -0.45061538
v 0.38805479 -0.94784617 -0.41953847
v 0.38846153 -0.94784617 -0.41898698
v 0.38846153 -0.95780647 -0.38846153
v 0.38846153 -0.96295625 -0.35738462
v 0.38846153 -0.96336186 -0.32630768
v 0.38846153 -0.96336561 -0.29523078
v 0.38846153 -0.96336561 -0.26415384
v 0.38846153 -0.96338844 -0.23307693
v 0.38846153 -0.96526420 -0.20200001
v 0.38846153 -0.97113967 -0.17092308
v 0.38846153 -0.94784617 -0.15538462
v 0.37239316 -0.91676921 -0.54384613
v 0.38846153 -0.91676921 -0.52826995
v 0.38846153 -0.93230772 -0.51276922
v 0.38846153 -0.93277216 -0.48169231
v 0.38846153 -0.93743670 -0.45061538
v 0.38846153 -0.94758332 -0.41953847
v 0.38846153 -0.91676921 -0.15287049
v 0.36846396 -0.88569230 -0.54384613
v 0.38846153 -0.88569230 -0.52831149
v 0.38846153 -0.88569230 -0.15060164
v 0.38846153 -0.85461539 -0.52156830
v 0.38846153 -0.86755919 -0.13984616
v 0.38846153 -0.85461539 -0.13133065
v 0.38846153 -0.83365548 -0.51276922
v 0.38348356 -0.82353848 -0.51276922
v 0.38846153 -0.82353848 -0.50779939
v 0.36074808 -0.82353848 -0.13984616
v 0.38846153 -0.82353848 -0.13029128
v 0.38846153 -0.79246151 -0.49723837
v 0.38846153 -0.80818957 -0.13984616
v 0.38846153 -0.79246151 -0.14956321
v 0.38846153 -0.76843530 -0.48169231
v 0.37666294 -0.76138461 -0.48169231
v 0.38846153 -0.76138461 -0.47464693
v 0.38846153 -0.76138461 -0.15529783
v 0.38846153 -0.73789358 -0.45061538
v 0.38846153 -0.73030770 -0.44302949
v 0.36243492 -0.73030770 -0.20200001
v 0.38846153 -0.73030770 -0.18773386
v 0.38846153 -0.74576312 -0.17092308
v 0.38846153 -0.71477681 -0.41953847
v 0.38846153 -0.71057785 -0.38846153
v 0.38250196 -0.69923079 -0.35738462
v 0.38846153 -0.69923079 -0.36567214
v 0.37537324 -0.69923079 -0.32630768
v 0.37706685 -0.69923079 -0.29523078
v 0.38795733 -0.69923079 -0.26415384
v 0.38846153 -0.69923079 -0.26363525
v 0.38846153 -0.71457720 -0.23307693
v 0.38846153 -0.71604151 -0.20200001
v 0.38846153 -0.69385540 -0.35738462
v 0.38846153 -0.68861890 -0.32630768
v 0.38846153 -0.68937153 -0.29523078
v 0.38846153 -0.69872558 -0.26415384
v 0.36980084 -0.26415384 -0.38846153
v 0.38846153 -0.26415384 -0.40523219
v 0.38846153 -0.27974525 -0.38846153
v 0.38846153 -0.28104636 -0.35738462
v 0.38846153 -0.28275278 -0.32630768
v 0.36233985 -0.26415384 -0.32630768
v 0.38846153 -0.27979752 -0.29523078
v 0.37279516 -0.26415384 -0.29523078
v 0.38846153 -0.26415384 -0.27751872
v 0.38846153 -0.23307693 -0.43490782
v 0.38846153 -0.24978362 -0.41953847
v 0.38846153 -0.25073758 -0.26415384
v 0.37293056 -0.23307693 -0.26415384
v 0.38846153 -0.23307693 -0.24854745
v 0.38846153 -0.20200001 -0.46541885
v 0.38846153 -0.21664615 -0.45061538
v 0.38846153 -0.20200001 -0.24574454
v 0.38846153 -0.17092308 -0.46615386
v 0.38846153 -0.17092308 -0.24420778
v 0.37461784 -0.13984616 -0.48169231
v 0.38846153 -0.13984616 -0.47437808
v 0.38846153 -0.13984616 -0.24869831
v 0.38543546 -0.10876923 -0.48169231
v 0.38846153 -0.10876923 -0.47887024
v 0.38846153 -0.10876923 -0.24878040
v 0.38846153 -0.07769231 -0.46708581
v 0.36565283 -0.07769231 -0.26415384
v 0.38846153 -0.09337297 -0.26415384
v 0.38846153 -0.07769231 -0.27967328
v 0.38846153 -0.05105309 -0.45061538
v 0.38375834 -0.04661538 -0.45061538
v 0.38846153 -0.04661538 -0.44617769
v 0.37510082 -0.04661538 -0.29523078
v 0.38846153 -0.05999465 -0.29523078
v 0.38846153 -0.04661538 -0.30860257
v 0.35824719 -0.04661538 -0.26415384
v 0.36740366 -0.01553846 -0.41953847
v 0.38846153 -0.03105416 -0.41953847
v 0.37887555 -0.01553846 -0.38846153
v 0.38846153 -0.02512766 -0.38846153
v 0.37932247 -0.01553846 -0.35738462
v 0.38846153 -0.02468695 -0.35738462
v 0.37297252 -0.01553846 -0.32630768
v 0.38846153 -0.03103887 -0.32630768
v 0.37256566 -0.01553846 -0.29523078
v 0.36236522 0.38846153 -0.20200001
v 0.36931789 0.41953847 -0.20200001
v 0.37166765 0.45061538 -0.20200001
v 0.37321779 0.48169231 -0.20200001
v 0.36904913 0.57492310 -0.32630768
v 0.37293068 0.57492310 -0.29523078
v 0.37293446 0.57492310 -0.26415384
v 0.37294203 0.57492310 -0.23307693
v 0.37293068 0.57492310 -0.20200001
v 0.37190118 0.57492310 -0.17092308
v 0.35874757 0.57492310 -0.13984616
v 0.36061993 0.60600001 -0.35738462
v 0.37292308 0.60600001 -0.32630768
v 0.37290791 0.60600001 -0.29523078
v 0.37649733 0.60600001 -0.26415384
v 0.38225585 0.60600001 -0.23307693
v 0.38549614 0.60600001 -0.20200001
v 0.38347834 0.60600001 -0.17092308
v 0.37710834 0.60600001 -0.13984616
v 0.37288526 0.60600001 -0.10876923
v 0.36956280 0.60600001 -0.07769231
v 0.35770553 0.63707691 -0.35738462
v 0.37291548 0.63707691 -0.32630768
v 0.37294963 0.63707691 -0.29523078
v 0.38320851 0.63707691 -0.26415384
v 0.38846153 0.63707691 -0.25343946
v 0.38846153 0.61818284 -0.23307693
v 0.38846153 0.60992032 -0.20200001
v 0.38846153 0.61160028 -0.17092308
v 0.38846153 0.62081045 -0.13984616
v 0.38846153 0.63707691 -0.11230253
v 0.38613242 0.63707691 -0.10876923
v 0.37284768 0.63707691 -0.07769231
v 0.36637005 0.63707691 -0.04661538
v 0.37222612 0.66815382 -0.29523078
v 0.37417009 0.66815382 -0.26415384
v 0.38846153 0.66420448 -0.23307693
v 0.38680339 0.66815382 -0.23307693
v 0.38846153 0.66815382 -0.22946753
v 0.37852535 0.66815382 -0.10876923
v 0.38846153 0.66815382 -0.12852028
v 0.37289274 0.66815382 -0.07769231
v 0.35787421 0.66815382 -0.04661538
v 0.38846153 0.67747265 -0.20200001
v 0.38846153 0.67919123 -0.17092308
v 0.38846153 0.67475134 -0.13984616
v 0.40800601 -0.94784617 -0.38846153
v 0.41953847 -0.94784617 -0.36860853
v 0.41953847 -0.95207304 -0.35738462
v 0.41953847 -0.95916963 -0.32630768
v 0.41953847 -0.96314603 -0.29523078
v 0.41953847 -0.96336561 -0.26415384
v 0.41953847 -0.96336186 -0.23307693
v 0.41953847 -0.96340358 -0.20200001
v 0.41953847 -0.96333170 -0.17092308
v 0.41953847 -0.94784617 -0.15544507
v 0.41953847 -0.91676921 -0.51842016
v 0.41953847 -0.92241335 -0.51276922
v 0.41953847 -0.93234187 -0.48169231
v 0.41953847 -0.93222088 -0.45061538
v 0.41953847 -0.93487382 -0.41953847
v 0.41953847 -0.94107479 -0.38846153
v 0.41953847 -0.91676921 -0.15250713
v 0.41953847 -0.89251339 -0.51276922
v 0.41771126 -0.88569230 -0.51276922
v 0.41953847 -0.88569230 -0.51094371
v 0.41953847 -0.88569230 -0.15475708
v 0.39725754 -0.85461539 -0.51276922
v 0.41953847 -0.85461539 -0.49723837
v 0.41953847 -0.85658932 -0.13984616
v 0.41953847 -0.85461539 -0.13801979
v 0.41953847 -0.82353848 -0.49724215
v 0.41953847 -0.82353848 -0.13441566
v 0.41953847 -0.79246151 -0.49365646
v 0.41953847 -0.81525189 -0.13984616
v 0.41953847 -0.79246151 -0.15129052
v 0.41953847 -0.78049737 -0.48169231
v 0.41953847 -0.76138461 -0.46615386
v 0.41953847 -0.76138461 -0.15534301
v 0.41953847 -0.74478430 -0.45061538
v 0.41953847 -0.73030770 -0.43613878
v 0.41953847 -0.74582350 -0.17092308
v 0.41953847 -0.73030770 -0.18640873
v 0.41953847 -0.71476924 -0.41953847
v 0.41953847 -0.70910710 -0.38846153
v 0.41953847 -0.69923079 -0.37483504
v 0.41953847 -0.71015978 -0.23307693
v 0.41953847 -0.69923079 -0.24794036
v 0.41953847 -0.71470881 -0.20200001
v 0.41953847 -0.68762559 -0.35738462
v 0.41953847 -0.68364698 -0.32630768
v 0.41953847 -0.68366206 -0.29523078
v 0.41953847 -0.68767101 -0.26415384
v 0.40256354 -0.29523078 -0.35738462
v 0.41953847 -0.29523078 -0.38393575
v 0.41953847 -0.31083715 -0.35738462
v 0.41953847 -0.31077683 -0.32630768
v 0.40094322 -0.29523078 -0.32630768
v 0.41953847 -0.31028026 -0.29523078
v 0.40463376 -0.29523078 -0.29523078
v 0.41953847 -0.29523078 -0.26496086
v 0.41125733 -0.26415384 -0.41953847
v 0.41953847 -0.26415384 -0.42692342
v 0.41953847 -0.27153879 -0.41953847
v 0.41953847 -0.29066539 -0.38846153
v 0.41953847 -0.29448694 -0.26415384
v 0.40191483 -0.26415384 -0.26415384
v 0.41953847 -0.26415384 -0.23361620
v 0.41953847 -0.23307693 -0.43867424
v 0.41953847 -0.26338777 -0.23307693
v 0.40672639 -0.23307693 -0.23307693
v 0.41953847 -0.23307693 -0.22028685
v 0.41953847 -0.20200001 -0.46603149
v 0.41953847 -0.22101977 -0.45061538
v 0.40104195 -0.20200001 -0.23307693
v 0.41953847 -0.20200001 -0.21744813
v 0.41953847 -0.17092308 -0.46617660
v 0.39988944 -0.17092308 -0.23307693
v 0.41953847 -0.17092308 -0.21785197
v 0.41953847 -0.13984616 -0.46617660
v 0.41953847 -0.14421493 -0.23307693
v 0.41953847 -0.13984616 -0.23729639
v 0.41953847 -0.10876923 -0.46616143
v 0.41953847 -0.10876923 -0.24863815
v 0.41953847 -0.07769231 -0.45727387
v 0.41953847 -0.09328382 -0.26415384
v 0.41953847 -0.07769231 -0.27960968
v 0.41953847 -0.07102618 -0.45061538
v 0.41461417 -0.04661538 -0.41953847
v 0.41953847 -0.05154376 -0.41953847
v 0.41953847 -0.04661538 -0.41329721
v 0.41430274 -0.04661538 -0.32630768
v 0.41953847 -0.05185116 -0.32630768
v 0.41953847 -0.04661538 -0.33304626
v 0.41953847 -0.06202581 -0.29523078
v 0.41953847 -0.03330410 -0.38846153
v 0.41953847 -0.03349444 -0.35738462
v 0.39712593 0.63707691 -0.23307693
v 0.40157509 0.63707691 -0.20200001
v 0.40292406 0.63707691 -0.17092308
v 0.40049854 0.63707691 -0.13984616
v 0.39785087 0.66815382 -0.20200001
v 0.39957243 0.66815382 -0.17092308
v 0.39508191 0.66815382 -0.13984616
v 0.42539409 -0.94784617 -0.35738462
v 0.44016862 -0.94784617 -0.32630768
v 0.45061538 -0.94784617 -0.30279860
v 0.45061538 -0.95050198 -0.29523078
v 0.45061538 -0.95820510 -0.26415384
v 0.45061538 -0.96277475 -0.23307693
v 0.45061538 -0.96339220 -0.20200001
v 0.45061538 -0.96333522 -0.17092308
v 0.45061538 -0.94784617 -0.15544164
v 0.42518935 -0.91676921 -0.51276922
v 0.45061538 -0.91676921 -0.49720031
v 0.45061538 -0.93225068 -0.48169231
v 0.45061538 -0.93233812 -0.45061538
v 0.45061538 -0.93233430 -0.41953847
v 0.45061538 -0.93224335 -0.38846153
v 0.45061538 -0.93528509 -0.35738462
v 0.45061538 -0.94085193 -0.32630768
v 0.45061538 -0.91676921 -0.15536186
v 0.45061538 -0.88569230 -0.49722317
v 0.45061538 -0.88569230 -0.15536186
v 0.45061538 -0.85461539 -0.48339704
v 0.42143714 -0.85461539 -0.13984616
v 0.45061538 -0.85461539 -0.15507147
v 0.45061538 -0.84605300 -0.48169231
v 0.44650754 -0.82353848 -0.48169231
v 0.45061538 -0.82353848 -0.47758445
v 0.42639452 -0.82353848 -0.13984616
v 0.45061538 -0.82353848 -0.15315245
v 0.43160769 -0.79246151 -0.48169231
v 0.45061538 -0.79246151 -0.46627221
v 0.45061538 -0.79246151 -0.15535800
v 0.45061538 -0.76138461 -0.46001053
v 0.45061538 -0.76138461 -0.16067268
v 0.45061538 -0.75199914 -0.45061538
v 0.45061538 -0.73030770 -0.42883494
v 0.45061538 -0.75114763 -0.17092308
v 0.45061538 -0.73030770 -0.19010639
v 0.45061538 -0.72099525 -0.41953847
v 0.45061538 -0.71472740 -0.38846153
v 0.45061538 -0.69923079 -0.35987392
v 0.45061538 -0.71366835 -0.23307693
v 0.45061538 -0.69923079 -0.25663149
v 0.45061538 -0.71841407 -0.20200001
v 0.45061538 -0.69675821 -0.35738462
v 0.45061538 -0.68610978 -0.32630768
v 0.45061538 -0.68536747 -0.29523078
v 0.45061538 -0.69248784 -0.26415384
v 0.44619444 -0.32630768 -0.35738462
v 0.45061538 -0.32630768 -0.36180562
v 0.45061538 -0.33075660 -0.35738462
v 0.45061538 -0.35088629 -0.32630768
v 0.43505797 -0.32630768 -0.32630768
v 0.45061538 -0.34567162 -0.29523078
v 0.43496597 -0.32630768 -0.29523078
v 0.45061538 -0.34177744 -0.26415384
v 0.43516454 -0.32630768 -0.26415384
v 0.45061538 -0.32630768 -0.24754620
v 0.42408684 -0.29523078 -0.38846153
v 0.45061538 -0.29523078 -0.40400758
v 0.45061538 -0.31079194 -0.38846153
v 0.42028627 -0.29523078 -0.26415384
v 0.45061538 -0.31192568 -0.23307693
v 0.42918658 -0.29523078 -0.23307693
v 0.45061538 -0.29523078 -0.21596040
v 0.45061538 -0.26415384 -0.43513739
v 0.45061538 -0.27973005 -0.41953847
v 0.42008057 -0.26415384 -0.23307693
v 0.45061538 -0.28125912 -0.20200001
v 0.43503508 -0.26415384 -0.20200001
v 0.45061538 -0.26415384 -0.18647292
v 0.45061538 -0.23307693 -0.44081333
v 0.43512246 -0.23307693 -0.20200001
v 0.45061538 -0.23307693 -0.18201850
v 0.45061538 -0.20200001 -0.46383289
v 0.45061538 -0.22112812 -0.45061538
v 0.43505427 -0.20200001 -0.20200001
v 0.45061538 -0.20200001 -0.18099631
v 0.45061538 -0.17092308 -0.46612728
v 0.45061538 -0.18019794 -0.20200001
v 0.45061538 -0.17092308 -0.21129389
v 0.45061538 -0.13984616 -0.46520054
v 0.42619225 -0.13984616 -0.23307693
v 0.45061538 -0.13984616 -0.22172466
v 0.45061538 -0.11523709 -0.45061538
v 0.44475895 -0.10876923 -0.45061538
v 0.45061538 -0.10876923 -0.44474962
v 0.45061538 -0.12848684 -0.23307693
v 0.45061538 -0.10876923 -0.24856251
v 0.42620459 -0.07769231 -0.45061538
v 0.45061538 -0.07769231 -0.42694932
v 0.45061538 -0.09318548 -0.26415384
v 0.45061538 -0.07769231 -0.28724632
v 0.45061538 -0.07027594 -0.41953847
v 0.43284228 -0.04661538 -0.38846153
v 0.45061538 -0.06217661 -0.38846153
v 0.43266681 -0.04661538 -0.35738462
v 0.45061538 -0.06216143 -0.35738462
v 0.45061538 -0.06214247 -0.32630768
v 0.45061538 -0.06969629 -0.29523078
v 0.45380709 -0.94784617 -0.29523078
v 0.46772107 -0.94784617 -0.26415384
v 0.48169231 -0.94784617 -0.23436657
v 0.48169231 -0.94838607 -0.23307693
v 0.48169231 -0.95727777 -0.20200001
v 0.48169231 -0.95146596 -0.17092308
v 0.48169231 -0.94784617 -0.16730323
v 0.47079504 -0.91676921 -0.48169231
v 0.48169231 -0.91676921 -0.47087440
v 0.48169231 -0.93234551 -0.45061538
v 0.48169231 -0.93230772 -0.41953847
v 0.48169231 -0.93230391 -0.38846153
v 0.48169231 -0.93232292 -0.35738462
v 0.48169231 -0.93229252 -0.32630768
v 0.48169231 -0.93387073 -0.29523078
v 0.48169231 -0.93881929 -0.26415384
v 0.48169231 -0.91676921 -0.15747185
v 0.46811262 -0.88569230 -0.48169231
v 0.48169231 -0.88569230 -0.46810523
v 0.48169231 -0.88569230 -0.16834451
v 0.45232013 -0.85461539 -0.48169231
v 0.48169231 -0.85461539 -0.46586376
v 0.48169231 -0.85461539 -0.15819512
v 0.48169231 -0.82353848 -0.46428853
v 0.48169231 -0.82353848 -0.15541881
v 0.48169231 -0.79246151 -0.45188871
v 0.48169231 -0.79246151 -0.16025218
v 0.48169231 -0.79118937 -0.45061538
v 0.46000090 -0.76138461 -0.45061538
v 0.48169231 -0.76138461 -0.43518230
v 0.46095726 -0.76138461 -0.17092308
v 0.48169231 -0.78168362 -0.17092308
v 0.48169231 -0.76138461 -0.18635075
v 0.45992470 -0.73030770 -0.41953847
v 0.48169231 -0.74572557 -0.41953847
v 0.48169231 -0.73030770 -0.40205610
v 0.46516374 -0.73030770 -0.20200001
v 0.48169231 -0.74315852 -0.20200001
v 0.48169231 -0.73030770 -0.21482144
v 0.48169231 -0.71670938 -0.38846153
v 0.45309910 -0.69923079 -0.35738462
v 0.48169231 -0.71473885 -0.35738462
v 0.46984428 -0.69923079 -0.32630768
v 0.48169231 -0.70887893 -0.32630768
v 0.47300598 -0.69923079 -0.29523078
v 0.48169231 -0.70662892 -0.29523078
v 0.45830840 -0.69923079 -0.26415384
v 0.48169231 -0.71343905 -0.26415384
v 0.48169231 -0.71473134 -0.23307693
v 0.46624216 -0.35738462 -0.35738462
v 0.48169231 -0.35738462 -0.37771192
v 0.48169231 -0.37279671 -0.35738462
v 0.48169231 -0.37311828 -0.32630768
v 0.45700043 -0.35738462 -0.32630768
v 0.48169231 -0.35738462 -0.29741076
v 0.46611604 -0.32630768 -0.38846153
v 0.48169231 -0.32630768 -0.40423739
v 0.48169231 -0.34680015 -0.38846153
v 0.48169231 -0.35515714 -0.29523078
v 0.48169231 -0.34053209 -0.26415384
v 0.48169231 -0.32630768 -0.24992944
v 0.48169231 -0.29523078 -0.41008762
v 0.48169231 -0.31072366 -0.23307693
v 0.48169231 -0.29523078 -0.21759915
v 0.48169231 -0.26415384 -0.43506932
v 0.48169231 -0.28577992 -0.41953847
v 0.48169231 -0.27939576 -0.20200001
v 0.48169231 -0.26415384 -0.18678820
v 0.48169231 -0.23307693 -0.43740618
v 0.48169231 -0.23393522 -0.17092308
v 0.48016599 -0.23307693 -0.17092308
v 0.48169231 -0.23307693 -0.17005494
v 0.47880694 -0.20200001 -0.45061538
v 0.48169231 -0.20200001 -0.44843611
v 0.46149617 -0.20200001 -0.17092308
v 0.48169231 -0.20200001 -0.15624967
v 0.47907355 -0.17092308 -0.45061538
v 0.48169231 -0.17092308 -0.44800481
v 0.45992196 -0.17092308 -0.20200001
v 0.47397441 -0.17092308 -0.17092308
v 0.48169231 -0.17092308 -0.16321087
v 0.46675476 -0.13984616 -0.45061538
v 0.48169231 -0.13984616 -0.43661991
v 0.47060597 -0.13984616 -0.20200001
v 0.48169231 -0.13984616 -0.19089273
v 0.48169231 -0.16320524 -0.17092308
v 0.48169231 -0.10876923 -0.42804399
v 0.48169231 -0.12429252 -0.23307693
v 0.48169231 -0.10876923 -0.25161818
v 0.48169231 -0.12874238 -0.20200001
v 0.48169231 -0.10026369 -0.41953847
v 0.45801795 -0.07769231 -0.41953847
v 0.47345838 -0.07769231 -0.38846153
v 0.48169231 -0.08591446 -0.38846153
v 0.48169231 -0.07769231 -0.37446931
v 0.46025437 -0.07769231 -0.29523078
v 0.48169231 -0.09122042 -0.29523078
v 0.48169231 -0.07769231 -0.31811428
v 0.48169231 -0.09622627 -0.26415384
v 0.48169231 -0.06821395 -0.35738462
v 0.48169231 -0.07096495 -0.32630768
v 0.48228720 -0.94784617 -0.23307693
v 0.49586853 -0.94784617 -0.20200001
v 0.48530900 -0.94784617 -0.17092308
v 0.50957644 -0.91676921 -0.45061538
v 0.51276922 -0.91676921 -0.44681707
v 0.51276922 -0.93083018 -0.41953847
v 0.51276922 -0.93226588 -0.38846153
v 0.51276922 -0.93230009 -0.35738462
v 0.51276922 -0.93229252 -0.32630768
v 0.51276922 -0.93232292 -0.29523078
v 0.51276922 -0.93230772 -0.26415384
v 0.51276922 -0.93306690 -0.23307693
v 0.51276922 -0.93722844 -0.20200001
v 0.51276922 -0.91676921 -0.18640843
v 0.49518082 -0.91676921 -0.17092308
v 0.50625163 -0.88569230 -0.45061538
v 0.51276922 -0.88569230 -0.44409779
v 0.48426861 -0.88569230 -0.17092308
v 0.51276922 -0.88569230 -0.18637103
v 0.49692550 -0.85461539 -0.45061538
v 0.51276922 -0.85461539 -0.43472424
v 0.49442020 -0.85461539 -0.17092308
v 0.51276922 -0.85461539 -0.18660688
v 0.49535805 -0.82353848 -0.45061538
v 0.51276922 -0.82353848 -0.43217608
v 0.49716628 -0.82353848 -0.17092308
v 0.51276922 -0.82353848 -0.18651459
v 0.48296446 -0.79246151 -0.45061538
v 0.51276922 -0.79246151 -0.42101747
v 0.49235639 -0.79246151 -0.17092308
v 0.51276922 -0.79246151 -0.18684167
v 0.49734753 -0.76138461 -0.41953847
v 0.51276922 -0.79098046 -0.41953847
v 0.51276922 -0.76138461 -0.40152246
v 0.50166887 -0.76138461 -0.20200001
v 0.51276922 -0.77282238 -0.20200001
v 0.51276922 -0.76138461 -0.21311428
v 0.49527934 -0.73030770 -0.38846153
v 0.51276922 -0.74832737 -0.38846153
v 0.50890040 -0.73030770 -0.35738462
v 0.51276922 -0.73417985 -0.35738462
v 0.51276922 -0.73030770 -0.35221249
v 0.49835745 -0.73030770 -0.23307693
v 0.51276922 -0.74476475 -0.23307693
v 0.51276922 -0.73030770 -0.25450182
v 0.51276922 -0.71737003 -0.32630768
v 0.51276922 -0.71531969 -0.29523078
v 0.51276922 -0.72157037 -0.26415384
v 0.50415045 -0.38846153 -0.01553846
v 0.51276922 -0.38846153 -0.03413501
v 0.51276922 -0.39710164 -0.01553846
v 0.51276922 -0.38846153 -0.00689837
v 0.51276922 -0.35738462 -0.38716111
v 0.51276922 -0.36658645 -0.35738462
v 0.51276922 -0.37291548 -0.32630768
v 0.51276922 -0.36751884 -0.29523078
v 0.48596492 -0.35738462 -0.29523078
v 0.51276922 -0.35738462 -0.28507319
v 0.50243044 -0.35738462 -0.04661538
v 0.51276922 -0.35738462 -0.05697100
v 0.51276922 -0.37786871 -0.04661538
v 0.49792048 -0.35738462 -0.01553846
v 0.51276922 -0.35738462 0.00066613
v 0.50060540 -0.32630768 -0.41953847
v 0.51276922 -0.32630768 -0.43151262
v 0.51276922 -0.33831066 -0.41953847
v 0.51276922 -0.35682452 -0.38846153
v 0.51276922 -0.34188029 -0.26415384
v 0.51276922 -0.32630768 -0.23992977
v 0.50101519 -0.32630768 -0.04661538
v 0.51276922 -0.32630768 -0.06022725
v 0.51276922 -0.32630768 -0.01657802
v 0.51276922 -0.32700759 -0.01553846
v 0.49115276 -0.29523078 -0.41953847
v 0.51276922 -0.29523078 -0.43505037
v 0.51276922 -0.31944180 -0.23307693
v 0.51276922 -0.30563006 -0.20200001
v 0.50239015 -0.29523078 -0.20200001
v 0.51276922 -0.29523078 -0.19168772
v 0.50503558 -0.29523078 -0.04661538
v 0.51276922 -0.29523078 -0.07646793
v 0.51276922 -0.29523078 -0.03892126
v 0.51276922 -0.26415384 -0.43508452
v 0.51276922 -0.27956402 -0.17092308
v 0.49731398 -0.26415384 -0.17092308
v 0.51276922 -0.27466667 -0.13984616
v 0.50225639 -0.26415384 -0.13984616
v 0.51276922 -0.26415384 -0.10919494
v 0.50470304 -0.26415384 -0.07769231
v 0.51276922 -0.26415384 -0.10815053
v 0.51276922 -0.29406887 -0.07769231
v 0.51276922 -0.27840930 -0.04661538
v 0.51276922 -0.26415384 -0.06045142
v 0.51276922 -0.23307693 -0.43508452
v 0.49720421 -0.23307693 -0.13984616
v 0.51276922 -0.26392138 -0.10876923
v 0.49768767 -0.23307693 -0.10876923
v 0.50749940 -0.23307693 -0.07769231
v 0.51276922 -0.23307693 -0.07242244
v 0.51276922 -0.20200001 -0.43511114
v 0.49712527 -0.20200001 -0.13984616
v 0.50805479 -0.20200001 -0.10876923
v 0.51276922 -0.20200001 -0.10325006
v 0.51276922 -0.22693211 -0.07769231
v 0.51276922 -0.17092308 -0.43504652
v 0.51276922 -0.18633707 -0.13984616
v 0.51276922 -0.17092308 -0.16347481
v 0.51276922 -0.19729331 -0.10876923
v 0.51276922 -0.13984616 -0.42538714
v 0.51276922 -0.16313268 -0.17092308
v 0.51276922 -0.13984616 -0.18598047
v 0.51276922 -0.13399747 -0.41953847
v 0.49019784 -0.10876923 -0.41953847
v 0.51276922 -0.10876923 -0.39491239
v 0.51176572 -0.10876923 -0.26415384
v 0.51276922 -0.10945652 -0.26415384
v 0.51276922 -0.10876923 -0.26483628
v 0.50353998 -0.10876923 -0.23307693
v 0.51276922 -0.10876923 -0.26257828
v 0.51276922 -0.10876923 -0.22245215
v 0.51276922 -0.12271409 -0.20200001
v 0.51276922 -0.10232336 -0.38846153
v 0.49117705 -0.07769231 -0.35738462
v 0.51276922 -0.09326497 -0.35738462
v 0.48842743 -0.07769231 -0.32630768
v 0.51276922 -0.09324601 -0.32630768
v 0.51276922 -0.09319295 -0.29523078
v 0.51276922 -0.09952407 -0.23307693
v 0.52963698 -0.91676921 -0.41953847
v 0.54384613 -0.91676921 -0.39583945
v 0.54384613 -0.92230433 -0.38846153
v 0.54384613 -0.92795068 -0.35738462
v 0.54384613 -0.93170476 -0.32630768
v 0.54384613 -0.93230009 -0.29523078
v 0.54384613 -0.93230772 -0.26415384
v 0.54384613 -0.93229252 -0.23307693
v 0.52853781 -0.91676921 -0.20200001
v 0.54384613 -0.91676921 -0.21733865
v 0.53092772 -0.88569230 -0.41953847
v 0.54384613 -0.88569230 -0.40662742
v 0.52839828 -0.88569230 -0.20200001
v 0.54384613 -0.88569230 -0.21750064
v 0.52795500 -0.85461539 -0.41953847
v 0.54384613 -0.85461539 -0.38928878
v 0.54133910 -0.85461539 -0.23307693
v 0.54384613 -0.85711008 -0.23307693
v 0.54384613 -0.85461539 -0.23557611
v 0.52815479 -0.85461539 -0.20200001
v 0.52540690 -0.82353848 -0.41953847
v 0.54384613 -0.85334283 -0.38846153
v 0.53171289 -0.82353848 -0.38846153
v 0.54384613 -0.82353848 -0.37549970
v 0.54384613 -0.84720331 -0.23307693
v 0.54384613 -0.82353848 -0.22628348
v 0.52828491 -0.82353848 -0.20200001
v 0.51424956 -0.79246151 -0.41953847
v 0.52823979 -0.79246151 -0.38846153
v 0.54384613 -0.79246151 -0.36567581
v 0.53948665 -0.79246151 -0.23307693
v 0.54384613 -0.80391002 -0.23307693
v 0.54384613 -0.79246151 -0.23744741
v 0.52793509 -0.79246151 -0.20200001
v 0.52582645 -0.76138461 -0.38846153
v 0.54384613 -0.78399009 -0.35738462
v 0.52846098 -0.76138461 -0.35738462
v 0.54214215 -0.76138461 -0.32630768
v 0.54384613 -0.76309180 -0.32630768
v 0.54384613 -0.76138461 -0.31931219
v 0.53635162 -0.76138461 -0.26415384
v 0.54384613 -0.76889586 -0.26415384
v 0.54384613 -0.76138461 -0.28324541
v 0.52828491 -0.76138461 -0.23307693
v 0.52570683 -0.73030770 -0.32630768
v 0.54384613 -0.75621146 -0.29523078
v 0.52774966 -0.73030770 -0.29523078
v 0.52150959 -0.73030770 -0.26415384
v 0.51914388 -0.38846153 -0.04661538
v 0.54384613 -0.38846153 -0.06214626
v 0.54384613 -0.40483969 -0.04661538
v 0.54384613 -0.40427324 -0.01553846
v 0.54384613 -0.39266399 0.01553846
v 0.53963840 -0.38846153 0.01553846
v 0.54384613 -0.38846153 0.01973024
v 0.54384613 -0.35738462 -0.37419298
v 0.54384613 -0.37295353 -0.35738462
v 0.54384613 -0.38698342 -0.32630768
v 0.54384613 -0.37491783 -0.29523078
v 0.54384613 -0.36460099 -0.26415384
v 0.53661084 -0.35738462 -0.26415384
v 0.54384613 -0.35738462 -0.25694287
v 0.53715616 -0.35738462 -0.07769231
v 0.54384613 -0.35738462 -0.08436437
v 0.54384613 -0.36406183 -0.07769231
v 0.52684599 -0.35738462 0.01553846
v 0.54384613 -0.35738462 0.03115967
v 0.54384613 -0.32630768 -0.42651850
v 0.54384613 -0.33327979 -0.41953847
v 0.54384613 -0.34314236 -0.38846153
v 0.54384613 -0.34134594 -0.23307693
v 0.51997226 -0.32630768 -0.23307693
v 0.54384613 -0.32630768 -0.21811396
v 0.52643687 -0.32630768 -0.07769231
v 0.54384613 -0.32630768 -0.09320030
v 0.51341057 -0.32630768 -0.01553846
v 0.54384613 -0.32630768 0.00788648
v 0.54384613 -0.33388162 0.01553846
v 0.54384613 -0.29523078 -0.43593818
v 0.54384613 -0.31067112 -0.20200001
v 0.54384613 -0.30471832 -0.17092308
v 0.53444797 -0.29523078 -0.17092308
v 0.54384613 -0.29523078 -0.15695243
v 0.53358561 -0.29523078 -0.10876923
v 0.54384613 -0.29523078 -0.12361548
v 0.54384613 -0.30548799 -0.10876923
v 0.51318604 -0.29523078 -0.07769231
v 0.52825516 -0.29523078 -0.01553846
v 0.54384613 -0.29523078 0.00010551
v 0.54384613 -0.26415384 -0.44222039
v 0.54384613 -0.28435874 -0.13984616
v 0.51298857 -0.26415384 -0.10876923
v 0.51958436 -0.26415384 -0.04661538
v 0.54384613 -0.26415384 -0.02155305
v 0.54384613 -0.27010050 -0.01553846
v 0.54384613 -0.23307693 -0.43506175
v 0.52832288 -0.23307693 -0.04661538
v 0.54384613 -0.23307693 -0.03109210
v 0.54384613 -0.20200001 -0.43271595
v 0.52685428 -0.20200001 -0.07769231
v 0.54384613 -0.20200001 -0.04843085
v 0.54384613 -0.20381795 -0.04661538
v 0.54384613 -0.18226840 -0.41953847
v 0.53458768 -0.17092308 -0.41953847
v 0.54384613 -0.17092308 -0.41031173
v 0.52820575 -0.17092308 -0.13984616
v 0.53924620 -0.17092308 -0.10876923
v 0.54384613 -0.17092308 -0.10397629
v 0.54384613 -0.18610814 -0.07769231
v 0.51861322 -0.13984616 -0.41953847
v 0.54384613 -0.13984616 -0.39701289
v 0.54384613 -0.15544140 -0.17092308
v 0.54384613 -0.13984616 -0.18644649
v 0.54384613 -0.15530163 -0.13984616
v 0.54384613 -0.16631934 -0.10876923
v 0.51922005 -0.10876923 -0.38846153
v 0.54384613 -0.13128875 -0.38846153
v 0.53060114 -0.10876923 -0.35738462
v 0.54384613 -0.12198828 -0.35738462
v 0.54326636 -0.10876923 -0.32630768
v 0.54384613 -0.10934686 -0.32630768
v 0.54384613 -0.10876923 -0.32568562
v 0.51345623 -0.10876923 -0.26415384
v 0.54384613 -0.12153009 -0.20200001
v 0.54384613 -0.10876923 -0.21478279
v 0.54384613 -0.09381415 -0.29523078
v 0.54384613 -0.09326865 -0.26415384
v 0.54384613 -0.09318531 -0.23307693
v 0.54938573 -0.91676921 -0.38846153
v 0.55567086 -0.91676921 -0.35738462
v 0.56781477 -0.91676921 -0.32630768
v 0.57492310 -0.91676921 -0.29553640
v 0.57492310 -0.91685361 -0.29523078
v 0.56467962 -0.91676921 -0.26415384
v 0.57492310 -0.91676921 -0.29505917
v 0.55939978 -0.91676921 -0.23307693
v 0.55940360 -0.88569230 -0.38846153
v 0.56125259 -0.88569230 -0.35738462
v 0.57300293 -0.88569230 -0.32630768
v 0.57492310 -0.91217631 -0.29523078
v 0.57444274 -0.88569230 -0.29523078
v 0.56168532 -0.88569230 -0.26415384
v 0.55941486 -0.88569230 -0.23307693
v 0.54467422 -0.85461539 -0.38846153
v 0.55940735 -0.85461539 -0.35738462
v 0.55935425 -0.85461539 -0.32630768
v 0.55932039 -0.85461539 -0.29523078
v 0.55939978 -0.85461539 -0.26415384
v 0.55853605 -0.82353848 -0.35738462
v 0.55939221 -0.82353848 -0.32630768
v 0.55938464 -0.82353848 -0.29523078
v 0.55937326 -0.82353848 -0.26415384
v 0.55064481 -0.82353848 -0.23307693
v 0.55220258 -0.79246151 -0.35738462
v 0.55937701 -0.79246151 -0.32630768
v 0.55939221 -0.79246151 -0.29523078
v 0.55937326 -0.79246151 -0.26415384
v 0.54901928 -0.76138461 -0.29523078
v 0.56379062 -0.38846153 -0.35738462
v 0.57492310 -0.38846153 -0.36847168
v 0.57492310 -0.39956254 -0.35738462
v 0.57492310 -0.40401518 -0.32630768
v 0.54532635 -0.38846153 -0.32630768
v 0.57492310 -0.40312606 -0.29523078
v 0.55825949 -0.38846153 -0.29523078
v 0.57492310 -0.38846153 -0.28057757
v 0.57492310 -0.38846153 -0.06321569
v 0.57492310 -0.40559822 -0.04661538
v 0.57492310 -0.40435204 -0.01553846
v 0.57492310 -0.39377058 0.01553846
v 0.57492310 -0.38846153 0.02082824
v 0.56736887 -0.35738462 -0.38846153
v 0.57492310 -0.35738462 -0.39512643
v 0.57492310 -0.36402905 -0.38846153
v 0.57492310 -0.37291548 -0.26415384
v 0.57492310 -0.35738462 -0.24865320
v 0.57492310 -0.35738462 -0.08979119
v 0.57492310 -0.37050509 -0.07769231
v 0.57492310 -0.35738462 0.03112968
v 0.55083156 -0.32630768 -0.41953847
v 0.57492310 -0.32630768 -0.40403798
v 0.57492310 -0.34180453 -0.23307693
v 0.57492310 -0.32630768 -0.21466465
v 0.57492310 -0.32630768 -0.09324980
v 0.57492310 -0.33150801 0.01553846
v 0.57492310 -0.32630768 0.01029172
v 0.57492310 -0.29523078 -0.42759210
v 0.57492310 -0.30329609 -0.41953847
v 0.57492310 -0.31363943 -0.20200001
v 0.57492310 -0.31073502 -0.17092308
v 0.57492310 -0.29523078 -0.14201199
v 0.57492310 -0.29523078 -0.13743985
v 0.57492310 -0.30988741 -0.10876923
v 0.57492310 -0.29523078 -0.00000759
v 0.57492310 -0.26415384 -0.43939316
v 0.57492310 -0.29307571 -0.13984616
v 0.57492310 -0.26430678 -0.01553846
v 0.57492310 -0.26415384 -0.01569097
v 0.57492310 -0.23307693 -0.44046071
v 0.57492310 -0.23307693 -0.03108451
v 0.57492310 -0.20200001 -0.43508452
v 0.55387908 -0.20200001 -0.04661538
v 0.57492310 -0.20200001 -0.04304006
v 0.57492310 -0.18038216 -0.41953847
v 0.57492310 -0.17092308 -0.41007292
v 0.57492310 -0.17577334 -0.07769231
v 0.57492310 -0.17092308 -0.08254659
v 0.57492310 -0.19842160 -0.04661538
v 0.57492310 -0.14154004 -0.38846153
v 0.57083303 -0.13984616 -0.38846153
v 0.57492310 -0.13984616 -0.38676611
v 0.57492310 -0.14511910 -0.17092308
v 0.57492310 -0.13984616 -0.17655446
v 0.57492310 -0.15539220 -0.13984616
v 0.57492310 -0.15539978 -0.10876923
v 0.57492310 -0.11657260 -0.35738462
v 0.54441887 -0.10876923 -0.32630768
v 0.57492310 -0.10876923 -0.34963232
v 0.57492310 -0.12492699 -0.20200001
v 0.57492310 -0.10876923 -0.22685665
v 0.57492310 -0.09317031 -0.32630768
v 0.57492310 -0.09324215 -0.29523078
v 0.57492310 -0.09323077 -0.26415384
v 0.57492310 -0.10255868 -0.23307693
v 0.57500738 -0.91676921 -0.29523078
v 0.59729981 -0.48169231 -0.29523078
v 0.60600001 -0.48169231 -0.30393097
v 0.60600001 -0.49039868 -0.29523078
v 0.60600001 -0.49740332 -0.26415384
v 0.59031928 -0.48169231 -0.26415384
v 0.60600001 -0.48169231 -0.24788103
v 0.59050721 -0.45061538 -0.29523078
v 0.60600001 -0.45061538 -0.31073496
v 0.59046155 -0.45061538 -0.26415384
v 0.60600001 -0.45061538 -0.24133843
v 0.60073012 -0.45061538 -0.17092308
v 0.60600001 -0.45061538 -0.18042573
v 0.60600001 -0.45588312 -0.17092308
v 0.60600001 -0.45061538 -0.16563395
v 0.59761429 -0.41953847 -0.32630768
v 0.60600001 -0.41953847 -0.33476895
v 0.60600001 -0.42791817 -0.32630768
v 0.60600001 -0.42022416 -0.29523078
v 0.60600001 -0.41953847 -0.29701316
v 0.60600001 -0.42243254 -0.26415384
v 0.59888434 -0.41953847 -0.20200001
v 0.60600001 -0.41953847 -0.20909961
v 0.60600001 -0.43166164 -0.20200001
v 0.59025240 -0.41953847 -0.17092308
v 0.60600001 -0.41953847 -0.15508024
v 0.60600001 -0.38846153 -0.37315029
v 0.60600001 -0.40411085 -0.35738462
v 0.60600001 -0.41885567 -0.29523078
v 0.60600001 -0.38846153 -0.27787152
v 0.60600001 -0.41243887 -0.20200001
v 0.60600001 -0.40379840 -0.17092308
v 0.60600001 -0.38846153 -0.05500646
v 0.60600001 -0.39686760 -0.04661538
v 0.60600001 -0.40223309 -0.01553846
v 0.58027983 -0.38846153 0.01553846
v 0.60600001 -0.38846153 -0.00168399
v 0.60600001 -0.35738462 -0.40328237
v 0.60600001 -0.37244368 -0.38846153
v 0.60600001 -0.37475139 -0.26415384
v 0.60600001 -0.35738462 -0.24863435
v 0.58842355 -0.35738462 -0.07769231
v 0.60600001 -0.35738462 -0.06359357
v 0.59987140 -0.35738462 0.01553846
v 0.60600001 -0.35738462 0.00935471
v 0.60600001 -0.32630768 -0.40401518
v 0.60600001 -0.34182340 -0.23307693
v 0.60600001 -0.32630768 -0.21521141
v 0.60600001 -0.32630768 -0.08806476
v 0.60600001 -0.33800149 -0.07769231
v 0.60600001 -0.32630768 -0.00002655
v 0.58319557 -0.29523078 -0.41953847
v 0.60600001 -0.29523078 -0.40429768
v 0.60600001 -0.31309628 -0.20200001
v 0.60600001 -0.30847484 -0.17092308
v 0.60600001 -0.29523078 -0.15386499
v 0.59454155 -0.29523078 -0.10876923
v 0.60600001 -0.29523078 -0.09813686
v 0.60600001 -0.29523078 -0.01477062
v 0.59372163 -0.26415384 -0.41953847
v 0.60600001 -0.26415384 -0.40726379
v 0.60600001 -0.28345209 -0.13984616
v 0.60600001 -0.28460521 -0.10876923
v 0.60600001 -0.29446286 -0.01553846
v 0.60600001 -0.26415384 -0.03110348
v 0.60600001 -0.23307693 -0.43436828
v 0.60600001 -0.25120994 -0.41953847
v 0.60600001 -0.23307693 -0.03953753
v 0.60600001 -0.20200001 -0.43515244
v 0.57852960 -0.20200001 -0.04661538
v 0.60600001 -0.22594531 -0.04661538
v 0.60600001 -0.20200001 -0.06207762
v 0.60600001 -0.17937076 -0.41953847
v 0.60600001 -0.17092308 -0.41102183
v 0.60600001 -0.17980839 -0.07769231
v 0.60600001 -0.17092308 -0.08658692
v 0.59078485 -0.13984616 -0.38846153
v 0.60600001 -0.13984616 -0.39008844
v 0.59619159 -0.13984616 -0.17092308
v 0.60600001 -0.13984616 -0.16820545
v 0.60600001 -0.15525457 -0.13984616
v 0.60600001 -0.15540358 -0.10876923
v 0.60600001 -0.13821693 -0.38846153
v 0.60600001 -0.12409175 -0.35738462
v 0.60600001 -0.10876923 -0.32976222
v 0.59695065 -0.10876923 -0.26415384
v 0.60600001 -0.11782484 -0.26415384
v 0.60600001 -0.10876923 -0.28099594
v 0.58113360 -0.10876923 -0.23307693
v 0.60600001 -0.12432287 -0.23307693
v 0.60600001 -0.12433431 -0.20200001
v 0.60600001 -0.13717210 -0.17092308
v 0.60600001 -0.10541227 -0.32630768
v 0.60600001 -0.10076551 -0.29523078
v 0.63707691 -0.48169231 -0.31079969
v 0.63707691 -0.49720800 -0.29523078
v 0.63707691 -0.49818558 -0.26415384
v 0.63707691 -0.48984456 -0.23307693
v 0.62847596 -0.48169231 -0.23307693
v 0.63707691 -0.48169231 -0.22486261
v 0.63707691 -0.45061538 -0.32335258
v 0.61422318 -0.45061538 -0.23307693
v 0.63707691 -0.46621868 -0.20200001
v 0.61584705 -0.45061538 -0.20200001
v 0.63707691 -0.47056204 -0.17092308
v 0.63707691 -0.45874459 -0.13984616
v 0.62891823 -0.45061538 -0.13984616
v 0.63707691 -0.45061538 -0.13172282
v 0.63012046 -0.41953847 -0.35738462
v 0.63707691 -0.41953847 -0.36425129
v 0.63707691 -0.42641556 -0.35738462
v 0.63707691 -0.44766548 -0.32630768
v 0.60668248 -0.41953847 -0.29523078
v 0.60887492 -0.41953847 -0.26415384
v 0.63707691 -0.41953847 -0.24736872
v 0.63707691 -0.43383774 -0.23307693
v 0.63707691 -0.41953847 -0.21872869
v 0.62346405 -0.41953847 -0.13984616
v 0.63707691 -0.41953847 -0.12088074
v 0.63707691 -0.38846153 -0.37777042
v 0.63707691 -0.39472994 -0.26415384
v 0.63707691 -0.38846153 -0.27045152
v 0.63707691 -0.39426914 -0.20200001
v 0.63021541 -0.38846153 -0.17092308
v 0.63707691 -0.38846153 -0.18811584
v 0.63707691 -0.38846153 -0.16411333
v 0.63707691 -0.40610069 -0.13984616
v 0.63707691 -0.38846153 -0.12423241
v 0.62151194 -0.38846153 -0.10876923
v 0.63707691 -0.40930122 -0.10876923
v 0.63707691 -0.41119617 -0.07769231
v 0.62155366 -0.38846153 -0.07769231
v 0.61588168 -0.38846153 -0.04661538
v 0.63707691 -0.38846153 -0.06037851
v 0.61978287 -0.38846153 -0.01553846
v 0.63707691 -0.35738462 -0.40293384
v 0.63707691 -0.37679413 -0.38846153
v 0.63707691 -0.38216877 -0.26415384
v 0.63707691 -0.35738462 -0.24861538
v 0.63707691 -0.38158184 -0.17092308
v 0.63707691 -0.36370125 -0.10876923
v 0.63678282 -0.35738462 -0.07769231
v 0.63707691 -0.35738462 -0.07862618
v 0.62153089 -0.35738462 -0.04661538
v 0.63707691 -0.35738462 -0.07744792
v 0.62157649 -0.35738462 -0.01553846
v 0.63707691 -0.32630768 -0.40400001
v 0.63707691 -0.34188396 -0.23307693
v 0.63707691 -0.32630768 -0.21720718
v 0.61636567 -0.32630768 -0.07769231
v 0.63707691 -0.35714021 -0.07769231
v 0.62155741 -0.32630768 -0.04661538
v 0.62150431 -0.32630768 -0.01553846
v 0.63707691 -0.29523078 -0.40400758
v 0.63707691 -0.31105512 -0.20200001
v 0.63707691 -0.30109641 -0.17092308
v 0.63707691 -0.29523078 -0.16506906
v 0.62156516 -0.29523078 -0.07769231
v 0.62154227 -0.29523078 -0.04661538
v 0.60676783 -0.29523078 -0.01553846
v 0.63707691 -0.26415384 -0.40400758
v 0.63707691 -0.27967712 -0.13984616
v 0.63707691 -0.27731019 -0.10876923
v 0.62443733 -0.26415384 -0.07769231
v 0.63707691 -0.26415384 -0.09269125
v 0.62152326 -0.26415384 -0.04661538
v 0.62085253 -0.23307693 -0.41953847
v 0.63707691 -0.23307693 -0.39885420
v 0.63707691 -0.25132471 -0.07769231
v 0.63707691 -0.23307693 -0.06234975
v 0.61307788 -0.23307693 -0.04661538
v 0.62160641 -0.20200001 -0.41953847
v 0.63707691 -0.22182004 -0.38846153
v 0.62249702 -0.20200001 -0.38846153
v 0.63707691 -0.20200001 -0.37385896
v 0.63707691 -0.20200001 -0.06245958
v 0.62536985 -0.17092308 -0.38846153
v 0.63707691 -0.17913598 -0.35738462
v 0.62887877 -0.17092308 -0.35738462
v 0.63707691 -0.17092308 -0.34920117
v 0.63707691 -0.18685405 -0.07769231
v 0.63707691 -0.17092308 -0.09337468
v 0.60762841 -0.13984616 -0.38846153
v 0.62353873 -0.13984616 -0.35738462
v 0.63707691 -0.15390874 -0.32630768
v 0.62299937 -0.13984616 -0.32630768
v 0.63253552 -0.13984616 -0.29523078
v 0.63707691 -0.14438753 -0.29523078
v 0.63707691 -0.13984616 -0.28825065
v 0.61738104 -0.13984616 -0.17092308
v 0.63707691 -0.14420004 -0.17092308
v 0.63707691 -0.13984616 -0.17785209
v 0.63707691 -0.15537703 -0.13984616
v 0.63707691 -0.15544555 -0.10876923
v 0.60936713 -0.10876923 -0.32630768
v 0.61402696 -0.10876923 -0.29523078
v 0.63707691 -0.12830439 -0.26415384
v 0.63707691 -0.12549040 -0.23307693
v 0.63707691 -0.12858418 -0.20200001
v 0.66815382 -0.48169231 -0.31269181
v 0.66815382 -0.49724594 -0.29523078
v 0.66815382 -0.49708810 -0.26415384
v 0.66815382 -0.48574296 -0.23307693
v 0.66815382 -0.48169231 -0.22227864
v 0.65907145 -0.48169231 -0.17092308
v 0.66815382 -0.48169231 -0.18488584
v 0.66815382 -0.48749131 -0.17092308
v 0.66815382 -0.48169231 -0.16511945
v 0.64001906 -0.45061538 -0.32630768
v 0.66815382 -0.45061538 -0.34190685
v 0.66815382 -0.46810624 -0.32630768
v 0.66815382 -0.47485352 -0.20200001
v 0.66815382 -0.46574941 -0.13984616
v 0.66815382 -0.45061538 -0.12474235
v 0.66815382 -0.41953847 -0.37294579
v 0.66815382 -0.43514514 -0.35738462
v 0.65369546 -0.41953847 -0.23307693
v 0.66815382 -0.43509203 -0.10876923
v 0.64728743 -0.41953847 -0.10876923
v 0.66815382 -0.43507692 -0.07769231
v 0.64542514 -0.41953847 -0.07769231
v 0.66815382 -0.41953847 -0.04999919
v 0.66815382 -0.38846153 -0.37807563
v 0.66704553 -0.38846153 -0.26415384
v 0.66815382 -0.38846153 -0.26382095
v 0.66815382 -0.40518513 -0.23307693
v 0.64293110 -0.38846153 -0.20200001
v 0.66815382 -0.38846153 -0.21854767
v 0.65708727 -0.38846153 -0.13984616
v 0.66815382 -0.41602615 -0.04661538
v 0.65116978 -0.38846153 -0.04661538
v 0.66815382 -0.38846153 -0.03141775
v 0.66815382 -0.35738462 -0.39492667
v 0.66815382 -0.36806759 -0.38846153
v 0.66815382 -0.35738462 -0.24853252
v 0.66815382 -0.37299562 -0.20200001
v 0.66815382 -0.37290412 -0.17092308
v 0.66815382 -0.37728396 -0.13984616
v 0.64347041 -0.35738462 -0.10876923
v 0.66815382 -0.35738462 -0.12423508
v 0.66815382 -0.36809653 -0.04661538
v 0.66815382 -0.35738462 -0.05704509
v 0.66815382 -0.32630768 -0.39910570
v 0.66815382 -0.34192902 -0.23307693
v 0.66815382 -0.32630768 -0.21740621
v 0.66815382 -0.34195676 -0.10876923
v 0.66815382 -0.34188789 -0.07769231
v 0.66815382 -0.29523078 -0.39762941
v 0.66815382 -0.31081101 -0.20200001
v 0.66815382 -0.29644731 -0.17092308
v 0.66815382 -0.29523078 -0.16970883
v 0.66815382 -0.27254179 -0.38846153
v 0.66397810 -0.26415384 -0.38846153
v 0.66815382 -0.26415384 -0.38429105
v 0.66815382 -0.27966955 -0.13984616
v 0.66263825 -0.26415384 -0.10876923
v 0.66815382 -0.26415384 -0.11302621
v 0.64745611 -0.23307693 -0.38846153
v 0.66815382 -0.23307693 -0.37291169
v 0.66815382 -0.25990760 -0.10876923
v 0.65587747 -0.23307693 -0.07769231
v 0.66815382 -0.23307693 -0.08976748
v 0.66554672 -0.20200001 -0.35738462
v 0.66815382 -0.20460132 -0.35738462
v 0.66815382 -0.20200001 -0.35478678
v 0.65985930 -0.20200001 -0.07769231
v 0.66815382 -0.20200001 -0.08574677
v 0.65879321 -0.17092308 -0.32630768
v 0.66815382 -0.18029012 -0.32630768
v 0.66815382 -0.17092308 -0.31699780
v 0.66815382 -0.17092308 -0.10185077
v 0.66815382 -0.15530910 -0.29523078
v 0.64886475 -0.13984616 -0.26415384
v 0.66815382 -0.15511474 -0.26415384
v 0.65788549 -0.13984616 -0.23307693
v 0.66815382 -0.14908782 -0.23307693
v 0.65628755 -0.13984616 -0.20200001
v 0.66815382 -0.14791562 -0.20200001
v 0.66815382 -0.15397803 -0.17092308
v 0.66815382 -0.15538082 -0.13984616
v 0.66815382 -0.16400461 -0.10876923
v 0.69923079 -0.48169231 -0.29881090
v 0.69923079 -0.48527089 -0.29523078
v 0.69923079 -0.48377001 -0.26415384
v 0.67220962 -0.48169231 -0.23307693
v 0.69923079 -0.48169231 -0.26207331
v 0.67388922 -0.48169231 -0.17092308
v 0.69923079 -0.45061538 -0.34214780
v 0.69923079 -0.46617281 -0.32630768
v 0.69652998 -0.45061538 -0.23307693
v 0.69923079 -0.45061538 -0.23578499
v 0.69923079 -0.46611598 -0.20200001
v 0.69923079 -0.45061538 -0.23036642
v 0.69923079 -0.46602201 -0.17092308
v 0.69818991 -0.45061538 -0.13984616
v 0.69923079 -0.45061538 -0.14083824
v 0.69923079 -0.41953847 -0.37293068
v 0.69923079 -0.43539375 -0.35738462
v 0.69923079 -0.44790730 -0.23307693
v 0.69923079 -0.44962937 -0.13984616
v 0.69923079 -0.43517467 -0.10876923
v 0.69923079 -0.43506175 -0.07769231
v 0.69923079 -0.41953847 -0.05805567
v 0.69923079 -0.38846153 -0.37305704
v 0.68523937 -0.38846153 -0.23307693
v 0.69923079 -0.40630382 -0.04661538
v 0.69923079 -0.38846153 -0.03297412
v 0.67636728 -0.35738462 -0.38846153
v 0.69923079 -0.35738462 -0.37532809
v 0.69923079 -0.37554827 -0.23307693
v 0.69923079 -0.35738462 -0.25049973
v 0.69923079 -0.36278328 -0.20200001
v 0.69923079 -0.36329493 -0.17092308
v 0.69923079 -0.36710101 -0.13984616
v 0.69923079 -0.35738462 -0.13012975
v 0.69351423 -0.35738462 -0.04661538
v 0.69923079 -0.35738462 -0.04344271
v 0.68055218 -0.32630768 -0.38846153
v 0.69923079 -0.32630768 -0.37478158
v 0.69923079 -0.34191415 -0.23307693
v 0.69923079 -0.32630768 -0.21641764
v 0.69923079 -0.33928585 -0.10876923
v 0.69923079 -0.33520308 -0.07769231
v 0.69923079 -0.35421753 -0.04661538
v 0.67727166 -0.29523078 -0.38846153
v 0.69923079 -0.29523078 -0.37284762
v 0.69923079 -0.31182995 -0.20200001
v 0.69923079 -0.30343881 -0.17092308
v 0.69923079 -0.29523078 -0.16284254
v 0.69923079 -0.26415384 -0.37289268
v 0.69923079 -0.27951235 -0.13984616
v 0.69923079 -0.26415384 -0.11426001
v 0.69923079 -0.23311374 -0.35738462
v 0.69919401 -0.23307693 -0.35738462
v 0.69923079 -0.23307693 -0.35734794
v 0.69923079 -0.25867191 -0.10876923
v 0.69923079 -0.23307693 -0.09320422
v 0.69923079 -0.20200001 -0.33357310
v 0.69923079 -0.20200001 -0.09321180
v 0.69923079 -0.19472915 -0.32630768
v 0.68585831 -0.17092308 -0.29523078
v 0.69923079 -0.18436222 -0.29523078
v 0.69923079 -0.17092308 -0.27724552
v 0.67799282 -0.17092308 -0.10876923
v 0.69923079 -0.18278776 -0.10876923
v 0.69923079 -0.17092308 -0.12066267
v 0.69923079 -0.15982558 -0.26415384
v 0.69923079 -0.15539220 -0.23307693
v 0.69923079 -0.15538462 -0.20200001
v 0.69923079 -0.15538841 -0.17092308
v 0.69923079 -0.15540364 -0.13984616
v 0.70280004 -0.48169231 -0.29523078
v 0.70131034 -0.48169231 -0.26415384
v 0.73030770 -0.45061538 -0.32990679
v 0.73030770 -0.45421600 -0.32630768
v 0.73030770 -0.46458042 -0.29523078
v 0.73030770 -0.45061538 -0.27448392
v 0.72132224 -0.45061538 -0.26415384
v 0.73030770 -0.45061538 -0.20793243
v 0.73030770 -0.45653844 -0.20200001
v 0.72534370 -0.45061538 -0.17092308
v 0.73030770 -0.45061538 -0.18479349
v 0.73030770 -0.41953847 -0.36561903
v 0.73030770 -0.42777881 -0.35738462
v 0.73030770 -0.43588591 -0.26415384
v 0.73030770 -0.43510726 -0.23307693
v 0.73030770 -0.44565138 -0.17092308
v 0.73006314 -0.41953847 -0.13984616
v 0.73030770 -0.41953847 -0.14009233
v 0.71923083 -0.41953847 -0.10876923
v 0.71810949 -0.41953847 -0.07769231
v 0.73030770 -0.38846153 -0.37288886
v 0.73030770 -0.41929382 -0.13984616
v 0.73030770 -0.40835774 -0.10876923
v 0.73030770 -0.40734747 -0.07769231
v 0.71583891 -0.38846153 -0.04661538
v 0.73030770 -0.38846153 -0.05923363
v 0.73030770 -0.35738462 -0.37291548
v 0.71512228 -0.35738462 -0.23307693
v 0.70463377 -0.35738462 -0.20200001
v 0.70515513 -0.35738462 -0.17092308
v 0.71231693 -0.35738462 -0.13984616
v 0.73030770 -0.35953599 -0.04661538
v 0.73030770 -0.35738462 -0.04511319
v 0.73030770 -0.32630768 -0.37288886
v 0.71389186 -0.32630768 -0.20200001
v 0.73030770 -0.32630768 -0.18665317
v 0.73030770 -0.34189174 -0.17092308
v 0.72716624 -0.32630768 -0.13984616
v 0.73030770 -0.32630768 -0.14298752
v 0.71222740 -0.32630768 -0.10876923
v 0.70812303 -0.32630768 -0.07769231
v 0.73030770 -0.32630768 -0.06168463
v 0.73030770 -0.35579148 -0.04661538
v 0.73030770 -0.29523078 -0.37216803
v 0.73030770 -0.30986789 -0.17092308
v 0.71499485 -0.29523078 -0.13984616
v 0.71470463 -0.29523078 -0.10876923
v 0.71662700 -0.29523078 -0.07769231
v 0.73030770 -0.29523078 -0.06400789
v 0.73030770 -0.26948044 -0.35738462
v 0.72538054 -0.26415384 -0.35738462
v 0.73030770 -0.26415384 -0.35247371
v 0.70472598 -0.26415384 -0.10876923
v 0.73030770 -0.26415384 -0.08597130
v 0.73030770 -0.27397108 -0.07769231
v 0.73030770 -0.23307693 -0.34041101
v 0.73030770 -0.23307693 -0.09323456
v 0.73030770 -0.21897362 -0.32630768
v 0.70649070 -0.20200001 -0.32630768
v 0.73030770 -0.20200001 -0.30113956
v 0.73030770 -0.20200001 -0.09313635
v 0.73030770 -0.19608660 -0.29523078
v 0.71029699 -0.17092308 -0.26415384
v 0.73030770 -0.18651080 -0.26415384
v 0.72643054 -0.17092308 -0.23307693
v 0.73030770 -0.17479691 -0.23307693
v 0.73030770 -0.17092308 -0.22783901
v 0.73030770 -0.18639366 -0.10876923
v 0.73030770 -0.17092308 -0.13217099
v 0.73030770 -0.15810360 -0.20200001
v 0.73030770 -0.15589799 -0.17092308
v 0.73030770 -0.16321401 -0.13984616
v 0.73390675 -0.45061538 -0.32630768
v 0.74427265 -0.45061538 -0.29523078
v 0.73622137 -0.45061538 -0.20200001
v 0.73854804 -0.41953847 -0.35738462
v 0.74584997 -0.41953847 -0.32630768
v 0.74583095 -0.41953847 -0.29523078
v 0.73996669 -0.41953847 -0.26415384
v 0.76138461 -0.41953847 -0.23873687
v 0.76138461 -0.42520291 -0.23307693
v 0.76138461 -0.43504277 -0.20200001
v 0.76138461 -0.42870265 -0.17092308
v 0.76138461 -0.41953847 -0.16174625
v 0.74583095 -0.38846153 -0.35738462
v 0.75850528 -0.38846153 -0.32630768
v 0.75505328 -0.38846153 -0.29523078
v 0.73380178 -0.38846153 -0.26415384
v 0.76138461 -0.38846153 -0.24966045
v 0.75379086 -0.38846153 -0.13984616
v 0.76138461 -0.38846153 -0.14747076
v 0.76138461 -0.38846153 -0.12483221
v 0.76138461 -0.39648139 -0.10876923
v 0.76057732 -0.38846153 -0.07769231
v 0.76138461 -0.38846153 -0.07990669
v 0.74913043 -0.35738462 -0.35738462
v 0.76138461 -0.35738462 -0.34527388
v 0.76138461 -0.38562986 -0.32630768
v 0.76138461 -0.38117224 -0.29523078
v 0.76138461 -0.36853799 -0.26415384
v 0.76138461 -0.38093409 -0.13984616
v 0.76138461 -0.38765493 -0.07769231
v 0.73265237 -0.35738462 -0.04661538
v 0.76138461 -0.35738462 -0.05853786
v 0.75336242 -0.32630768 -0.35738462
v 0.76138461 -0.32630768 -0.34937990
v 0.74746400 -0.32630768 -0.17092308
v 0.76138461 -0.32630768 -0.05840580
v 0.74709141 -0.29523078 -0.35738462
v 0.76138461 -0.29523078 -0.34383127
v 0.76138461 -0.29523078 -0.06215385
v 0.76138461 -0.26415384 -0.34186134
v 0.74572676 -0.26415384 -0.07769231
v 0.76138461 -0.26415384 -0.06932565
v 0.76138461 -0.24864562 -0.32630768
v 0.74437356 -0.23307693 -0.32630768
v 0.76138461 -0.23307693 -0.31069347
v 0.76138461 -0.25573614 -0.07769231
v 0.76138461 -0.23307693 -0.09317742
v 0.73622113 -0.20200001 -0.29523078
v 0.76138461 -0.21756887 -0.29523078
v 0.75545228 -0.20200001 -0.26415384
v 0.76138461 -0.20792058 -0.26415384
v 0.76138461 -0.20200001 -0.25823796
v 0.76138461 -0.20200001 -0.09585533
v 0.76138461 -0.18646154 -0.23307693
v 0.74324590 -0.17092308 -0.20200001
v 0.76138461 -0.18633161 -0.20200001
v 0.75115621 -0.17092308 -0.17092308
v 0.76138461 -0.18069662 -0.17092308
v 0.74019647 -0.17092308 -0.13984616
v 0.76138461 -0.18375613 -0.13984616
v 0.76138461 -0.18909712 -0.10876923
v 0.76706487 -0.41953847 -0.23307693
v 0.77842903 -0.41953847 -0.20200001
v 0.77054250 -0.41953847 -0.17092308
v 0.79246151 -0.38846153 -0.24860021
v 0.79246151 -0.40400758 -0.23307693
v 0.79246151 -0.40552467 -0.20200001
v 0.79246151 -0.40351135 -0.17092308
v 0.79246151 -0.38846153 -0.15586568
v 0.76938999 -0.38846153 -0.10876923
v 0.77707732 -0.35738462 -0.32630768
v 0.77552933 -0.35738462 -0.29523078
v 0.78136760 -0.35738462 -0.26415384
v 0.79246151 -0.35738462 -0.25751582
v 0.77738410 -0.35738462 -0.13984616
v 0.79246151 -0.35738462 -0.15503620
v 0.79246151 -0.35738462 -0.12459150
v 0.79246151 -0.37285846 -0.10876923
v 0.79246151 -0.36823043 -0.07769231
v 0.79246151 -0.35738462 -0.06683955
v 0.77697641 -0.32630768 -0.32630768
v 0.77897114 -0.32630768 -0.29523078
v 0.79246151 -0.32630768 -0.28175524
v 0.79246151 -0.35075933 -0.26415384
v 0.79246151 -0.33275411 -0.13984616
v 0.79246151 -0.32630768 -0.06223778
v 0.78815740 -0.29523078 -0.32630768
v 0.79246151 -0.29523078 -0.32200715
v 0.79246151 -0.31282470 -0.29523078
v 0.77600574 -0.29523078 -0.17092308
v 0.79246151 -0.31472740 -0.17092308
v 0.79246151 -0.29523078 -0.18648803
v 0.79246151 -0.29523078 -0.15523180
v 0.79246151 -0.29523078 -0.07401931
v 0.77789575 -0.26415384 -0.32630768
v 0.79246151 -0.26415384 -0.31172681
v 0.79246151 -0.27206126 -0.17092308
v 0.76991564 -0.26415384 -0.07769231
v 0.79246151 -0.29147029 -0.07769231
v 0.79246151 -0.26415384 -0.09301560
v 0.77822179 -0.23307693 -0.29523078
v 0.79246151 -0.24728657 -0.29523078
v 0.79246151 -0.23307693 -0.27865067
v 0.79246151 -0.23307693 -0.09807783
v 0.79246151 -0.21990280 -0.26415384
v 0.77691549 -0.20200001 -0.23307693
v 0.79246151 -0.21755743 -0.23307693
v 0.78688806 -0.20200001 -0.20200001
v 0.79246151 -0.20758460 -0.20200001
v 0.79246151 -0.20200001 -0.19477881
v 0.77571565 -0.20200001 -0.10876923
v 0.79246151 -0.22105439 -0.10876923
v 0.79246151 -0.20200001 -0.12445541
v 0.79246151 -0.18896322 -0.17092308
v 0.79246151 -0.18806261 -0.13984616
v 0.80795068 -0.38846153 -0.23307693
v 0.81493527 -0.38846153 -0.20200001
v 0.80751890 -0.38846153 -0.17092308
v 0.81870240 -0.35738462 -0.23307693
v 0.82353848 -0.35738462 -0.22629721
v 0.82353848 -0.37705505 -0.20200001
v 0.82353848 -0.35738462 -0.18668802
v 0.81097770 -0.35738462 -0.17092308
v 0.80794299 -0.35738462 -0.10876923
v 0.80332124 -0.35738462 -0.07769231
v 0.80799240 -0.32630768 -0.26415384
v 0.82353848 -0.32630768 -0.23835272
v 0.82353848 -0.34267938 -0.23307693
v 0.82353848 -0.32630768 -0.21282507
v 0.82046568 -0.32630768 -0.20200001
v 0.82353848 -0.33073318 -0.20200001
v 0.80408442 -0.32630768 -0.17092308
v 0.79869151 -0.32630768 -0.13984616
v 0.80800378 -0.32630768 -0.10876923
v 0.80791605 -0.32630768 -0.07769231
v 0.80801898 -0.29523078 -0.29523078
v 0.81837314 -0.29523078 -0.26415384
v 0.82353848 -0.29523078 -0.23762210
v 0.80785334 -0.29523078 -0.20200001
v 0.82353848 -0.29523078 -0.23206878
v 0.80787373 -0.29523078 -0.13984616
v 0.80800003 -0.29523078 -0.10876923
v 0.79613775 -0.29523078 -0.07769231
v 0.80803037 -0.26415384 -0.29523078
v 0.81692648 -0.26415384 -0.26415384
v 0.82353848 -0.29363143 -0.23307693
v 0.81153417 -0.26415384 -0.23307693
v 0.80747598 -0.26415384 -0.20200001
v 0.80039197 -0.26415384 -0.17092308
v 0.80803037 -0.26415384 -0.13984616
v 0.80800003 -0.26415384 -0.10876923
v 0.80565047 -0.23307693 -0.26415384
v 0.80800760 -0.23307693 -0.23307693
v 0.80798864 -0.23307693 -0.20200001
v 0.80803037 -0.23307693 -0.17092308
v 0.80801898 -0.23307693 -0.13984616
v 0.80313927 -0.23307693 -0.10876923
v 0.80550575 -0.20200001 -0.17092308
v 0.80641013 -0.20200001 -0.13984616
v 0.83588153 -0.35738462 -0.20200001
v 0.82881850 -0.32630768 -0.23307693
v 0.82456177 -0.29523078 -0.23307693
f 1 2 3
f 3 4 1
f 1 5 2
f 4 5 1
f 6 7 8
f 8 9 6
f 10 7 6
f 11 7 10
f 12 6 9
f 12 13 6
f 13 10 6
f 12 14 13
f 15 11 10
f 16 11 15
f 13 17 10
f 17 15 10
f 18 13 14
f 18 19 13
f 19 17 13
f 18 20 19
f 15 21 16
f 21 22 23
f 21 15 22
f 15 17 22
f 19 24 17
f 24 22 17
f 2 25 3
f 2 19 25
f 2 24 19
f 20 25 19
f 25 4 3
f 26 4 25
f 22 27 23
f 27 28 29
f 27 22 28
f 22 24 28
f 2 5 30
f 2 30 24
f 24 30 28
f 31 4 26
f 31 30 4
f 31 32 30
f 30 5 4
f 32 33 34
f 31 33 32
f 33 35 34
f 36 29 28
f 37 29 36
f 30 38 28
f 38 36 28
f 32 39 30
f 39 38 30
f 34 40 32
f 40 39 32
f 41 34 35
f 41 42 34
f 42 40 34
f 41 43 42
f 36 44 37
f 38 44 36
f 45 44 38
f 39 45 38
f 46 45 39
f 40 46 39
f 47 46 40
f 42 47 40
f 48 47 42
f 43 48 42
f 49 50 51
f 49 52 53
f 51 52 49
f 52 54 53
f 55 50 49
f 56 50 55
f 8 7 55
f 8 55 53
f 53 55 49
f 9 57 58
f 8 57 9
f 8 54 57
f 8 53 54
f 57 59 58
f 60 56 55
f 61 56 60
f 7 11 60
f 55 7 60
f 9 58 12
f 14 62 63
f 12 62 14
f 12 59 62
f 12 58 59
f 62 64 63
f 60 65 61
f 65 60 11
f 65 11 66
f 66 11 16
f 14 63 18
f 20 67 68
f 18 67 20
f 18 64 67
f 18 63 64
f 67 69 68
f 70 16 21
f 70 71 16
f 71 66 16
f 21 23 70
f 20 68 25
f 26 72 73
f 25 72 26
f 25 69 72
f 25 68 69
f 72 74 73
f 75 71 70
f 76 71 75
f 23 27 77
f 23 77 70
f 70 77 75
f 27 29 77
f 26 73 31
f 73 74 78
f 73 78 31
f 31 78 33
f 78 35 33
f 79 35 78
f 80 76 75
f 81 76 80
f 77 82 75
f 82 80 75
f 29 37 82
f 77 29 82
f 35 79 83
f 41 35 83
f 43 84 85
f 43 41 84
f 41 83 84
f 84 86 85
f 80 87 81
f 87 88 89
f 87 80 88
f 80 82 88
f 37 44 90
f 37 90 82
f 82 90 88
f 44 45 91
f 90 44 91
f 45 46 92
f 91 45 92
f 46 47 93
f 92 46 93
f 47 48 94
f 93 47 94
f 48 95 94
f 43 95 48
f 43 96 95
f 43 85 96
f 86 96 85
f 88 97 89
f 90 97 88
f 98 97 90
f 98 99 100
f 98 90 99
f 90 91 99
f 92 101 91
f 101 99 91
f 102 93 103
f 102 101 93
f 101 92 93
f 94 103 93
f 104 103 94
f 95 104 94
f 99 105 100
f 101 105 99
f 106 105 101
f 102 106 101
f 107 108 109
f 107 110 111
f 109 110 107
f 110 112 111
f 113 108 107
f 114 108 113
f 111 115 107
f 115 113 107
f 116 111 112
f 116 117 111
f 117 115 111
f 116 118 117
f 119 120 121
f 114 119 121
f 114 113 119
f 113 122 119
f 115 123 113
f 123 122 113
f 117 124 115
f 124 123 115
f 125 117 118
f 124 117 125
f 119 126 120
f 126 127 128
f 126 119 127
f 119 122 127
f 129 123 130
f 129 127 123
f 127 122 123
f 124 130 123
f 131 130 124
f 125 131 124
f 127 132 128
f 129 132 127
f 133 134 135
f 135 136 133
f 51 134 133
f 51 50 134
f 50 137 134
f 133 136 138
f 133 138 51
f 51 138 52
f 138 54 52
f 139 54 138
f 50 56 137
f 137 56 140
f 54 139 141
f 57 54 141
f 141 59 57
f 142 59 141
f 56 61 140
f 140 61 143
f 59 142 144
f 62 59 144
f 144 64 62
f 145 64 144
f 146 61 65
f 146 147 61
f 147 143 61
f 65 66 146
f 64 145 148
f 67 64 148
f 148 69 67
f 149 69 148
f 150 147 146
f 151 147 150
f 66 71 150
f 146 66 150
f 69 149 152
f 72 69 152
f 74 153 154
f 74 72 153
f 72 152 153
f 153 155 154
f 156 151 150
f 157 151 156
f 71 76 156
f 150 71 156
f 74 154 78
f 79 158 159
f 78 158 79
f 78 155 158
f 78 154 155
f 158 160 159
f 161 157 156
f 162 157 161
f 76 81 161
f 156 76 161
f 79 159 83
f 159 160 163
f 159 163 83
f 83 163 84
f 163 86 84
f 164 86 163
f 161 165 162
f 166 167 165
f 87 166 165
f 87 165 161
f 87 161 81
f 87 89 166
f 96 168 95
f 96 169 168
f 96 86 169
f 86 164 169
f 166 170 167
f 171 172 170
f 97 171 170
f 97 170 166
f 97 166 89
f 97 98 173
f 171 97 173
f 98 100 173
f 103 174 102
f 103 104 175
f 174 103 175
f 104 176 175
f 95 176 104
f 95 177 176
f 95 168 177
f 169 177 168
f 178 179 180
f 178 181 182
f 180 181 178
f 181 183 182
f 171 184 172
f 173 184 171
f 185 184 173
f 186 187 185
f 105 186 185
f 105 185 173
f 105 173 100
f 105 106 188
f 186 105 188
f 106 102 174
f 106 174 188
f 188 174 189
f 190 175 191
f 190 189 175
f 189 174 175
f 176 191 175
f 192 179 178
f 193 179 192
f 182 194 178
f 194 192 178
f 195 182 183
f 194 182 195
f 186 196 187
f 188 196 186
f 197 196 188
f 189 197 188
f 198 197 189
f 190 198 189
f 199 200 201
f 193 199 201
f 192 199 193
f 192 108 199
f 192 109 108
f 110 109 192
f 194 110 192
f 112 202 203
f 110 202 112
f 110 195 202
f 110 194 195
f 202 204 203
f 205 200 199
f 206 200 205
f 108 114 205
f 199 108 205
f 112 203 116
f 118 207 208
f 116 207 118
f 116 204 207
f 116 203 204
f 207 209 208
f 210 211 212
f 206 210 212
f 205 210 206
f 205 120 210
f 205 121 120
f 114 121 205
f 208 213 125
f 118 208 125
f 214 208 209
f 213 208 214
f 215 211 210
f 216 211 215
f 120 126 217
f 120 217 210
f 210 217 215
f 126 128 217
f 130 218 129
f 130 131 219
f 218 130 219
f 131 220 219
f 125 220 131
f 125 221 220
f 125 213 221
f 214 221 213
f 222 216 215
f 223 216 222
f 217 224 215
f 224 222 215
f 128 132 225
f 128 225 217
f 217 225 224
f 132 129 218
f 132 218 225
f 225 218 226
f 227 219 228
f 227 226 219
f 226 218 219
f 220 228 219
f 229 230 231
f 231 232 229
f 233 223 222
f 234 223 233
f 224 235 222
f 235 233 222
f 236 225 237
f 236 235 225
f 235 224 225
f 226 237 225
f 238 237 226
f 227 238 226
f 239 230 229
f 240 230 239
f 241 229 232
f 241 242 229
f 242 239 229
f 234 242 241
f 234 233 242
f 233 243 242
f 244 235 245
f 244 243 235
f 243 233 235
f 236 245 235
f 239 246 240
f 246 247 248
f 246 239 247
f 239 242 247
f 243 249 242
f 249 247 242
f 250 243 244
f 249 243 250
f 247 251 248
f 249 251 247
f 252 251 249
f 250 252 249
f 253 254 255
f 255 256 253
f 257 254 253
f 258 254 257
f 134 259 135
f 134 253 259
f 134 257 253
f 256 259 253
f 259 136 135
f 260 136 259
f 261 258 257
f 262 258 261
f 134 137 261
f 257 134 261
f 136 260 263
f 138 136 263
f 139 264 265
f 139 138 264
f 138 263 264
f 264 266 265
f 267 262 261
f 268 262 267
f 137 140 267
f 261 137 267
f 139 265 141
f 142 269 270
f 141 269 142
f 141 266 269
f 141 265 266
f 269 271 270
f 272 268 267
f 273 268 272
f 140 143 272
f 267 140 272
f 142 270 144
f 145 274 275
f 144 274 145
f 144 271 274
f 144 270 271
f 274 276 275
f 277 273 272
f 278 273 277
f 143 147 277
f 272 143 277
f 145 275 148
f 149 279 280
f 148 279 149
f 148 276 279
f 148 275 276
f 279 281 280
f 282 278 277
f 283 278 282
f 147 151 282
f 277 147 282
f 149 280 152
f 280 281 284
f 280 284 152
f 152 284 153
f 284 155 153
f 285 155 284
f 286 283 282
f 287 283 286
f 151 157 286
f 282 151 286
f 155 285 288
f 158 155 288
f 288 160 158
f 289 160 288
f 286 290 287
f 290 286 157
f 290 157 291
f 291 157 162
f 160 289 292
f 163 160 292
f 164 293 294
f 164 163 293
f 163 292 293
f 293 295 294
f 296 297 298
f 296 299 300
f 298 299 296
f 165 301 300
f 165 300 291
f 165 291 162
f 299 291 300
f 165 167 301
f 294 302 169
f 164 294 169
f 303 294 295
f 302 294 303
f 304 297 296
f 305 297 304
f 300 306 296
f 306 304 296
f 301 307 300
f 307 306 300
f 167 307 301
f 167 308 307
f 167 170 308
f 308 309 307
f 308 170 172
f 310 308 172
f 177 311 176
f 177 312 311
f 169 312 177
f 169 313 312
f 169 302 313
f 303 313 302
f 314 305 304
f 315 305 314
f 180 179 314
f 180 314 306
f 306 314 304
f 181 180 306
f 307 181 306
f 307 183 181
f 307 309 183
f 309 316 183
f 172 317 310
f 184 317 172
f 318 319 317
f 318 317 185
f 185 317 184
f 185 187 318
f 191 320 190
f 191 321 320
f 176 321 191
f 176 322 321
f 176 311 322
f 312 322 311
f 323 315 314
f 324 315 323
f 179 193 323
f 314 179 323
f 183 316 195
f 316 325 195
f 318 326 319
f 187 326 318
f 187 196 326
f 196 327 326
f 197 328 196
f 196 328 327
f 198 329 197
f 197 329 328
f 320 198 190
f 320 330 198
f 330 329 198
f 321 330 320
f 201 324 323
f 201 200 324
f 200 331 324
f 193 201 323
f 195 325 332
f 202 195 332
f 204 333 334
f 204 202 333
f 202 332 333
f 333 335 334
f 336 337 338
f 336 338 331
f 336 331 206
f 206 331 200
f 204 334 207
f 209 339 340
f 207 339 209
f 207 335 339
f 207 334 335
f 339 341 340
f 212 337 336
f 212 211 337
f 211 342 337
f 206 212 336
f 340 343 214
f 209 340 214
f 344 340 341
f 344 345 340
f 345 343 340
f 344 346 345
f 347 348 349
f 347 349 342
f 347 342 216
f 216 342 211
f 221 350 220
f 221 214 343
f 221 343 350
f 350 343 351
f 352 345 353
f 352 351 345
f 351 343 345
f 346 353 345
f 354 355 356
f 348 354 356
f 348 347 354
f 347 357 354
f 216 223 357
f 347 216 357
f 228 358 227
f 228 220 350
f 228 350 358
f 358 350 359
f 360 351 361
f 360 359 351
f 359 350 351
f 352 361 351
f 362 363 364
f 355 362 364
f 354 362 355
f 354 230 362
f 354 231 230
f 232 231 354
f 232 354 365
f 365 354 357
f 223 234 365
f 357 223 365
f 237 366 236
f 237 238 367
f 366 237 367
f 238 368 367
f 227 368 238
f 227 369 368
f 227 358 369
f 359 369 358
f 370 369 359
f 360 370 359
f 371 363 362
f 372 363 371
f 230 240 371
f 362 230 371
f 232 365 241
f 234 241 365
f 245 373 244
f 245 236 366
f 245 366 373
f 373 366 374
f 375 367 376
f 375 374 367
f 374 366 367
f 368 376 367
f 377 372 371
f 378 372 377
f 240 246 379
f 240 379 371
f 371 379 377
f 246 248 379
f 373 380 250
f 244 373 250
f 381 374 382
f 381 380 374
f 380 373 374
f 375 382 374
f 377 383 378
f 383 384 385
f 383 377 384
f 377 379 384
f 248 251 386
f 248 386 379
f 379 386 384
f 251 252 387
f 386 251 387
f 252 250 380
f 252 380 387
f 387 380 388
f 389 380 381
f 389 390 380
f 390 388 380
f 389 391 390
f 384 392 385
f 392 393 394
f 392 384 393
f 384 386 393
f 387 395 386
f 395 393 386
f 388 396 387
f 396 395 387
f 397 390 398
f 397 396 390
f 396 388 390
f 391 398 390
f 393 399 394
f 395 399 393
f 400 399 395
f 396 400 395
f 401 400 396
f 397 401 396
f 255 402 403
f 254 402 255
f 256 404 405
f 256 255 404
f 255 403 404
f 404 406 405
f 407 408 409
f 407 409 402
f 407 402 258
f 258 402 254
f 256 405 259
f 260 410 411
f 259 410 260
f 259 406 410
f 259 405 406
f 410 412 411
f 413 408 407
f 414 408 413
f 258 262 413
f 407 258 413
f 260 411 263
f 411 412 415
f 411 415 263
f 263 415 264
f 415 266 264
f 416 266 415
f 417 414 413
f 418 414 417
f 262 268 417
f 413 262 417
f 266 416 419
f 269 266 419
f 419 271 269
f 420 271 419
f 421 418 417
f 422 418 421
f 268 273 421
f 417 268 421
f 271 420 423
f 274 271 423
f 276 424 425
f 276 274 424
f 274 423 424
f 424 426 425
f 427 422 421
f 428 422 427
f 273 278 427
f 421 273 427
f 276 425 279
f 281 429 430
f 279 429 281
f 279 426 429
f 279 425 426
f 429 431 430
f 427 432 428
f 432 427 278
f 432 278 433
f 433 278 283
f 281 430 284
f 285 434 435
f 284 434 285
f 284 431 434
f 284 430 431
f 434 436 435
f 283 287 433
f 433 287 437
f 285 435 288
f 289 438 439
f 288 438 289
f 288 436 438
f 288 435 436
f 438 440 439
f 287 441 437
f 290 441 287
f 441 290 291
f 442 441 291
f 289 439 292
f 439 440 443
f 439 443 292
f 292 443 293
f 443 295 293
f 444 295 443
f 298 445 446
f 297 445 298
f 299 298 447
f 298 446 447
f 442 291 299
f 447 442 299
f 448 449 303
f 448 303 444
f 444 303 295
f 448 450 449
f 297 305 445
f 445 305 451
f 308 452 309
f 308 310 452
f 313 453 312
f 313 454 453
f 303 454 313
f 303 455 454
f 303 449 455
f 450 455 449
f 305 315 451
f 451 315 456
f 452 457 316
f 309 452 316
f 310 317 458
f 310 458 452
f 452 458 457
f 317 319 458
f 322 459 321
f 322 460 459
f 312 460 322
f 312 461 460
f 312 453 461
f 454 461 453
f 462 324 463
f 462 456 324
f 456 315 324
f 462 463 464
f 457 465 325
f 316 457 325
f 458 466 457
f 466 465 457
f 319 326 467
f 319 467 458
f 458 467 466
f 468 467 326
f 468 326 469
f 469 326 327
f 470 471 469
f 470 469 328
f 328 469 327
f 328 329 472
f 470 328 472
f 473 472 329
f 473 329 474
f 474 329 330
f 459 330 321
f 459 475 330
f 475 474 330
f 460 475 459
f 463 331 476
f 324 331 463
f 477 464 463
f 476 477 463
f 325 465 332
f 333 332 465
f 466 333 465
f 335 333 466
f 335 466 478
f 478 466 467
f 479 467 468
f 478 467 479
f 470 480 471
f 472 480 470
f 481 480 472
f 473 481 472
f 338 482 483
f 337 482 338
f 476 331 338
f 476 338 484
f 484 338 483
f 477 476 484
f 335 478 339
f 341 485 486
f 339 485 341
f 339 479 485
f 339 478 479
f 485 487 486
f 488 489 490
f 488 490 482
f 488 482 342
f 342 482 337
f 341 486 344
f 486 346 344
f 486 487 346
f 487 491 346
f 349 489 488
f 349 348 489
f 348 492 489
f 342 349 488
f 353 493 352
f 353 494 493
f 353 346 494
f 346 491 494
f 495 496 497
f 495 356 355
f 495 497 356
f 497 498 356
f 492 348 356
f 498 492 356
f 361 499 360
f 361 500 499
f 352 500 361
f 352 501 500
f 352 493 501
f 494 501 493
f 364 496 495
f 364 363 496
f 363 502 496
f 355 364 495
f 369 503 368
f 369 370 504
f 503 369 504
f 370 505 504
f 360 505 370
f 360 506 505
f 360 499 506
f 500 506 499
f 363 372 502
f 502 372 507
f 376 508 375
f 376 509 508
f 368 509 376
f 368 510 509
f 368 503 510
f 504 510 503
f 511 510 504
f 505 511 504
f 372 378 507
f 507 378 512
f 382 513 381
f 382 514 513
f 375 514 382
f 375 515 514
f 375 508 515
f 509 515 508
f 516 517 518
f 383 519 516
f 383 516 512
f 383 512 378
f 518 512 516
f 383 385 519
f 381 513 389
f 513 391 389
f 513 514 391
f 514 520 391
f 516 521 517
f 521 522 523
f 521 516 522
f 516 519 522
f 385 392 524
f 385 524 519
f 519 524 522
f 392 394 524
f 398 525 397
f 398 526 525
f 398 391 526
f 391 520 526
f 522 527 523
f 527 528 529
f 527 522 528
f 522 524 528
f 394 528 524
f 394 530 528
f 394 399 530
f 530 531 528
f 532 533 530
f 532 530 400
f 400 530 399
f 400 401 534
f 532 400 534
f 401 535 534
f 397 535 401
f 397 536 535
f 397 525 536
f 526 536 525
f 528 537 529
f 531 537 528
f 532 538 533
f 534 538 532
f 539 538 534
f 535 539 534
f 540 541 542
f 540 543 544
f 542 543 540
f 543 545 544
f 546 541 540
f 547 541 546
f 403 402 546
f 403 546 544
f 544 546 540
f 544 545 548
f 544 548 403
f 403 548 404
f 548 406 404
f 549 406 548
f 409 547 546
f 409 408 547
f 408 550 547
f 402 409 546
f 406 549 551
f 410 406 551
f 412 552 553
f 412 410 552
f 410 551 552
f 552 554 553
f 408 414 550
f 550 414 555
f 412 553 415
f 416 556 557
f 415 556 416
f 415 554 556
f 415 553 554
f 556 558 557
f 414 418 555
f 555 418 559
f 416 557 419
f 420 560 561
f 419 560 420
f 419 558 560
f 419 557 558
f 560 562 561
f 418 422 559
f 559 422 563
f 420 561 423
f 561 562 564
f 561 564 423
f 423 564 424
f 564 426 424
f 565 426 564
f 422 428 563
f 563 428 566
f 426 565 567
f 429 426 567
f 567 431 429
f 568 431 567
f 428 569 566
f 432 569 428
f 569 432 433
f 570 569 433
f 431 568 571
f 434 431 571
f 436 572 573
f 436 434 572
f 434 571 572
f 572 574 573
f 433 437 570
f 570 437 575
f 436 573 438
f 440 576 577
f 438 576 440
f 438 574 576
f 438 573 574
f 576 578 577
f 437 579 575
f 441 579 437
f 579 441 442
f 580 579 442
f 440 577 443
f 444 581 582
f 443 581 444
f 443 578 581
f 443 577 578
f 581 583 582
f 446 584 585
f 445 584 446
f 447 446 586
f 446 585 586
f 580 442 447
f 586 580 447
f 444 582 448
f 582 450 448
f 582 583 450
f 583 587 450
f 445 451 584
f 584 451 588
f 455 589 590
f 454 455 590
f 587 455 450
f 589 455 587
f 591 456 592
f 591 588 456
f 588 451 456
f 591 592 593
f 594 595 596
f 595 594 597
f 461 598 599
f 460 461 599
f 590 461 454
f 598 461 590
f 456 462 592
f 464 600 601
f 462 464 601
f 462 601 593
f 462 593 592
f 596 601 600
f 596 600 594
f 594 600 602
f 603 597 594
f 602 603 594
f 469 604 468
f 469 471 604
f 474 605 473
f 606 605 474
f 606 474 607
f 607 474 475
f 599 475 460
f 607 475 599
f 600 477 608
f 464 477 600
f 602 600 609
f 609 600 608
f 610 603 602
f 609 610 602
f 604 611 479
f 468 604 479
f 471 611 604
f 471 612 611
f 471 480 612
f 612 613 611
f 481 614 480
f 480 614 612
f 605 481 473
f 605 615 481
f 615 614 481
f 606 615 605
f 483 482 616
f 617 483 616
f 617 618 483
f 618 484 483
f 608 477 484
f 608 484 619
f 619 484 618
f 609 608 619
f 620 609 619
f 610 609 620
f 479 611 485
f 611 487 485
f 611 613 487
f 613 621 487
f 490 622 623
f 489 622 490
f 616 482 490
f 616 490 624
f 624 490 623
f 617 616 624
f 487 621 491
f 621 625 491
f 626 627 628
f 626 629 630
f 628 629 626
f 630 629 622
f 630 622 492
f 492 622 489
f 491 625 494
f 625 631 494
f 632 633 634
f 627 632 634
f 626 632 627
f 626 496 632
f 626 497 496
f 498 497 626
f 630 498 626
f 492 498 630
f 501 635 500
f 501 636 635
f 501 494 636
f 494 631 636
f 637 633 632
f 638 633 637
f 496 502 637
f 632 496 637
f 506 639 640
f 505 506 640
f 635 506 500
f 635 641 506
f 641 639 506
f 636 641 635
f 642 638 637
f 643 638 642
f 502 507 642
f 637 502 642
f 510 644 509
f 645 644 510
f 645 510 646
f 646 510 511
f 640 511 505
f 646 511 640
f 647 643 642
f 648 643 647
f 507 512 647
f 642 507 647
f 515 649 514
f 515 650 649
f 509 650 515
f 509 651 650
f 509 644 651
f 645 651 644
f 652 653 654
f 648 652 654
f 647 652 648
f 647 517 652
f 647 518 517
f 512 518 647
f 649 655 656
f 649 656 514
f 514 656 520
f 650 655 649
f 657 653 652
f 658 653 657
f 517 521 659
f 517 659 652
f 652 659 657
f 521 523 659
f 660 661 526
f 660 526 656
f 656 526 520
f 660 662 661
f 663 658 657
f 664 658 663
f 659 665 657
f 665 663 657
f 523 527 666
f 523 666 659
f 659 666 665
f 527 529 666
f 530 667 531
f 530 533 667
f 536 668 535
f 536 669 668
f 526 669 536
f 526 670 669
f 526 661 670
f 662 670 661
f 671 664 663
f 672 664 671
f 665 673 663
f 673 671 663
f 666 674 665
f 674 673 665
f 529 537 675
f 529 675 666
f 666 675 674
f 537 531 667
f 537 667 675
f 675 667 676
f 533 676 667
f 533 677 676
f 533 538 677
f 677 678 676
f 539 679 538
f 538 679 677
f 668 539 535
f 668 680 539
f 680 679 539
f 669 680 668
f 671 681 672
f 673 681 671
f 682 681 673
f 674 682 673
f 683 682 674
f 675 683 674
f 684 683 675
f 676 684 675
f 685 684 676
f 678 685 676
f 686 687 688
f 688 689 686
f 690 691 692
f 687 690 692
f 686 690 687
f 686 541 690
f 686 542 541
f 686 689 693
f 686 693 542
f 542 693 543
f 693 545 543
f 694 545 693
f 695 691 690
f 696 691 695
f 541 547 695
f 690 541 695
f 545 694 697
f 548 545 697
f 549 698 699
f 549 548 698
f 548 697 698
f 698 700 699
f 701 696 695
f 702 696 701
f 547 550 701
f 695 547 701
f 549 699 551
f 699 700 703
f 699 703 551
f 551 703 552
f 703 554 552
f 704 554 703
f 705 702 701
f 706 702 705
f 550 555 705
f 701 550 705
f 554 704 707
f 556 554 707
f 707 558 556
f 708 558 707
f 709 706 705
f 710 706 709
f 555 559 709
f 705 555 709
f 558 708 711
f 560 558 711
f 562 712 713
f 562 560 712
f 560 711 712
f 712 714 713
f 709 715 710
f 715 709 559
f 715 559 716
f 716 559 563
f 562 713 564
f 565 717 718
f 564 717 565
f 564 714 717
f 564 713 714
f 717 719 718
f 563 566 716
f 716 566 720
f 565 718 567
f 568 721 722
f 567 721 568
f 567 719 721
f 567 718 719
f 721 723 722
f 566 724 720
f 569 724 566
f 724 569 570
f 725 724 570
f 568 722 571
f 722 723 726
f 722 726 571
f 571 726 572
f 726 574 572
f 727 574 726
f 570 575 725
f 725 575 728
f 574 727 729
f 576 574 729
f 729 578 576
f 730 578 729
f 575 731 728
f 579 731 575
f 731 579 580
f 732 731 580
f 578 730 733
f 581 578 733
f 733 583 581
f 734 583 733
f 585 584 735
f 585 736 586
f 735 736 585
f 586 736 737
f 586 737 580
f 580 737 732
f 583 734 587
f 734 738 587
f 735 588 739
f 584 588 735
f 736 735 740
f 740 735 739
f 741 737 736
f 740 741 736
f 589 742 743
f 590 589 743
f 738 589 587
f 742 589 738
f 588 591 739
f 593 739 591
f 593 744 739
f 744 740 739
f 596 595 745
f 596 745 740
f 596 740 744
f 741 740 745
f 745 595 597
f 746 745 597
f 598 747 748
f 599 598 748
f 743 598 590
f 747 598 743
f 593 601 744
f 596 744 601
f 597 603 746
f 746 603 749
f 750 751 752
f 751 750 753
f 607 754 755
f 606 607 755
f 748 607 599
f 754 607 748
f 756 610 757
f 756 749 610
f 749 603 610
f 756 757 758
f 759 750 752
f 760 759 752
f 613 612 761
f 613 761 750
f 613 750 759
f 753 750 761
f 614 762 612
f 612 762 761
f 615 763 614
f 614 763 762
f 755 615 606
f 763 615 755
f 618 617 764
f 765 618 764
f 765 766 618
f 766 619 618
f 620 619 767
f 619 766 767
f 757 610 620
f 757 620 768
f 768 620 767
f 758 757 768
f 759 760 769
f 769 613 759
f 769 770 613
f 770 621 613
f 623 622 771
f 772 623 771
f 772 773 623
f 773 624 623
f 764 617 624
f 764 624 774
f 774 624 773
f 765 764 774
f 775 776 625
f 775 625 770
f 770 625 621
f 775 777 776
f 628 778 779
f 627 778 628
f 629 628 780
f 628 779 780
f 771 622 629
f 771 629 781
f 781 629 780
f 772 771 781
f 776 782 631
f 625 776 631
f 783 776 777
f 782 776 783
f 634 784 785
f 633 784 634
f 778 627 634
f 785 778 634
f 782 786 787
f 782 787 631
f 631 787 636
f 783 786 782
f 633 638 784
f 784 638 788
f 639 789 640
f 790 789 639
f 790 639 791
f 791 639 641
f 787 641 636
f 791 641 787
f 638 643 788
f 788 643 792
f 646 793 645
f 646 794 793
f 640 794 646
f 640 795 794
f 640 789 795
f 790 795 789
f 796 797 798
f 796 798 792
f 796 792 648
f 648 792 643
f 651 799 650
f 651 800 799
f 645 800 651
f 645 801 800
f 645 793 801
f 794 801 793
f 802 803 804
f 797 802 804
f 796 802 797
f 796 653 802
f 796 654 653
f 648 654 796
f 655 805 656
f 655 806 805
f 650 806 655
f 650 807 806
f 650 799 807
f 800 807 799
f 808 803 802
f 809 803 808
f 653 658 808
f 802 653 808
f 656 805 660
f 805 662 660
f 805 806 662
f 806 810 662
f 811 809 808
f 812 809 811
f 658 664 811
f 808 658 811
f 670 813 814
f 669 670 814
f 810 670 662
f 813 670 810
f 815 816 817
f 812 815 817
f 812 811 815
f 811 818 815
f 664 672 818
f 811 664 818
f 677 819 678
f 820 819 677
f 820 677 821
f 821 677 679
f 680 822 679
f 679 822 821
f 814 680 669
f 822 680 814
f 823 816 815
f 824 816 823
f 818 825 815
f 825 823 815
f 672 681 826
f 672 826 818
f 818 826 825
f 681 682 827
f 826 681 827
f 682 683 828
f 827 682 828
f 683 684 829
f 828 683 829
f 830 829 684
f 830 684 831
f 831 684 685
f 819 685 678
f 819 832 685
f 832 831 685
f 820 832 819
f 823 833 824
f 833 834 835
f 833 823 834
f 823 825 834
f 826 836 825
f 836 834 825
f 827 837 826
f 837 836 826
f 838 828 839
f 838 837 828
f 837 827 828
f 829 839 828
f 840 839 829
f 830 840 829
f 834 841 835
f 836 841 834
f 842 841 836
f 837 842 836
f 843 842 837
f 838 843 837
f 844 845 846
f 846 847 844
f 848 845 844
f 849 845 848
f 687 850 688
f 687 844 850
f 687 848 844
f 847 850 844
f 850 689 688
f 851 689 850
f 852 853 854
f 849 852 854
f 848 852 849
f 848 691 852
f 848 692 691
f 687 692 848
f 689 851 855
f 693 689 855
f 694 856 857
f 694 693 856
f 693 855 856
f 856 858 857
f 859 853 852
f 860 853 859
f 691 696 859
f 852 691 859
f 694 857 697
f 857 858 861
f 857 861 697
f 697 861 698
f 861 700 698
f 862 700 861
f 863 860 859
f 864 860 863
f 696 702 863
f 859 696 863
f 700 862 865
f 703 700 865
f 704 866 867
f 704 703 866
f 703 865 866
f 866 868 867
f 869 864 863
f 870 864 869
f 702 706 869
f 863 702 869
f 704 867 707
f 708 871 872
f 707 871 708
f 707 868 871
f 707 867 868
f 871 873 872
f 869 874 870
f 874 869 706
f 874 706 875
f 875 706 710
f 708 872 711
f 872 873 876
f 872 876 711
f 711 876 712
f 876 714 712
f 877 714 876
f 878 710 715
f 878 879 710
f 879 875 710
f 715 716 878
f 714 877 880
f 717 714 880
f 880 719 717
f 881 719 880
f 882 883 884
f 884 885 882
f 878 886 879
f 886 878 716
f 886 716 887
f 887 716 720
f 719 881 888
f 721 719 888
f 723 889 890
f 723 721 889
f 721 888 889
f 889 891 890
f 882 892 883
f 893 894 895
f 885 892 882
f 893 896 894
f 720 897 887
f 724 897 720
f 897 724 725
f 898 897 725
f 723 890 726
f 727 899 900
f 726 899 727
f 726 891 899
f 726 890 891
f 899 901 900
f 894 902 895
f 896 902 894
f 725 728 898
f 898 728 903
f 727 900 729
f 730 904 905
f 729 904 730
f 729 901 904
f 729 900 901
f 904 906 905
f 728 907 903
f 731 907 728
f 907 731 732
f 908 907 732
f 730 905 733
f 905 734 733
f 905 906 734
f 906 909 734
f 732 737 908
f 908 737 910
f 734 909 738
f 909 911 738
f 737 741 910
f 910 741 912
f 742 913 914
f 743 742 914
f 911 742 738
f 913 742 911
f 741 915 912
f 745 915 741
f 915 745 746
f 916 915 746
f 747 917 918
f 748 747 918
f 914 747 743
f 917 747 914
f 919 749 920
f 919 916 749
f 916 746 749
f 920 921 922
f 919 920 922
f 922 921 923
f 751 924 752
f 751 753 924
f 754 925 926
f 755 754 926
f 918 754 748
f 925 754 918
f 749 756 920
f 758 920 756
f 758 927 920
f 927 921 920
f 928 923 921
f 927 928 921
f 924 929 760
f 752 924 760
f 753 761 930
f 753 930 924
f 924 930 929
f 931 930 761
f 931 761 932
f 932 761 762
f 763 933 762
f 762 933 932
f 926 763 755
f 933 763 926
f 766 765 934
f 766 935 767
f 934 935 766
f 936 767 935
f 936 937 767
f 937 768 767
f 927 758 768
f 927 768 938
f 938 768 937
f 928 927 938
f 760 929 769
f 770 769 929
f 770 929 939
f 939 929 930
f 940 930 931
f 939 930 940
f 773 772 941
f 942 773 941
f 942 943 773
f 943 774 773
f 934 765 774
f 934 774 944
f 944 774 943
f 935 934 944
f 945 935 944
f 936 935 945
f 770 939 775
f 777 946 947
f 775 946 777
f 775 940 946
f 775 939 940
f 946 948 947
f 779 949 950
f 778 949 779
f 951 950 952
f 951 780 950
f 780 779 950
f 953 780 951
f 953 954 780
f 954 781 780
f 941 772 781
f 941 781 955
f 955 781 954
f 942 941 955
f 947 956 957
f 947 957 777
f 777 957 783
f 948 956 947
f 785 958 959
f 784 958 785
f 949 778 785
f 959 949 785
f 951 952 960
f 953 951 960
f 786 961 787
f 786 962 961
f 786 783 962
f 783 957 962
f 784 788 958
f 958 788 963
f 791 964 965
f 790 791 965
f 961 791 787
f 961 966 791
f 966 964 791
f 962 966 961
f 967 968 969
f 967 969 963
f 967 963 792
f 792 963 788
f 795 970 971
f 794 795 971
f 965 795 790
f 970 795 965
f 798 968 967
f 798 797 968
f 797 972 968
f 792 798 967
f 801 973 974
f 800 801 974
f 971 801 794
f 973 801 971
f 804 975 976
f 803 975 804
f 972 797 804
f 976 972 804
f 807 977 978
f 806 807 978
f 974 807 800
f 977 807 974
f 979 980 981
f 979 981 975
f 979 975 809
f 809 975 803
f 806 978 810
f 978 982 810
f 983 980 979
f 984 980 983
f 809 812 983
f 979 809 983
f 813 985 986
f 814 813 986
f 982 813 810
f 985 813 982
f 987 988 989
f 984 987 989
f 983 987 984
f 983 816 987
f 983 817 816
f 812 817 983
f 821 990 991
f 820 821 991
f 822 992 821
f 821 992 990
f 986 822 814
f 992 822 986
f 993 988 987
f 994 988 993
f 816 824 993
f 987 816 993
f 831 995 830
f 996 995 831
f 996 831 997
f 997 831 832
f 991 832 820
f 997 832 991
f 993 998 994
f 999 1000 998
f 833 999 998
f 833 998 993
f 833 993 824
f 833 835 999
f 839 1001 838
f 1002 1001 839
f 1002 839 1003
f 1003 839 840
f 995 840 830
f 995 1004 840
f 1004 1003 840
f 996 1004 995
f 999 1005 1000
f 1006 1007 1005
f 841 1006 1005
f 841 1005 999
f 841 999 835
f 841 842 1008
f 1006 841 1008
f 1009 1008 842
f 1009 842 1010
f 1010 842 843
f 1001 843 838
f 1001 1011 843
f 1011 1010 843
f 1002 1011 1001
f 1006 1012 1007
f 1008 1012 1006
f 1013 1012 1008
f 1009 1013 1008
f 1014 1015 1016
f 1014 846 845
f 1014 1016 846
f 1016 1017 846
f 847 1018 1019
f 847 846 1018
f 846 1017 1018
f 1018 1020 1019
f 1021 1015 1014
f 1022 1015 1021
f 845 849 1021
f 1014 845 1021
f 847 1019 850
f 851 1023 1024
f 850 1023 851
f 850 1020 1023
f 850 1019 1020
f 1023 1025 1024
f 854 1022 1021
f 854 853 1022
f 853 1026 1022
f 849 854 1021
f 851 1024 855
f 1024 1025 1027
f 1024 1027 855
f 855 1027 856
f 858 1028 1029
f 858 856 1028
f 856 1027 1028
f 1028 1030 1029
f 853 860 1026
f 1026 860 1031
f 858 1029 861
f 862 1032 1033
f 861 1032 862
f 861 1030 1032
f 861 1029 1030
f 1032 1034 1033
f 1035 1036 1037
f 1035 1037 1031
f 1035 1031 864
f 864 1031 860
f 862 1033 865
f 1033 1034 1038
f 1033 1038 865
f 865 1038 866
f 1038 868 866
f 1039 868 1038
f 1035 1040 1036
f 1040 1035 864
f 1040 864 1041
f 1041 864 870
f 868 1039 1042
f 871 868 1042
f 873 1043 1044
f 873 871 1043
f 871 1042 1043
f 1043 1045 1044
f 1046 1047 1048
f 1046 1049 1050
f 1048 1049 1046
f 1049 1051 1050
f 1052 870 874
f 1052 1053 870
f 1053 1041 870
f 874 875 1052
f 873 1044 876
f 877 1054 1055
f 876 1054 877
f 876 1045 1054
f 876 1044 1045
f 1054 1056 1055
f 1057 1047 1046
f 1058 1047 1057
f 1050 1059 1046
f 1059 1057 1046
f 1060 1050 1051
f 1060 1061 1050
f 1061 1059 1050
f 1053 1061 1060
f 1053 1052 1061
f 1052 1062 1061
f 875 879 1062
f 1052 875 1062
f 877 1055 880
f 881 1063 1064
f 880 1063 881
f 880 1056 1063
f 880 1055 1056
f 1063 1065 1064
f 1057 1066 1058
f 1066 1067 1068
f 1066 1057 1067
f 1057 1059 1067
f 884 883 1067
f 884 1067 1061
f 1061 1067 1059
f 885 884 1061
f 885 1061 1069
f 1069 1061 1062
f 879 886 1070
f 879 1070 1062
f 1062 1070 1069
f 886 887 1070
f 881 1064 888
f 1064 1065 1071
f 1064 1071 888
f 888 1071 889
f 1071 891 889
f 1072 891 1071
f 1073 1068 1067
f 1074 1068 1073
f 883 892 1075
f 883 1075 1067
f 1067 1075 1073
f 892 885 1075
f 885 1069 1075
f 893 895 1075
f 893 1075 1069
f 896 893 1069
f 896 1069 1076
f 1076 1069 1070
f 887 897 1077
f 887 1077 1070
f 1070 1077 1076
f 897 898 1077
f 891 1072 1078
f 899 891 1078
f 901 1079 1080
f 901 899 1079
f 899 1078 1079
f 1079 1081 1080
f 1073 1082 1074
f 1082 1083 1084
f 1082 1073 1083
f 1073 1075 1083
f 895 902 1085
f 895 1085 1075
f 1075 1085 1083
f 902 896 1076
f 902 1076 1085
f 1085 1076 1086
f 1077 1087 1076
f 1087 1086 1076
f 1088 1089 1090
f 898 903 1077
f 1087 1077 903
f 1088 1090 1091
f 901 1080 904
f 1080 906 904
f 1080 1081 906
f 1081 1092 906
f 1083 1093 1084
f 1093 1094 1095
f 1093 1083 1094
f 1083 1085 1094
f 1086 1096 1085
f 1096 1094 1085
f 1087 1097 1086
f 1097 1096 1086
f 1098 1090 1089
f 1090 1098 907
f 1097 907 1098
f 907 1097 903
f 1087 903 1097
f 1090 907 908
f 1090 908 1091
f 1091 908 1099
f 906 1092 909
f 1092 1100 909
f 1094 1101 1095
f 1096 1101 1094
f 1102 1101 1096
f 1097 1102 1096
f 1103 1102 1097
f 1098 1103 1097
f 1104 910 1105
f 1104 1099 910
f 1099 908 910
f 1104 1105 1106
f 1107 1108 1109
f 1107 1100 1108
f 1107 911 1100
f 911 909 1100
f 1105 912 1110
f 910 912 1105
f 1111 1106 1105
f 1111 1105 1112
f 1112 1105 1110
f 1112 1113 1114
f 1111 1112 1114
f 1114 1113 1115
f 913 1107 1109
f 913 1109 914
f 914 1109 1116
f 911 1107 913
f 912 915 1110
f 916 1110 915
f 916 1117 1110
f 1117 1112 1110
f 1113 1112 1118
f 1118 1112 1117
f 1119 1115 1113
f 1118 1119 1113
f 917 1120 1121
f 918 917 1121
f 1116 917 914
f 1120 917 1116
f 916 919 1117
f 922 1117 919
f 1118 1117 922
f 1118 922 923
f 1118 923 1119
f 1119 923 1122
f 925 1123 1124
f 926 925 1124
f 1121 925 918
f 1123 925 1121
f 923 928 1122
f 1122 928 1125
f 932 1126 1127
f 931 932 1127
f 933 1128 932
f 932 1128 1126
f 1124 933 926
f 1128 933 1124
f 937 936 1129
f 1130 937 1129
f 1130 1131 937
f 1131 938 937
f 1125 928 938
f 1131 1125 938
f 931 1127 940
f 1127 1132 940
f 943 942 1133
f 1134 943 1133
f 1134 1135 943
f 1135 944 943
f 945 944 1136
f 944 1135 1136
f 1129 936 945
f 1129 945 1137
f 1137 945 1136
f 1130 1129 1137
f 940 1132 1138
f 946 940 1138
f 1138 948 946
f 1139 948 1138
f 950 1140 1141
f 949 1140 950
f 1141 952 950
f 1142 952 1141
f 954 953 1143
f 1144 954 1143
f 1144 1145 954
f 1145 955 954
f 1133 942 955
f 1133 955 1146
f 1146 955 1145
f 1134 1133 1146
f 956 1147 957
f 956 1148 1147
f 956 948 1148
f 948 1139 1148
f 959 958 1149
f 959 1149 1150
f 959 1150 949
f 949 1150 1140
f 952 1142 1151
f 960 952 1151
f 1143 953 960
f 1143 960 1152
f 1152 960 1151
f 1144 1143 1152
f 1147 1153 1154
f 1147 1154 957
f 957 1154 962
f 1148 1153 1147
f 1149 1155 1156
f 1149 958 1155
f 958 963 1155
f 1150 1149 1156
f 964 1157 1158
f 965 964 1158
f 966 1159 964
f 964 1159 1157
f 1154 966 962
f 1159 966 1154
f 969 968 1160
f 969 1160 1161
f 969 1161 963
f 963 1161 1155
f 970 1162 1163
f 971 970 1163
f 1158 970 965
f 1162 970 1158
f 1160 1164 1165
f 1160 968 1164
f 968 972 1164
f 1161 1160 1165
f 973 1166 1167
f 974 973 1167
f 1163 973 971
f 1166 973 1163
f 976 1168 1169
f 975 1168 976
f 1164 972 976
f 1169 1164 976
f 977 1170 1171
f 978 977 1171
f 1167 977 974
f 1170 977 1167
f 981 1172 1173
f 980 1172 981
f 1168 975 981
f 1173 1168 981
f 978 1171 982
f 1171 1174 982
f 1175 1176 1177
f 1175 1177 1172
f 1175 1172 984
f 984 1172 980
f 985 1178 1179
f 986 985 1179
f 1174 985 982
f 1178 985 1174
f 989 1176 1175
f 989 988 1176
f 988 1180 1176
f 984 989 1175
f 990 1181 1182
f 991 990 1182
f 992 1183 990
f 990 1183 1181
f 1179 992 986
f 1183 992 1179
f 988 994 1180
f 1180 994 1184
f 997 1185 1186
f 996 997 1186
f 1182 997 991
f 1185 997 1182
f 1187 994 998
f 1187 1188 994
f 1188 1184 994
f 998 1000 1187
f 1003 1189 1002
f 1190 1189 1003
f 1190 1003 1191
f 1191 1003 1004
f 1186 1004 996
f 1191 1004 1186
f 1192 1188 1187
f 1193 1188 1192
f 1000 1005 1194
f 1000 1194 1187
f 1187 1194 1192
f 1005 1007 1194
f 1010 1195 1009
f 1196 1195 1010
f 1196 1010 1197
f 1197 1010 1011
f 1189 1011 1002
f 1189 1198 1011
f 1198 1197 1011
f 1190 1198 1189
f 1192 1199 1193
f 1194 1199 1192
f 1200 1199 1194
f 1201 1202 1200
f 1012 1201 1200
f 1012 1200 1194
f 1012 1194 1007
f 1203 1201 1012
f 1203 1012 1204
f 1204 1012 1013
f 1195 1013 1009
f 1195 1205 1013
f 1205 1204 1013
f 1196 1205 1195
f 1201 1206 1202
f 1203 1206 1201
f 1207 1208 1209
f 1209 1210 1207
f 1016 1211 1212
f 1015 1211 1016
f 1208 1207 1017
f 1208 1017 1212
f 1212 1017 1016
f 1207 1210 1213
f 1207 1213 1017
f 1017 1213 1018
f 1213 1020 1018
f 1214 1020 1213
f 1015 1022 1211
f 1211 1022 1215
f 1020 1214 1216
f 1023 1020 1216
f 1025 1217 1218
f 1025 1023 1217
f 1023 1216 1217
f 1217 1219 1218
f 1220 1221 1222
f 1220 1222 1215
f 1220 1215 1026
f 1026 1215 1022
f 1025 1218 1027
f 1218 1219 1223
f 1218 1223 1027
f 1027 1223 1028
f 1223 1030 1028
f 1224 1030 1223
f 1225 1221 1220
f 1226 1221 1225
f 1026 1031 1225
f 1220 1026 1225
f 1030 1224 1227
f 1032 1030 1227
f 1227 1034 1032
f 1228 1034 1227
f 1037 1226 1225
f 1037 1036 1226
f 1036 1229 1226
f 1031 1037 1225
f 1034 1228 1230
f 1038 1034 1230
f 1039 1231 1232
f 1039 1038 1231
f 1038 1230 1231
f 1231 1233 1232
f 1234 1235 1236
f 1236 1237 1234
f 1238 1036 1040
f 1238 1239 1036
f 1239 1229 1036
f 1040 1041 1238
f 1039 1232 1042
f 1232 1233 1240
f 1232 1240 1042
f 1042 1240 1043
f 1240 1045 1043
f 1241 1045 1240
f 1048 1235 1234
f 1048 1047 1235
f 1047 1242 1235
f 1234 1237 1243
f 1234 1243 1048
f 1048 1243 1049
f 1051 1238 1244
f 1051 1243 1238
f 1051 1049 1243
f 1243 1239 1238
f 1041 1053 1244
f 1238 1041 1244
f 1045 1241 1245
f 1054 1045 1245
f 1245 1056 1054
f 1246 1056 1245
f 1047 1058 1242
f 1242 1058 1247
f 1051 1244 1060
f 1053 1060 1244
f 1056 1246 1248
f 1063 1056 1248
f 1065 1249 1250
f 1065 1063 1249
f 1063 1248 1249
f 1249 1251 1250
f 1252 1058 1066
f 1252 1253 1058
f 1253 1247 1058
f 1066 1068 1252
f 1065 1250 1071
f 1072 1254 1255
f 1071 1254 1072
f 1071 1251 1254
f 1071 1250 1251
f 1254 1256 1255
f 1257 1253 1252
f 1258 1253 1257
f 1068 1074 1257
f 1252 1068 1257
f 1072 1255 1078
f 1255 1256 1259
f 1255 1259 1078
f 1078 1259 1079
f 1259 1081 1079
f 1260 1081 1259
f 1261 1258 1257
f 1262 1258 1261
f 1074 1082 1263
f 1074 1263 1257
f 1257 1263 1261
f 1082 1084 1263
f 1088 1264 1265
f 1089 1088 1265
f 1264 1088 1091
f 1266 1264 1091
f 1081 1260 1092
f 1260 1267 1092
f 1261 1268 1262
f 1268 1269 1270
f 1268 1261 1269
f 1261 1263 1269
f 1084 1093 1271
f 1084 1271 1263
f 1263 1271 1269
f 1093 1095 1271
f 1272 1273 1098
f 1272 1098 1265
f 1265 1098 1089
f 1274 1275 1276
f 1266 1273 1272
f 1273 1266 1099
f 1091 1099 1266
f 1275 1274 1277
f 1278 1279 1280
f 1278 1267 1279
f 1278 1100 1267
f 1100 1092 1267
f 1269 1281 1270
f 1271 1281 1269
f 1282 1281 1271
f 1283 1284 1282
f 1101 1283 1282
f 1101 1282 1271
f 1101 1271 1095
f 1101 1102 1285
f 1283 1101 1285
f 1102 1103 1286
f 1285 1102 1286
f 1103 1287 1286
f 1098 1287 1103
f 1098 1288 1287
f 1098 1273 1288
f 1288 1274 1276
f 1288 1104 1274
f 1288 1273 1099
f 1104 1288 1099
f 1106 1289 1290
f 1104 1106 1290
f 1104 1290 1277
f 1104 1277 1274
f 1290 1289 1291
f 1108 1278 1280
f 1108 1280 1109
f 1109 1280 1292
f 1100 1278 1108
f 1283 1293 1284
f 1285 1293 1283
f 1294 1293 1285
f 1286 1294 1285
f 1295 1294 1286
f 1287 1295 1286
f 1106 1111 1289
f 1289 1111 1114
f 1289 1114 1296
f 1289 1296 1291
f 1296 1114 1297
f 1114 1115 1297
f 1298 1299 1300
f 1298 1292 1299
f 1298 1116 1292
f 1116 1109 1292
f 1297 1301 1296
f 1301 1297 1115
f 1301 1115 1302
f 1302 1115 1119
f 1120 1298 1300
f 1120 1300 1121
f 1121 1300 1303
f 1116 1298 1120
f 1119 1122 1302
f 1302 1122 1304
f 1305 1306 1307
f 1305 1308 1309
f 1306 1305 1309
f 1308 1124 1123
f 1308 1123 1309
f 1309 1123 1310
f 1303 1123 1121
f 1310 1123 1303
f 1122 1125 1304
f 1304 1125 1311
f 1126 1305 1307
f 1126 1307 1127
f 1127 1307 1312
f 1128 1305 1126
f 1308 1305 1128
f 1124 1308 1128
f 1131 1313 1314
f 1130 1313 1131
f 1311 1125 1131
f 1314 1311 1131
f 1127 1312 1132
f 1312 1315 1132
f 1135 1134 1316
f 1317 1135 1316
f 1317 1318 1135
f 1318 1136 1135
f 1137 1136 1319
f 1136 1318 1319
f 1313 1130 1137
f 1319 1313 1137
f 1320 1138 1132
f 1320 1132 1321
f 1321 1132 1315
f 1138 1320 1139
f 1141 1140 1322
f 1141 1322 1142
f 1145 1144 1323
f 1324 1145 1323
f 1324 1325 1145
f 1325 1146 1145
f 1316 1134 1146
f 1316 1146 1326
f 1326 1146 1325
f 1317 1316 1326
f 1327 1320 1321
f 1328 1327 1321
f 1139 1327 1148
f 1320 1327 1139
f 1322 1329 1330
f 1322 1140 1329
f 1140 1150 1329
f 1142 1322 1330
f 1142 1330 1151
f 1151 1330 1331
f 1152 1151 1332
f 1151 1331 1332
f 1323 1144 1152
f 1323 1152 1333
f 1333 1152 1332
f 1324 1323 1333
f 1334 1335 1336
f 1328 1335 1334
f 1327 1328 1334
f 1327 1334 1154
f 1327 1154 1153
f 1148 1327 1153
f 1156 1155 1337
f 1156 1337 1338
f 1156 1338 1150
f 1150 1338 1329
f 1157 1339 1340
f 1158 1157 1340
f 1336 1159 1334
f 1336 1339 1159
f 1339 1157 1159
f 1154 1334 1159
f 1337 1341 1342
f 1337 1155 1341
f 1155 1161 1341
f 1338 1337 1342
f 1162 1343 1344
f 1163 1162 1344
f 1340 1162 1158
f 1343 1162 1340
f 1165 1345 1346
f 1164 1345 1165
f 1341 1161 1165
f 1346 1341 1165
f 1166 1347 1348
f 1167 1166 1348
f 1344 1166 1163
f 1347 1166 1344
f 1169 1349 1350
f 1168 1349 1169
f 1345 1164 1169
f 1350 1345 1169
f 1170 1351 1352
f 1171 1170 1352
f 1348 1170 1167
f 1351 1170 1348
f 1173 1353 1354
f 1172 1353 1173
f 1349 1168 1173
f 1354 1349 1173
f 1171 1352 1174
f 1352 1355 1174
f 1177 1356 1357
f 1176 1356 1177
f 1353 1172 1177
f 1357 1353 1177
f 1178 1358 1359
f 1179 1178 1359
f 1355 1178 1174
f 1358 1178 1355
f 1176 1180 1356
f 1356 1180 1360
f 1181 1361 1362
f 1182 1181 1362
f 1183 1363 1181
f 1181 1363 1361
f 1359 1183 1179
f 1363 1183 1359
f 1364 1365 1366
f 1364 1366 1360
f 1364 1360 1184
f 1184 1360 1180
f 1185 1367 1368
f 1186 1185 1368
f 1362 1185 1182
f 1367 1185 1362
f 1369 1365 1364
f 1370 1365 1369
f 1184 1188 1369
f 1364 1184 1369
f 1191 1371 1372
f 1190 1191 1372
f 1368 1191 1186
f 1371 1191 1368
f 1373 1370 1369
f 1374 1370 1373
f 1188 1193 1373
f 1369 1188 1373
f 1197 1375 1196
f 1376 1375 1197
f 1376 1197 1377
f 1377 1197 1198
f 1372 1198 1190
f 1377 1198 1372
f 1373 1378 1374
f 1379 1380 1378
f 1199 1379 1378
f 1199 1378 1373
f 1199 1373 1193
f 1199 1200 1381
f 1379 1199 1381
f 1200 1202 1381
f 1204 1382 1203
f 1383 1382 1204
f 1383 1204 1384
f 1384 1204 1205
f 1375 1205 1196
f 1375 1385 1205
f 1385 1384 1205
f 1376 1385 1375
f 1379 1386 1380
f 1386 1387 1388
f 1386 1379 1387
f 1379 1381 1387
f 1202 1206 1389
f 1202 1389 1381
f 1381 1389 1387
f 1206 1390 1389
f 1203 1390 1206
f 1203 1391 1390
f 1203 1382 1391
f 1383 1391 1382
f 1387 1392 1388
f 1389 1392 1387
f 1393 1392 1389
f 1390 1393 1389
f 1394 1395 1396
f 1394 1209 1208
f 1394 1396 1209
f 1396 1397 1209
f 1397 1210 1209
f 1398 1210 1397
f 1212 1395 1394
f 1212 1211 1395
f 1211 1399 1395
f 1208 1212 1394
f 1210 1398 1400
f 1213 1210 1400
f 1214 1401 1402
f 1214 1213 1401
f 1213 1400 1401
f 1401 1403 1402
f 1404 1405 1406
f 1404 1406 1399
f 1404 1399 1215
f 1215 1399 1211
f 1214 1402 1216
f 1402 1403 1407
f 1402 1407 1216
f 1216 1407 1217
f 1407 1219 1217
f 1408 1219 1407
f 1222 1405 1404
f 1222 1221 1405
f 1221 1409 1405
f 1215 1222 1404
f 1219 1408 1410
f 1223 1219 1410
f 1224 1411 1412
f 1224 1223 1411
f 1223 1410 1411
f 1411 1413 1412
f 1221 1226 1409
f 1409 1226 1414
f 1224 1412 1227
f 1228 1415 1416
f 1227 1415 1228
f 1227 1413 1415
f 1227 1412 1413
f 1415 1417 1416
f 1418 1419 1420
f 1418 1421 1422
f 1420 1421 1418
f 1422 1421 1414
f 1422 1414 1229
f 1229 1414 1226
f 1228 1416 1230
f 1416 1417 1423
f 1416 1423 1230
f 1230 1423 1231
f 1423 1233 1231
f 1424 1233 1423
f 1425 1426 1427
f 1419 1425 1427
f 1418 1425 1419
f 1418 1235 1425
f 1418 1236 1235
f 1237 1236 1418
f 1237 1418 1428
f 1428 1418 1422
f 1229 1239 1428
f 1422 1229 1428
f 1233 1424 1429
f 1240 1233 1429
f 1241 1430 1431
f 1241 1240 1430
f 1240 1429 1430
f 1430 1432 1431
f 1433 1426 1425
f 1434 1426 1433
f 1235 1242 1433
f 1425 1235 1433
f 1237 1428 1243
f 1239 1243 1428
f 1241 1431 1245
f 1246 1435 1436
f 1245 1435 1246
f 1245 1432 1435
f 1245 1431 1432
f 1435 1437 1436
f 1438 1434 1433
f 1439 1434 1438
f 1242 1247 1438
f 1433 1242 1438
f 1246 1436 1248
f 1436 1437 1440
f 1436 1440 1248
f 1248 1440 1249
f 1440 1251 1249
f 1441 1251 1440
f 1442 1439 1438
f 1443 1439 1442
f 1247 1253 1442
f 1438 1247 1442
f 1251 1441 1444
f 1254 1251 1444
f 1444 1256 1254
f 1445 1256 1444
f 1446 1443 1442
f 1447 1443 1446
f 1253 1258 1446
f 1442 1253 1446
f 1448 1259 1256
f 1448 1256 1449
f 1449 1256 1445
f 1259 1448 1260
f 1450 1447 1446
f 1451 1447 1450
f 1258 1262 1450
f 1446 1258 1450
f 1264 1452 1265
f 1264 1266 1452
f 1453 1448 1449
f 1454 1453 1449
f 1260 1453 1267
f 1448 1453 1260
f 1455 1451 1450
f 1456 1451 1455
f 1262 1268 1457
f 1262 1457 1450
f 1450 1457 1455
f 1268 1270 1457
f 1265 1452 1272
f 1272 1452 1266
f 1458 1276 1275
f 1458 1275 1277
f 1459 1460 1461
f 1459 1461 1462
f 1279 1453 1454
f 1279 1454 1280
f 1280 1454 1463
f 1267 1453 1279
f 1455 1464 1456
f 1464 1465 1466
f 1464 1455 1465
f 1455 1457 1465
f 1270 1281 1467
f 1270 1467 1457
f 1457 1467 1465
f 1281 1282 1468
f 1467 1281 1468
f 1282 1284 1468
f 1288 1469 1287
f 1288 1276 1458
f 1288 1458 1469
f 1469 1458 1470
f 1471 1461 1460
f 1461 1471 1290
f 1470 1290 1471
f 1290 1470 1277
f 1458 1277 1470
f 1291 1472 1473
f 1290 1291 1473
f 1290 1473 1462
f 1290 1462 1461
f 1473 1472 1474
f 1475 1476 1477
f 1475 1463 1476
f 1475 1292 1463
f 1292 1280 1463
f 1465 1478 1466
f 1478 1479 1480
f 1478 1465 1479
f 1465 1467 1479
f 1468 1481 1467
f 1481 1479 1467
f 1284 1293 1482
f 1284 1482 1468
f 1468 1482 1481
f 1293 1294 1483
f 1482 1293 1483
f 1484 1483 1294
f 1484 1294 1485
f 1485 1294 1295
f 1469 1295 1287
f 1469 1486 1295
f 1486 1485 1295
f 1470 1486 1469
f 1487 1486 1470
f 1471 1487 1470
f 1472 1296 1488
f 1291 1296 1472
f 1489 1474 1472
f 1488 1489 1472
f 1299 1475 1477
f 1299 1477 1300
f 1300 1477 1490
f 1292 1475 1299
f 1479 1491 1480
f 1481 1491 1479
f 1492 1491 1481
f 1482 1492 1481
f 1493 1492 1482
f 1483 1493 1482
f 1494 1493 1483
f 1484 1494 1483
f 1296 1301 1488
f 1488 1301 1302
f 1488 1302 1489
f 1489 1302 1495
f 1496 1497 1498
f 1496 1499 1500
f 1497 1496 1500
f 1499 1501 1502
f 1500 1499 1502
f 1501 1503 1504
f 1502 1501 1504
f 1503 1490 1504
f 1503 1303 1490
f 1303 1300 1490
f 1505 1304 1506
f 1505 1495 1304
f 1495 1302 1304
f 1505 1506 1507
f 1508 1496 1498
f 1509 1508 1498
f 1306 1508 1307
f 1306 1499 1508
f 1499 1496 1508
f 1309 1499 1306
f 1501 1499 1309
f 1310 1501 1309
f 1503 1501 1310
f 1303 1503 1310
f 1506 1311 1510
f 1304 1311 1506
f 1511 1507 1506
f 1511 1506 1512
f 1512 1506 1510
f 1509 1511 1512
f 1509 1512 1508
f 1508 1512 1513
f 1307 1513 1312
f 1508 1513 1307
f 1314 1313 1514
f 1314 1510 1311
f 1314 1514 1510
f 1514 1515 1510
f 1512 1510 1516
f 1516 1510 1515
f 1513 1512 1517
f 1517 1512 1516
f 1312 1517 1315
f 1513 1517 1312
f 1318 1518 1519
f 1317 1518 1318
f 1319 1318 1520
f 1318 1519 1520
f 1514 1313 1319
f 1514 1319 1521
f 1521 1319 1520
f 1515 1514 1521
f 1522 1515 1521
f 1516 1515 1522
f 1523 1516 1522
f 1523 1524 1525
f 1523 1525 1516
f 1516 1525 1517
f 1315 1525 1321
f 1517 1525 1315
f 1325 1526 1527
f 1324 1526 1325
f 1326 1325 1528
f 1325 1527 1528
f 1518 1317 1326
f 1528 1518 1326
f 1529 1525 1524
f 1530 1529 1524
f 1321 1529 1328
f 1525 1529 1321
f 1330 1329 1531
f 1532 1330 1531
f 1532 1533 1330
f 1533 1331 1330
f 1534 1533 1535
f 1534 1332 1533
f 1332 1331 1533
f 1536 1332 1534
f 1536 1537 1332
f 1537 1333 1332
f 1526 1324 1333
f 1537 1526 1333
f 1335 1529 1530
f 1335 1530 1336
f 1336 1530 1538
f 1328 1529 1335
f 1531 1539 1540
f 1531 1329 1539
f 1329 1338 1539
f 1532 1531 1540
f 1534 1535 1541
f 1536 1534 1541
f 1339 1542 1543
f 1340 1339 1543
f 1538 1339 1336
f 1542 1339 1538
f 1342 1341 1544
f 1342 1544 1545
f 1342 1545 1338
f 1338 1545 1539
f 1343 1546 1547
f 1344 1343 1547
f 1543 1343 1340
f 1546 1343 1543
f 1346 1345 1548
f 1346 1548 1549
f 1341 1346 1549
f 1341 1549 1550
f 1341 1550 1544
f 1545 1544 1550
f 1347 1551 1552
f 1348 1347 1552
f 1547 1347 1344
f 1551 1347 1547
f 1350 1349 1553
f 1350 1553 1554
f 1345 1350 1554
f 1345 1554 1555
f 1345 1555 1548
f 1549 1548 1555
f 1556 1557 1558
f 1556 1352 1351
f 1556 1351 1557
f 1557 1351 1559
f 1552 1351 1348
f 1559 1351 1552
f 1354 1560 1561
f 1353 1560 1354
f 1553 1349 1354
f 1553 1354 1562
f 1562 1354 1561
f 1554 1553 1562
f 1563 1556 1558
f 1564 1563 1558
f 1352 1563 1355
f 1556 1563 1352
f 1357 1565 1566
f 1356 1565 1357
f 1560 1353 1357
f 1566 1560 1357
f 1567 1568 1569
f 1567 1570 1571
f 1568 1567 1571
f 1564 1571 1570
f 1563 1564 1570
f 1563 1570 1359
f 1563 1359 1358
f 1355 1563 1358
f 1572 1573 1574
f 1572 1574 1565
f 1572 1565 1360
f 1360 1565 1356
f 1575 1576 1577
f 1569 1576 1575
f 1567 1569 1575
f 1567 1575 1362
f 1567 1362 1361
f 1363 1567 1361
f 1570 1567 1363
f 1359 1570 1363
f 1366 1573 1572
f 1366 1365 1573
f 1365 1578 1573
f 1360 1366 1572
f 1579 1580 1581
f 1577 1580 1579
f 1575 1577 1579
f 1575 1579 1368
f 1575 1368 1367
f 1362 1575 1367
f 1365 1370 1578
f 1578 1370 1582
f 1583 1584 1585
f 1581 1584 1583
f 1579 1581 1583
f 1579 1583 1372
f 1579 1372 1371
f 1368 1579 1371
f 1370 1374 1582
f 1582 1374 1586
f 1377 1583 1585
f 1377 1585 1376
f 1376 1585 1587
f 1372 1583 1377
f 1588 1374 1378
f 1588 1589 1374
f 1589 1586 1374
f 1378 1380 1588
f 1384 1590 1383
f 1591 1590 1384
f 1591 1384 1592
f 1592 1384 1385
f 1587 1385 1376
f 1592 1385 1587
f 1593 1589 1588
f 1594 1589 1593
f 1380 1386 1595
f 1380 1595 1588
f 1588 1595 1593
f 1386 1388 1595
f 1391 1596 1390
f 1391 1597 1596
f 1383 1597 1391
f 1383 1598 1597
f 1383 1590 1598
f 1591 1598 1590
f 1593 1599 1594
f 1595 1599 1593
f 1600 1599 1595
f 1601 1602 1600
f 1392 1601 1600
f 1392 1600 1595
f 1392 1595 1388
f 1603 1601 1392
f 1603 1392 1604
f 1604 1392 1393
f 1596 1393 1390
f 1596 1605 1393
f 1605 1604 1393
f 1597 1605 1596
f 1601 1606 1602
f 1603 1606 1601
f 1396 1607 1608
f 1395 1607 1396
f 1397 1396 1609
f 1396 1608 1609
f 1398 1610 1611
f 1398 1397 1610
f 1397 1609 1610
f 1610 1612 1611
f 1395 1399 1607
f 1607 1399 1613
f 1398 1611 1400
f 1611 1612 1614
f 1611 1614 1400
f 1400 1614 1401
f 1614 1403 1401
f 1615 1403 1614
f 1406 1616 1617
f 1405 1616 1406
f 1613 1399 1406
f 1617 1613 1406
f 1403 1615 1618
f 1407 1403 1618
f 1408 1619 1620
f 1408 1407 1619
f 1407 1618 1619
f 1619 1621 1620
f 1405 1409 1616
f 1616 1409 1622
f 1408 1620 1410
f 1620 1621 1623
f 1620 1623 1410
f 1410 1623 1411
f 1623 1413 1411
f 1624 1413 1623
f 1625 1626 1627
f 1625 1628 1629
f 1627 1628 1625
f 1629 1628 1622
f 1629 1622 1414
f 1414 1622 1409
f 1413 1624 1630
f 1415 1413 1630
f 1417 1631 1632
f 1417 1415 1631
f 1415 1630 1631
f 1631 1633 1632
f 1634 1635 1636
f 1626 1634 1636
f 1625 1634 1626
f 1625 1419 1634
f 1625 1420 1419
f 1421 1420 1625
f 1629 1421 1625
f 1414 1421 1629
f 1417 1632 1423
f 1424 1637 1638
f 1423 1637 1424
f 1423 1633 1637
f 1423 1632 1633
f 1637 1639 1638
f 1427 1635 1634
f 1427 1426 1635
f 1426 1640 1635
f 1419 1427 1634
f 1424 1638 1429
f 1638 1639 1641
f 1638 1641 1429
f 1429 1641 1430
f 1641 1432 1430
f 1642 1432 1641
f 1426 1434 1640
f 1640 1434 1643
f 1432 1642 1644
f 1435 1432 1644
f 1437 1645 1646
f 1437 1435 1645
f 1435 1644 1645
f 1645 1647 1646
f 1434 1439 1643
f 1643 1439 1648
f 1437 1646 1440
f 1646 1441 1440
f 1646 1647 1441
f 1647 1649 1441
f 1650 1651 1652
f 1650 1652 1648
f 1650 1648 1443
f 1443 1648 1439
f 1653 1444 1441
f 1653 1441 1654
f 1654 1441 1649
f 1444 1653 1445
f 1655 1651 1650
f 1656 1651 1655
f 1443 1447 1655
f 1650 1443 1655
f 1657 1653 1654
f 1658 1657 1654
f 1445 1657 1449
f 1653 1657 1445
f 1659 1656 1655
f 1660 1656 1659
f 1447 1451 1659
f 1655 1447 1659
f 1661 1657 1658
f 1662 1661 1658
f 1449 1661 1454
f 1657 1661 1449
f 1663 1660 1659
f 1664 1660 1663
f 1451 1456 1663
f 1659 1451 1663
f 1459 1665 1460
f 1665 1459 1462
f 1666 1667 1668
f 1666 1668 1669
f 1670 1661 1662
f 1671 1670 1662
f 1454 1670 1463
f 1661 1670 1454
f 1672 1664 1663
f 1673 1664 1672
f 1456 1464 1674
f 1456 1674 1663
f 1663 1674 1672
f 1464 1466 1674
f 1665 1675 1676
f 1665 1676 1460
f 1460 1676 1471
f 1675 1668 1667
f 1675 1473 1668
f 1675 1665 1462
f 1473 1675 1462
f 1474 1677 1678
f 1473 1474 1678
f 1473 1678 1669
f 1473 1669 1668
f 1678 1677 1679
f 1680 1681 1682
f 1671 1681 1680
f 1670 1671 1680
f 1670 1680 1477
f 1670 1477 1476
f 1463 1670 1476
f 1683 1673 1672
f 1684 1673 1683
f 1674 1685 1672
f 1685 1683 1672
f 1466 1478 1686
f 1466 1686 1674
f 1674 1686 1685
f 1478 1480 1686
f 1485 1687 1484
f 1688 1687 1485
f 1688 1485 1689
f 1689 1485 1486
f 1487 1690 1486
f 1486 1690 1689
f 1676 1487 1471
f 1690 1487 1676
f 1677 1489 1691
f 1474 1489 1677
f 1692 1679 1677
f 1692 1677 1693
f 1693 1677 1691
f 1693 1694 1695
f 1692 1693 1695
f 1695 1694 1696
f 1697 1698 1699
f 1682 1698 1697
f 1682 1697 1680
f 1680 1697 1700
f 1477 1700 1490
f 1680 1700 1477
f 1683 1701 1684
f 1701 1702 1703
f 1701 1683 1702
f 1683 1685 1702
f 1686 1704 1685
f 1704 1702 1685
f 1480 1491 1705
f 1480 1705 1686
f 1686 1705 1704
f 1491 1492 1706
f 1705 1491 1706
f 1492 1493 1707
f 1706 1492 1707
f 1708 1707 1493
f 1708 1493 1709
f 1709 1493 1494
f 1687 1494 1484
f 1687 1710 1494
f 1710 1709 1494
f 1688 1710 1687
f 1691 1495 1711
f 1489 1495 1691
f 1693 1691 1712
f 1712 1691 1711
f 1497 1712 1498
f 1497 1694 1712
f 1694 1693 1712
f 1694 1713 1696
f 1694 1497 1713
f 1497 1500 1713
f 1699 1502 1697
f 1699 1713 1502
f 1713 1500 1502
f 1504 1697 1502
f 1700 1697 1504
f 1490 1700 1504
f 1702 1714 1703
f 1704 1714 1702
f 1715 1714 1704
f 1705 1715 1704
f 1716 1715 1705
f 1706 1716 1705
f 1717 1716 1706
f 1707 1717 1706
f 1718 1717 1707
f 1708 1718 1707
f 1719 1720 1721
f 1495 1505 1711
f 1719 1721 1722
f 1507 1711 1505
f 1507 1723 1711
f 1723 1712 1711
f 1498 1723 1509
f 1712 1723 1498
f 1724 1725 1726
f 1720 1724 1726
f 1720 1719 1724
f 1719 1727 1724
f 1728 1719 1722
f 1727 1719 1728
f 1507 1511 1723
f 1509 1723 1511
f 1729 1725 1724
f 1730 1725 1729
f 1727 1731 1724
f 1731 1729 1724
f 1732 1727 1728
f 1731 1727 1732
f 1519 1733 1734
f 1518 1733 1519
f 1730 1729 1520
f 1730 1520 1734
f 1734 1520 1519
f 1521 1520 1729
f 1731 1521 1729
f 1731 1732 1735
f 1731 1735 1521
f 1521 1735 1522
f 1736 1735 1737
f 1736 1523 1735
f 1523 1522 1735
f 1523 1736 1524
f 1527 1526 1738
f 1739 1527 1738
f 1739 1740 1527
f 1740 1528 1527
f 1733 1518 1528
f 1740 1733 1528
f 1736 1737 1741
f 1741 1524 1736
f 1741 1742 1524
f 1742 1530 1524
f 1533 1532 1743
f 1533 1743 1535
f 1537 1536 1744
f 1537 1744 1745
f 1526 1537 1745
f 1526 1745 1746
f 1526 1746 1738
f 1739 1738 1746
f 1747 1748 1749
f 1747 1742 1748
f 1747 1538 1742
f 1538 1530 1742
f 1540 1539 1750
f 1540 1750 1751
f 1532 1540 1751
f 1532 1751 1752
f 1532 1752 1743
f 1535 1743 1752
f 1535 1752 1541
f 1541 1752 1753
f 1744 1536 1541
f 1744 1541 1754
f 1754 1541 1753
f 1745 1744 1754
f 1542 1747 1749
f 1542 1749 1543
f 1543 1749 1755
f 1538 1747 1542
f 1750 1545 1756
f 1539 1545 1750
f 1757 1751 1750
f 1757 1750 1758
f 1758 1750 1756
f 1757 1758 1759
f 1760 1761 1762
f 1760 1547 1546
f 1760 1546 1761
f 1761 1546 1763
f 1755 1546 1543
f 1763 1546 1755
f 1550 1549 1764
f 1550 1756 1545
f 1550 1764 1756
f 1764 1765 1756
f 1766 1767 1758
f 1766 1758 1765
f 1765 1758 1756
f 1759 1758 1767
f 1768 1769 1770
f 1768 1771 1772
f 1769 1768 1772
f 1762 1772 1771
f 1760 1762 1771
f 1760 1771 1552
f 1760 1552 1551
f 1547 1760 1551
f 1555 1554 1773
f 1555 1764 1549
f 1555 1773 1764
f 1773 1774 1764
f 1775 1776 1765
f 1775 1765 1774
f 1774 1765 1764
f 1766 1765 1776
f 1557 1768 1770
f 1557 1770 1558
f 1558 1770 1777
f 1559 1768 1557
f 1771 1768 1559
f 1552 1771 1559
f 1561 1560 1778
f 1779 1561 1778
f 1779 1780 1561
f 1780 1562 1561
f 1773 1554 1562
f 1773 1562 1781
f 1781 1562 1780
f 1774 1773 1781
f 1782 1774 1781
f 1775 1774 1782
f 1783 1784 1785
f 1783 1786 1787
f 1784 1783 1787
f 1786 1788 1789
f 1787 1786 1789
f 1788 1777 1789
f 1788 1564 1777
f 1564 1558 1777
f 1566 1790 1791
f 1565 1790 1566
f 1778 1560 1566
f 1778 1566 1792
f 1792 1566 1791
f 1779 1778 1792
f 1793 1783 1785
f 1794 1793 1785
f 1568 1793 1569
f 1568 1786 1793
f 1786 1783 1793
f 1571 1786 1568
f 1788 1786 1571
f 1564 1788 1571
f 1574 1573 1795
f 1574 1795 1796
f 1574 1796 1565
f 1565 1796 1790
f 1797 1798 1799
f 1794 1798 1797
f 1793 1794 1797
f 1793 1797 1577
f 1793 1577 1576
f 1569 1793 1576
f 1795 1800 1801
f 1795 1573 1800
f 1573 1578 1800
f 1796 1795 1801
f 1802 1803 1804
f 1799 1803 1802
f 1797 1799 1802
f 1797 1802 1581
f 1797 1581 1580
f 1577 1797 1580
f 1578 1582 1800
f 1800 1582 1805
f 1584 1802 1804
f 1584 1804 1585
f 1585 1804 1806
f 1581 1802 1584
f 1807 1808 1809
f 1807 1809 1805
f 1807 1805 1586
f 1586 1805 1582
f 1585 1806 1587
f 1806 1810 1587
f 1811 1808 1807
f 1812 1808 1811
f 1586 1589 1811
f 1807 1586 1811
f 1592 1813 1814
f 1591 1592 1814
f 1810 1592 1587
f 1813 1592 1810
f 1815 1812 1811
f 1816 1812 1815
f 1589 1594 1815
f 1811 1589 1815
f 1598 1817 1597
f 1598 1818 1817
f 1598 1591 1818
f 1591 1814 1818
f 1815 1819 1816
f 1820 1821 1819
f 1599 1820 1819
f 1599 1819 1815
f 1599 1815 1594
f 1599 1600 1822
f 1820 1599 1822
f 1600 1602 1822
f 1604 1823 1603
f 1604 1605 1824
f 1823 1604 1824
f 1605 1825 1824
f 1597 1825 1605
f 1597 1826 1825
f 1597 1817 1826
f 1818 1826 1817
f 1820 1827 1821
f 1827 1828 1829
f 1827 1820 1828
f 1820 1822 1828
f 1602 1606 1830
f 1602 1830 1822
f 1822 1830 1828
f 1606 1831 1830
f 1603 1831 1606
f 1603 1832 1831
f 1603 1823 1832
f 1824 1832 1823
f 1833 1832 1824
f 1825 1833 1824
f 1828 1834 1829
f 1830 1834 1828
f 1835 1834 1830
f 1831 1835 1830
f 1608 1607 1836
f 1837 1608 1836
f 1837 1838 1608
f 1838 1609 1608
f 1610 1609 1839
f 1609 1838 1839
f 1839 1612 1610
f 1840 1612 1839
f 1836 1841 1842
f 1836 1607 1841
f 1607 1613 1841
f 1837 1836 1842
f 1612 1840 1843
f 1614 1612 1843
f 1615 1844 1845
f 1615 1614 1844
f 1614 1843 1844
f 1844 1846 1845
f 1617 1847 1848
f 1616 1847 1617
f 1841 1613 1617
f 1848 1841 1617
f 1615 1845 1618
f 1845 1846 1849
f 1845 1849 1618
f 1618 1849 1619
f 1849 1621 1619
f 1850 1621 1849
f 1616 1622 1847
f 1847 1622 1851
f 1621 1850 1852
f 1623 1621 1852
f 1624 1853 1854
f 1624 1623 1853
f 1623 1852 1853
f 1853 1855 1854
f 1627 1856 1857
f 1626 1856 1627
f 1628 1627 1858
f 1627 1857 1858
f 1851 1622 1628
f 1858 1851 1628
f 1624 1854 1630
f 1854 1855 1859
f 1854 1859 1630
f 1630 1859 1631
f 1859 1633 1631
f 1860 1633 1859
f 1636 1861 1862
f 1635 1861 1636
f 1856 1626 1636
f 1862 1856 1636
f 1633 1860 1863
f 1637 1633 1863
f 1639 1864 1865
f 1639 1637 1864
f 1637 1863 1864
f 1864 1866 1865
f 1635 1640 1861
f 1861 1640 1867
f 1639 1865 1641
f 1642 1868 1869
f 1641 1868 1642
f 1641 1866 1868
f 1641 1865 1866
f 1868 1870 1869
f 1640 1643 1867
f 1867 1643 1871
f 1642 1869 1644
f 1869 1645 1644
f 1869 1872 1645
f 1869 1870 1872
f 1872 1873 1645
f 1645 1873 1647
f 1874 1875 1876
f 1874 1876 1871
f 1874 1871 1648
f 1648 1871 1643
f 1877 1873 1872
f 1878 1877 1872
f 1647 1877 1649
f 1873 1877 1647
f 1652 1875 1874
f 1652 1651 1875
f 1651 1879 1875
f 1648 1652 1874
f 1880 1877 1878
f 1881 1880 1878
f 1649 1880 1654
f 1877 1880 1649
f 1651 1656 1879
f 1879 1656 1882
f 1883 1880 1881
f 1884 1883 1881
f 1654 1883 1658
f 1880 1883 1654
f 1885 1886 1887
f 1885 1887 1882
f 1885 1882 1660
f 1660 1882 1656
f 1888 1889 1890
f 1889 1888 1891
f 1892 1883 1884
f 1893 1892 1884
f 1658 1892 1662
f 1883 1892 1658
f 1894 1886 1885
f 1895 1886 1894
f 1660 1664 1894
f 1885 1660 1894
f 1888 1890 1896
f 1667 1896 1897
f 1891 1897 1896
f 1897 1891 1666
f 1888 1666 1891
f 1666 1888 1667
f 1896 1667 1888
f 1898 1897 1899
f 1897 1666 1899
f 1669 1900 1899
f 1669 1899 1666
f 1899 1900 1901
f 1902 1903 1904
f 1893 1903 1902
f 1893 1902 1892
f 1892 1902 1905
f 1662 1905 1671
f 1892 1905 1662
f 1906 1895 1894
f 1907 1895 1906
f 1664 1673 1906
f 1894 1664 1906
f 1675 1908 1676
f 1675 1909 1908
f 1667 1909 1675
f 1667 1910 1909
f 1667 1897 1910
f 1669 1678 1900
f 1897 1898 1910
f 1679 1911 1912
f 1678 1679 1912
f 1678 1912 1901
f 1678 1901 1900
f 1911 1913 1914
f 1912 1911 1914
f 1913 1915 1916
f 1914 1913 1916
f 1904 1916 1915
f 1904 1915 1902
f 1902 1915 1917
f 1681 1917 1682
f 1681 1905 1917
f 1905 1902 1917
f 1671 1905 1681
f 1918 1907 1906
f 1919 1907 1918
f 1673 1684 1918
f 1906 1673 1918
f 1689 1920 1688
f 1921 1920 1689
f 1921 1689 1922
f 1922 1689 1690
f 1908 1690 1676
f 1908 1923 1690
f 1923 1922 1690
f 1909 1923 1908
f 1679 1692 1911
f 1695 1911 1692
f 1913 1911 1695
f 1696 1913 1695
f 1696 1924 1913
f 1924 1915 1913
f 1698 1924 1699
f 1698 1917 1924
f 1917 1915 1924
f 1682 1917 1698
f 1925 1919 1918
f 1926 1919 1925
f 1684 1701 1927
f 1684 1927 1918
f 1918 1927 1925
f 1701 1703 1927
f 1709 1928 1708
f 1709 1710 1929
f 1928 1709 1929
f 1710 1930 1929
f 1688 1930 1710
f 1688 1931 1930
f 1688 1920 1931
f 1921 1931 1920
f 1932 1933 1934
f 1932 1935 1936
f 1934 1935 1932
f 1936 1937 1938
f 1935 1937 1936
f 1937 1939 1938
f 1696 1713 1924
f 1699 1924 1713
f 1925 1940 1926
f 1940 1941 1942
f 1940 1925 1941
f 1925 1927 1941
f 1703 1714 1943
f 1703 1943 1927
f 1927 1943 1941
f 1714 1715 1944
f 1943 1714 1944
f 1715 1716 1945
f 1944 1715 1945
f 1716 1717 1946
f 1945 1716 1946
f 1717 1718 1947
f 1946 1717 1947
f 1718 1948 1947
f 1708 1948 1718
f 1708 1949 1948
f 1708 1928 1949
f 1929 1949 1928
f 1950 1949 1929
f 1930 1950 1929
f 1951 1933 1932
f 1952 1933 1951
f 1721 1720 1951
f 1721 1951 1936
f 1936 1951 1932
f 1722 1721 1936
f 1722 1936 1953
f 1953 1936 1938
f 1954 1938 1939
f 1953 1938 1954
f 1941 1955 1942
f 1943 1955 1941
f 1956 1955 1943
f 1944 1956 1943
f 1957 1956 1944
f 1945 1957 1944
f 1958 1957 1945
f 1946 1958 1945
f 1959 1958 1946
f 1947 1959 1946
f 1960 1959 1947
f 1948 1960 1947
f 1726 1952 1951
f 1726 1725 1952
f 1725 1961 1952
f 1720 1726 1951
f 1953 1962 1728
f 1722 1953 1728
f 1963 1953 1954
f 1962 1953 1963
f 1725 1730 1961
f 1961 1730 1964
f 1962 1965 1732
f 1728 1962 1732
f 1966 1962 1963
f 1965 1962 1966
f 1734 1967 1968
f 1733 1967 1734
f 1964 1730 1734
f 1968 1964 1734
f 1732 1965 1735
f 1965 1737 1735
f 1965 1966 1737
f 1966 1969 1737
f 1740 1739 1970
f 1740 1970 1971
f 1740 1971 1733
f 1733 1971 1967
f 1972 1741 1737
f 1972 1737 1973
f 1973 1737 1969
f 1741 1972 1742
f 1974 1975 1976
f 1974 1977 1978
f 1976 1977 1974
f 1978 1979 1980
f 1977 1979 1978
f 1979 1981 1980
f 1746 1745 1982
f 1746 1982 1983
f 1739 1746 1983
f 1739 1983 1984
f 1739 1984 1970
f 1971 1970 1984
f 1748 1972 1973
f 1748 1973 1749
f 1749 1973 1985
f 1742 1972 1748
f 1974 1986 1975
f 1986 1987 1988
f 1986 1974 1987
f 1974 1978 1987
f 1980 1989 1978
f 1989 1987 1978
f 1990 1980 1981
f 1989 1980 1990
f 1752 1751 1991
f 1752 1992 1753
f 1991 1992 1752
f 1753 1993 1754
f 1992 1993 1753
f 1754 1982 1745
f 1754 1993 1982
f 1993 1994 1982
f 1995 1983 1982
f 1994 1995 1982
f 1996 1997 1998
f 1996 1985 1997
f 1996 1755 1985
f 1755 1749 1985
f 1999 1988 1987
f 2000 1988 1999
f 1989 2001 1987
f 2001 1999 1987
f 2002 1989 1990
f 2001 1989 2002
f 1751 1757 1991
f 1759 1991 1757
f 1759 2003 1991
f 2003 1992 1991
f 1993 1992 2004
f 2004 1992 2003
f 1994 1993 2005
f 2005 1993 2004
f 2006 1995 1994
f 2006 1994 2007
f 2007 1994 2005
f 2007 2008 2009
f 2006 2007 2009
f 2008 2010 2011
f 2009 2008 2011
f 2010 1762 1761
f 2010 1761 2011
f 2011 1761 2012
f 1998 1763 1996
f 1998 2012 1763
f 2012 1761 1763
f 1755 1996 1763
f 1999 2013 2000
f 2001 2013 1999
f 2014 2013 2001
f 2002 2014 2001
f 1767 1766 2015
f 1767 2003 1759
f 1767 2015 2003
f 2015 2016 2003
f 2004 2003 2017
f 2017 2003 2016
f 2005 2004 2018
f 2018 2004 2017
f 2007 2005 2019
f 2019 2005 2018
f 1769 2019 1770
f 1769 2008 2019
f 2008 2007 2019
f 1772 2008 1769
f 2010 2008 1772
f 1762 2010 1772
f 1776 1775 2020
f 1776 2015 1766
f 1776 2020 2015
f 2020 2021 2015
f 2016 2015 2022
f 2022 2015 2021
f 2017 2016 2023
f 2023 2016 2022
f 2018 2017 2024
f 2024 2017 2023
f 2019 2018 2025
f 2025 2018 2024
f 1770 2025 1777
f 2019 2025 1770
f 1780 1779 2026
f 1780 2027 1781
f 2026 2027 1780
f 1781 2028 1782
f 2027 2028 1781
f 1782 2020 1775
f 1782 2028 2020
f 2028 2029 2020
f 2021 2020 2030
f 2030 2020 2029
f 2022 2021 2031
f 2031 2021 2030
f 1784 2031 1785
f 1784 2023 2031
f 2023 2022 2031
f 1787 2023 1784
f 2024 2023 1787
f 1789 2024 1787
f 2025 2024 1789
f 1777 2025 1789
f 1791 1790 2032
f 2033 1791 2032
f 2033 2034 1791
f 2034 1792 1791
f 2026 1779 1792
f 2026 1792 2035
f 2035 1792 2034
f 2027 2026 2035
f 2036 2027 2035
f 2036 2037 2038
f 2036 2038 2027
f 2027 2038 2028
f 2029 2028 2039
f 2039 2028 2038
f 2030 2029 2040
f 2040 2029 2039
f 2031 2030 2041
f 2041 2030 2040
f 1785 2041 1794
f 2031 2041 1785
f 2032 2042 2043
f 2032 1790 2042
f 1790 1796 2042
f 2033 2032 2043
f 2038 2037 2044
f 2044 2045 2046
f 2044 2046 2038
f 2038 2046 2039
f 2040 2039 2047
f 2047 2039 2046
f 1798 2047 1799
f 1798 2041 2047
f 2041 2040 2047
f 1794 2041 1798
f 1801 2048 2049
f 1800 2048 1801
f 2042 1796 1801
f 2049 2042 1801
f 2046 2045 2050
f 1803 2051 1804
f 1803 2046 2051
f 1803 2047 2046
f 2046 2050 2051
f 1799 2047 1803
f 2052 2053 2054
f 2052 2054 2048
f 2052 2048 1805
f 1805 2048 1800
f 1804 2051 1806
f 2051 2055 1806
f 1809 2053 2052
f 1809 1808 2053
f 1808 2056 2053
f 1805 1809 2052
f 1806 2055 1810
f 2055 2057 1810
f 1808 1812 2056
f 2056 1812 2058
f 1813 2059 2060
f 1814 1813 2060
f 2057 1813 1810
f 2059 1813 2057
f 2061 2062 2063
f 2061 2063 2058
f 2061 2058 1816
f 1816 2058 1812
f 1814 2060 1818
f 2060 2064 1818
f 2061 2065 2062
f 2066 2067 2065
f 1819 2066 2065
f 1819 2065 2061
f 1819 2061 1816
f 1819 1821 2066
f 1826 2068 2069
f 1825 1826 2069
f 2064 1826 1818
f 2068 1826 2064
f 2070 2067 2066
f 2071 2067 2070
f 1821 1827 2072
f 1821 2072 2066
f 2066 2072 2070
f 1827 1829 2072
f 1832 2073 1831
f 2074 2073 1832
f 2074 1832 2075
f 2075 1832 1833
f 2069 1833 1825
f 2075 1833 2069
f 2070 2076 2071
f 2072 2076 2070
f 2077 2076 2072
f 2078 2079 2077
f 1834 2078 2077
f 1834 2077 2072
f 1834 2072 1829
f 2080 2078 1834
f 2080 1834 2081
f 2081 1834 1835
f 2073 1835 1831
f 2073 2082 1835
f 2082 2081 1835
f 2074 2082 2073
f 2078 2083 2079
f 2080 2083 2078
f 1838 2084 2085
f 1837 2084 1838
f 1839 1838 2086
f 1838 2085 2086
f 1840 2087 2088
f 1840 1839 2087
f 1839 2086 2087
f 2087 2089 2088
f 1842 2090 2091
f 1841 2090 1842
f 2084 1837 1842
f 2091 2084 1842
f 1840 2088 1843
f 2088 2089 2092
f 2088 2092 1843
f 1843 2092 1844
f 2092 1846 1844
f 2093 1846 2092
f 1848 1847 2094
f 1848 2094 2095
f 1848 2095 1841
f 1841 2095 2090
f 1846 2093 2096
f 1849 1846 2096
f 1850 2097 2098
f 1850 1849 2097
f 1849 2096 2097
f 2097 2099 2098
f 2100 2101 2102
f 2102 2103 2100
f 2094 2104 2105
f 2094 1847 2104
f 1847 1851 2104
f 2095 2094 2105
f 1850 2098 1852
f 2098 2099 2106
f 2098 2106 1852
f 1852 2106 1853
f 2106 1855 1853
f 2107 1855 2106
f 1857 2101 2100
f 1857 1856 2101
f 1856 2108 2101
f 2100 2103 2109
f 2100 2109 1857
f 1857 2109 1858
f 2104 1851 1858
f 2109 2104 1858
f 1855 2107 2110
f 1859 1855 2110
f 1860 2111 2112
f 1860 1859 2111
f 1859 2110 2111
f 2111 2113 2112
f 1862 2114 2115
f 1861 2114 1862
f 2108 1856 1862
f 2115 2108 1862
f 1860 2112 1863
f 2112 2113 2116
f 2112 2116 1863
f 1863 2116 1864
f 2116 1866 1864
f 2117 1866 2116
f 1861 1867 2114
f 2114 1867 2118
f 2119 1868 1866
f 2119 1866 2120
f 2120 1866 2117
f 1868 2119 1870
f 2121 2122 2123
f 2121 2123 2118
f 2121 2118 1871
f 1871 2118 1867
f 2124 2119 2120
f 2125 2124 2120
f 1870 2124 1872
f 2119 2124 1870
f 1876 2122 2121
f 1876 1875 2122
f 1875 2126 2122
f 1871 1876 2121
f 2127 2128 2129
f 2125 2128 2127
f 2125 2127 2124
f 2124 2127 2130
f 1872 2130 1878
f 2124 2130 1872
f 2131 2132 2133
f 2131 2133 2126
f 2131 2126 1879
f 1879 2126 1875
f 2134 2127 2129
f 2135 2134 2129
f 2130 2127 2136
f 2136 2127 2134
f 1878 2136 1881
f 2130 2136 1878
f 2137 2132 2131
f 2138 2132 2137
f 1879 1882 2137
f 2131 1879 2137
f 2139 2140 2141
f 2140 2139 2142
f 2143 2134 2135
f 2144 2143 2135
f 2136 2134 2145
f 2145 2134 2143
f 1881 2145 1884
f 2136 2145 1881
f 1887 2138 2137
f 1887 1886 2138
f 1886 2146 2138
f 1882 1887 2137
f 1889 2147 1890
f 2141 2148 2139
f 2147 1889 1891
f 2149 2150 2151
f 2139 2148 2142
f 2150 2152 2153
f 2151 2150 2153
f 2152 2154 2155
f 2153 2152 2155
f 2144 2155 2154
f 2144 2154 2143
f 2143 2154 2156
f 2145 2143 2157
f 2157 2143 2156
f 1884 2157 1893
f 2145 2157 1884
f 2158 2159 2160
f 2158 2160 2146
f 2158 2146 1895
f 1895 2146 1886
f 1890 2147 1896
f 1891 1896 2147
f 1899 2150 2149
f 1899 2149 1898
f 1898 2149 2161
f 1901 2150 1899
f 1901 2162 2150
f 2162 2152 2150
f 2154 2152 2163
f 2163 2152 2162
f 2156 2154 2164
f 2164 2154 2163
f 1903 2164 1904
f 1903 2157 2164
f 2157 2156 2164
f 1893 2157 1903
f 2165 2159 2158
f 2166 2159 2165
f 1895 1907 2165
f 2158 1895 2165
f 1910 2167 2168
f 1909 1910 2168
f 2161 1910 1898
f 2167 1910 2161
f 1901 1912 2162
f 1914 2162 1912
f 2163 2162 1914
f 1916 2163 1914
f 2164 2163 1916
f 1904 2164 1916
f 2169 2166 2165
f 2170 2166 2169
f 1907 1919 2169
f 2165 1907 2169
f 1922 2171 2172
f 1921 1922 2172
f 1923 2173 1922
f 1922 2173 2171
f 2174 2175 2176
f 1909 2168 1923
f 2173 1923 2168
f 2176 2177 2174
f 2178 2170 2169
f 2179 2170 2178
f 1919 1926 2178
f 2169 1919 2178
f 1931 2180 2181
f 1930 1931 2181
f 2172 1931 1921
f 2180 1931 2172
f 1934 2182 2183
f 1933 2182 1934
f 2175 2174 1935
f 2175 1935 2183
f 2183 1935 1934
f 2174 2177 2184
f 2174 2184 1935
f 1935 2184 1937
f 2184 1939 1937
f 2185 1939 2184
f 2186 2187 2188
f 2186 2189 2190
f 2188 2189 2186
f 2190 2191 2192
f 2189 2191 2190
f 2179 2192 2191
f 2179 2178 2192
f 2178 2193 2192
f 1926 1940 2194
f 1926 2194 2178
f 2178 2194 2193
f 1940 1942 2194
f 1949 2195 1948
f 2196 2195 1949
f 2196 1949 2197
f 2197 1949 1950
f 2181 1950 1930
f 2197 1950 2181
f 1933 1952 2182
f 2182 1952 2198
f 2199 2200 1954
f 2199 1954 2185
f 2185 1954 1939
f 2199 2201 2200
f 2202 2203 2204
f 2202 2205 2206
f 2204 2205 2202
f 2187 2206 2205
f 2187 2186 2206
f 2186 2207 2206
f 2190 2208 2186
f 2208 2207 2186
f 2192 2209 2190
f 2209 2208 2190
f 2193 2210 2192
f 2210 2209 2192
f 2194 2211 2193
f 2211 2210 2193
f 1942 1955 2212
f 1942 2212 2194
f 2194 2212 2211
f 1955 1956 2213
f 2212 1955 2213
f 1956 1957 2214
f 2213 1956 2214
f 1957 1958 2215
f 2214 1957 2215
f 1958 1959 2216
f 2215 1958 2216
f 2217 2216 1959
f 2217 1959 2218
f 2218 1959 1960
f 2195 1960 1948
f 2195 2219 1960
f 2219 2218 1960
f 2196 2219 2195
f 1952 1961 2198
f 2198 1961 2220
f 2200 2221 2222
f 2200 2222 1954
f 1954 2222 1963
f 2201 2221 2200
f 2223 2203 2202
f 2224 2203 2223
f 2206 2225 2202
f 2225 2223 2202
f 2207 2226 2206
f 2226 2225 2206
f 2208 2227 2207
f 2227 2226 2207
f 2209 2228 2208
f 2228 2227 2208
f 2210 2229 2209
f 2229 2228 2209
f 2211 2230 2210
f 2230 2229 2210
f 2231 2212 2232
f 2231 2230 2212
f 2230 2211 2212
f 2213 2232 2212
f 2233 2232 2213
f 2214 2233 2213
f 2234 2233 2214
f 2215 2234 2214
f 2235 2234 2215
f 2216 2235 2215
f 2236 2235 2216
f 2217 2236 2216
f 1961 1964 2220
f 2220 1964 2237
f 1963 2222 1966
f 2222 2238 1966
f 2239 2224 2223
f 2240 2224 2239
f 2225 2241 2223
f 2241 2239 2223
f 2226 2242 2225
f 2242 2241 2225
f 2227 2243 2226
f 2243 2242 2226
f 2228 2244 2227
f 2244 2243 2227
f 2229 2245 2228
f 2245 2244 2228
f 2230 2246 2229
f 2246 2245 2229
f 2247 2230 2231
f 2246 2230 2247
f 1968 1967 2248
f 1968 2248 2249
f 1968 2249 1964
f 1964 2249 2237
f 1966 2238 1969
f 2238 2250 1969
f 2251 2240 2239
f 2252 2240 2251
f 2241 2253 2239
f 2253 2251 2239
f 2242 2254 2241
f 2254 2253 2241
f 2243 2255 2242
f 2255 2254 2242
f 2244 2256 2243
f 2256 2255 2243
f 2245 2257 2244
f 2257 2256 2244
f 2246 2258 2245
f 2258 2257 2245
f 2259 2246 2247
f 2258 2246 2259
f 2248 1971 2260
f 1967 1971 2248
f 2261 2249 2248
f 2260 2261 2248
f 1969 2250 1973
f 2250 2262 1973
f 2263 2264 2265
f 2252 2263 2265
f 2252 2251 2263
f 2251 2266 2263
f 2253 2267 2251
f 2267 2266 2251
f 1976 1975 2267
f 1976 2267 2254
f 2254 2267 2253
f 1977 1976 2254
f 2255 1977 2254
f 1979 1977 2255
f 2256 1979 2255
f 1981 1979 2256
f 1981 2256 2268
f 2268 2256 2257
f 2258 2269 2257
f 2269 2268 2257
f 2270 2258 2259
f 2270 2271 2258
f 2271 2269 2258
f 2270 2272 2271
f 1984 1983 2273
f 1984 2260 1971
f 1984 2273 2260
f 2273 2274 2260
f 2275 2261 2260
f 2274 2275 2260
f 2276 2277 2278
f 2276 2262 2277
f 2276 1985 2262
f 1985 1973 2262
f 2279 2264 2263
f 2280 2264 2279
f 2266 2281 2263
f 2281 2279 2263
f 2267 2282 2266
f 2282 2281 2266
f 1975 1986 2283
f 1975 2283 2267
f 2267 2283 2282
f 1986 1988 2283
f 2268 2284 1990
f 1981 2268 1990
f 2269 2285 2268
f 2285 2284 2268
f 2271 2286 2269
f 2286 2285 2269
f 2287 2271 2272
f 2286 2271 2287
f 2273 1995 2288
f 1983 1995 2273
f 2274 2273 2289
f 2289 2273 2288
f 2290 2275 2274
f 2290 2274 2291
f 2291 2274 2289
f 2291 2292 2293
f 2290 2291 2293
f 2278 2293 2292
f 2276 2278 2292
f 2276 2292 1998
f 2276 1998 1997
f 1985 2276 1997
f 2294 2280 2279
f 2295 2280 2294
f 2281 2296 2279
f 2296 2294 2279
f 2282 2297 2281
f 2297 2296 2281
f 2283 2298 2282
f 2298 2297 2282
f 1988 2000 2298
f 2283 1988 2298
f 2284 2299 2002
f 1990 2284 2002
f 2285 2300 2284
f 2300 2299 2284
f 2286 2301 2285
f 2301 2300 2285
f 2302 2286 2287
f 2301 2286 2302
f 1995 2006 2288
f 2009 2288 2006
f 2289 2288 2009
f 2011 2289 2009
f 2291 2289 2011
f 2012 2291 2011
f 2292 2291 2012
f 1998 2292 2012
f 2294 2303 2295
f 2296 2303 2294
f 2304 2303 2296
f 2304 2305 2306
f 2304 2296 2305
f 2296 2297 2305
f 2298 2307 2297
f 2307 2305 2297
f 2000 2013 2308
f 2000 2308 2298
f 2298 2308 2307
f 2013 2014 2309
f 2308 2013 2309
f 2014 2002 2299
f 2014 2299 2309
f 2309 2299 2310
f 2311 2300 2312
f 2311 2310 2300
f 2310 2299 2300
f 2301 2312 2300
f 2313 2312 2301
f 2302 2313 2301
f 2314 2306 2305
f 2315 2306 2314
f 2307 2316 2305
f 2316 2314 2305
f 2308 2317 2307
f 2317 2316 2307
f 2309 2318 2308
f 2318 2317 2308
f 2310 2319 2309
f 2319 2318 2309
f 2320 2310 2311
f 2319 2310 2320
f 2321 2315 2314
f 2322 2315 2321
f 2316 2323 2314
f 2323 2321 2314
f 2317 2324 2316
f 2324 2323 2316
f 2318 2325 2317
f 2325 2324 2317
f 2326 2319 2327
f 2326 2325 2319
f 2325 2318 2319
f 2320 2327 2319
f 2321 2328 2322
f 2323 2328 2321
f 2329 2328 2323
f 2324 2329 2323
f 2330 2329 2324
f 2325 2330 2324
f 2331 2330 2325
f 2326 2331 2325
f 2034 2033 2332
f 2034 2333 2035
f 2332 2333 2034
f 2035 2334 2036
f 2333 2334 2035
f 2036 2334 2037
f 2043 2042 2335
f 2043 2335 2336
f 2033 2043 2336
f 2033 2336 2337
f 2033 2337 2332
f 2333 2332 2337
f 2338 2333 2337
f 2334 2333 2338
f 2339 2334 2338
f 2340 2339 2341
f 2044 2339 2340
f 2044 2334 2339
f 2044 2037 2334
f 2044 2340 2045
f 2049 2342 2343
f 2048 2342 2049
f 2335 2042 2049
f 2335 2049 2344
f 2344 2049 2343
f 2336 2335 2344
f 2340 2341 2345
f 2346 2345 2347
f 2050 2345 2346
f 2050 2340 2345
f 2050 2045 2340
f 2050 2346 2051
f 2054 2348 2349
f 2053 2348 2054
f 2342 2048 2054
f 2349 2342 2054
f 2350 2346 2347
f 2351 2350 2347
f 2051 2350 2055
f 2346 2350 2051
f 2053 2056 2348
f 2348 2056 2352
f 2353 2350 2351
f 2354 2353 2351
f 2055 2353 2057
f 2350 2353 2055
f 2355 2356 2357
f 2355 2357 2352
f 2355 2352 2058
f 2058 2352 2056
f 2059 2353 2354
f 2059 2354 2060
f 2060 2354 2358
f 2057 2353 2059
f 2063 2356 2355
f 2063 2062 2356
f 2062 2359 2356
f 2058 2063 2355
f 2060 2358 2064
f 2358 2360 2064
f 2361 2062 2065
f 2361 2362 2062
f 2362 2359 2062
f 2065 2067 2361
f 2068 2363 2364
f 2069 2068 2364
f 2360 2068 2064
f 2363 2068 2360
f 2365 2362 2361
f 2366 2362 2365
f 2067 2071 2365
f 2361 2067 2365
f 2075 2367 2074
f 2075 2368 2367
f 2075 2069 2368
f 2069 2364 2368
f 2365 2369 2366
f 2370 2371 2369
f 2076 2370 2369
f 2076 2369 2365
f 2076 2365 2071
f 2076 2077 2372
f 2370 2076 2372
f 2077 2079 2372
f 2081 2373 2080
f 2081 2082 2374
f 2373 2081 2374
f 2082 2375 2374
f 2074 2375 2082
f 2074 2376 2375
f 2074 2367 2376
f 2368 2376 2367
f 2370 2377 2371
f 2372 2377 2370
f 2378 2377 2372
f 2079 2378 2372
f 2079 2083 2378
f 2083 2379 2378
f 2373 2083 2080
f 2373 2380 2083
f 2380 2379 2083
f 2374 2380 2373
f 2381 2380 2374
f 2375 2381 2374
f 2382 2383 2384
f 2382 2385 2386
f 2384 2385 2382
f 2386 2387 2388
f 2385 2387 2386
f 2388 2389 2390
f 2387 2389 2388
f 2390 2391 2392
f 2389 2391 2390
f 2391 2393 2392
f 2394 2395 2396
f 2383 2394 2396
f 2383 2382 2394
f 2382 2397 2394
f 2386 2398 2382
f 2398 2397 2382
f 2388 2399 2386
f 2399 2398 2386
f 2390 2400 2388
f 2400 2399 2388
f 2392 2401 2390
f 2401 2400 2390
f 2402 2392 2393
f 2402 2403 2392
f 2403 2401 2392
f 2403 2404 2405
f 2402 2404 2403
f 2404 2406 2405
f 2407 2395 2394
f 2408 2395 2407
f 2397 2409 2394
f 2409 2407 2394
f 2398 2410 2397
f 2410 2409 2397
f 2399 2411 2398
f 2411 2410 2398
f 2400 2412 2399
f 2412 2411 2399
f 2401 2413 2400
f 2413 2412 2400
f 2403 2414 2401
f 2414 2413 2401
f 2405 2415 2403
f 2415 2414 2403
f 2416 2405 2406
f 2415 2405 2416
f 2407 2417 2408
f 2409 2417 2407
f 2418 2417 2409
f 2418 2419 2420
f 2418 2409 2419
f 2409 2410 2419
f 2411 2421 2410
f 2421 2419 2410
f 2412 2422 2411
f 2422 2421 2411
f 2413 2423 2412
f 2423 2422 2412
f 2414 2424 2413
f 2424 2423 2413
f 2415 2425 2414
f 2425 2424 2414
f 2426 2415 2416
f 2426 2427 2415
f 2427 2425 2415
f 2426 2428 2427
f 2419 2429 2420
f 2421 2429 2419
f 2430 2429 2421
f 2422 2430 2421
f 2431 2430 2422
f 2423 2431 2422
f 2432 2431 2423
f 2424 2432 2423
f 2433 2432 2424
f 2425 2433 2424
f 2434 2433 2425
f 2427 2434 2425
f 2435 2434 2427
f 2428 2435 2427
f 2085 2084 2436
f 2437 2085 2436
f 2437 2438 2085
f 2438 2086 2085
f 2087 2086 2439
f 2086 2438 2439
f 2439 2089 2087
f 2440 2089 2439
f 2091 2090 2441
f 2091 2441 2442
f 2084 2091 2442
f 2084 2442 2443
f 2084 2443 2436
f 2437 2436 2443
f 2089 2440 2444
f 2092 2089 2444
f 2093 2445 2446
f 2093 2092 2445
f 2092 2444 2445
f 2445 2447 2446
f 2441 2095 2448
f 2090 2095 2441
f 2449 2442 2441
f 2448 2449 2441
f 2093 2446 2096
f 2446 2447 2450
f 2446 2450 2096
f 2096 2450 2097
f 2450 2099 2097
f 2451 2099 2450
f 2102 2101 2452
f 2453 2452 2454
f 2453 2102 2452
f 2453 2455 2103
f 2102 2453 2103
f 2453 2104 2455
f 2453 2105 2104
f 2453 2456 2457
f 2105 2453 2457
f 2105 2457 2458
f 2095 2105 2458
f 2095 2458 2459
f 2095 2459 2448
f 2449 2448 2459
f 2099 2451 2460
f 2106 2099 2460
f 2107 2461 2462
f 2107 2106 2461
f 2106 2460 2461
f 2461 2463 2462
f 2452 2464 2465
f 2452 2101 2464
f 2101 2108 2464
f 2455 2109 2103
f 2465 2454 2452
f 2456 2466 2457
f 2109 2455 2104
f 2458 2457 2466
f 2107 2462 2110
f 2462 2111 2110
f 2462 2467 2111
f 2462 2463 2467
f 2467 2468 2111
f 2111 2468 2113
f 2115 2469 2470
f 2114 2469 2115
f 2464 2108 2115
f 2470 2464 2115
f 2471 2468 2467
f 2472 2471 2467
f 2113 2473 2116
f 2113 2468 2473
f 2468 2471 2473
f 2116 2473 2117
f 2114 2118 2469
f 2469 2118 2474
f 2475 2471 2472
f 2476 2475 2472
f 2473 2471 2477
f 2477 2471 2475
f 2117 2477 2120
f 2473 2477 2117
f 2123 2478 2479
f 2122 2478 2123
f 2474 2118 2123
f 2479 2474 2123
f 2480 2481 2482
f 2476 2481 2480
f 2476 2480 2475
f 2475 2480 2483
f 2477 2475 2484
f 2484 2475 2483
f 2120 2484 2125
f 2477 2484 2120
f 2122 2126 2478
f 2478 2126 2485
f 2486 2480 2482
f 2487 2486 2482
f 2483 2480 2488
f 2488 2480 2486
f 2128 2488 2129
f 2128 2484 2488
f 2484 2483 2488
f 2125 2484 2128
f 2133 2489 2490
f 2132 2489 2133
f 2485 2126 2133
f 2490 2485 2133
f 2491 2492 2493
f 2491 2494 2495
f 2492 2491 2495
f 2487 2495 2494
f 2487 2494 2486
f 2486 2494 2496
f 2488 2486 2497
f 2497 2486 2496
f 2129 2497 2135
f 2488 2497 2129
f 2132 2138 2489
f 2489 2138 2498
f 2499 2141 2140
f 2493 2500 2491
f 2494 2491 2501
f 2502 2494 2501
f 2142 2502 2501
f 2140 2142 2501
f 2499 2140 2501
f 2503 2499 2501
f 2500 2503 2501
f 2491 2500 2501
f 2496 2494 2504
f 2504 2494 2502
f 2497 2496 2505
f 2505 2496 2504
f 2135 2505 2144
f 2497 2505 2135
f 2506 2507 2508
f 2506 2508 2498
f 2506 2498 2146
f 2146 2498 2138
f 2141 2499 2148
f 2142 2148 2509
f 2502 2142 2509
f 2151 2502 2509
f 2149 2151 2509
f 2510 2149 2509
f 2503 2510 2509
f 2499 2503 2509
f 2148 2499 2509
f 2153 2502 2151
f 2504 2502 2153
f 2155 2504 2153
f 2505 2504 2155
f 2144 2505 2155
f 2160 2507 2506
f 2160 2159 2507
f 2159 2511 2507
f 2146 2160 2506
f 2149 2510 2161
f 2510 2512 2161
f 2513 2514 2515
f 2513 2515 2511
f 2513 2511 2166
f 2166 2511 2159
f 2516 2517 2518
f 2516 2168 2167
f 2516 2167 2517
f 2517 2167 2519
f 2512 2167 2161
f 2519 2167 2512
f 2520 2514 2513
f 2521 2514 2520
f 2166 2170 2520
f 2513 2166 2520
f 2171 2522 2523
f 2172 2171 2523
f 2518 2173 2516
f 2518 2522 2173
f 2522 2171 2173
f 2168 2516 2173
f 2176 2175 2524
f 2176 2524 2177
f 2525 2526 2527
f 2525 2528 2529
f 2527 2528 2525
f 2529 2530 2531
f 2528 2530 2529
f 2521 2531 2530
f 2521 2520 2531
f 2520 2532 2531
f 2170 2179 2532
f 2520 2170 2532
f 2180 2533 2181
f 2180 2534 2533
f 2180 2172 2534
f 2172 2523 2534
f 2183 2182 2535
f 2183 2535 2536
f 2175 2183 2536
f 2175 2536 2537
f 2175 2537 2524
f 2177 2524 2537
f 2177 2537 2184
f 2184 2537 2538
f 2538 2185 2184
f 2539 2185 2538
f 2540 2541 2542
f 2540 2543 2544
f 2542 2543 2540
f 2526 2544 2543
f 2526 2525 2544
f 2525 2545 2544
f 2188 2187 2545
f 2188 2545 2529
f 2529 2545 2525
f 2189 2188 2529
f 2531 2189 2529
f 2191 2189 2531
f 2532 2191 2531
f 2179 2191 2532
f 2197 2546 2547
f 2196 2197 2547
f 2533 2197 2181
f 2533 2548 2197
f 2548 2546 2197
f 2534 2548 2533
f 2535 2198 2549
f 2182 2198 2535
f 2550 2536 2535
f 2549 2550 2535
f 2551 2199 2185
f 2551 2185 2552
f 2552 2185 2539
f 2199 2551 2201
f 2553 2541 2540
f 2554 2541 2553
f 2204 2203 2553
f 2204 2553 2544
f 2544 2553 2540
f 2205 2204 2544
f 2545 2205 2544
f 2187 2205 2545
f 2218 2555 2217
f 2556 2555 2218
f 2556 2218 2557
f 2557 2218 2219
f 2547 2219 2196
f 2557 2219 2547
f 2549 2220 2558
f 2198 2220 2549
f 2559 2550 2549
f 2558 2559 2549
f 2560 2561 2562
f 2552 2561 2560
f 2551 2552 2560
f 2551 2560 2222
f 2551 2222 2221
f 2201 2551 2221
f 2563 2564 2565
f 2554 2563 2565
f 2554 2553 2563
f 2553 2566 2563
f 2203 2224 2566
f 2553 2203 2566
f 2232 2567 2231
f 2232 2233 2568
f 2567 2232 2568
f 2233 2234 2569
f 2568 2233 2569
f 2234 2235 2570
f 2569 2234 2570
f 2571 2570 2235
f 2571 2235 2572
f 2572 2235 2236
f 2555 2236 2217
f 2555 2573 2236
f 2573 2572 2236
f 2556 2573 2555
f 2558 2237 2574
f 2220 2237 2558
f 2575 2559 2558
f 2575 2558 2576
f 2576 2558 2574
f 2562 2575 2576
f 2562 2576 2560
f 2560 2576 2577
f 2222 2577 2238
f 2560 2577 2222
f 2578 2564 2563
f 2579 2564 2578
f 2566 2580 2563
f 2580 2578 2563
f 2224 2240 2580
f 2566 2224 2580
f 2567 2581 2247
f 2231 2567 2247
f 2568 2582 2567
f 2582 2581 2567
f 2583 2569 2584
f 2583 2582 2569
f 2582 2568 2569
f 2570 2584 2569
f 2585 2584 2570
f 2571 2585 2570
f 2574 2249 2586
f 2237 2249 2574
f 2576 2574 2587
f 2587 2574 2586
f 2577 2576 2588
f 2588 2576 2587
f 2238 2588 2250
f 2577 2588 2238
f 2589 2579 2578
f 2590 2579 2589
f 2580 2591 2578
f 2591 2589 2578
f 2240 2252 2591
f 2580 2240 2591
f 2581 2592 2259
f 2247 2581 2259
f 2582 2593 2581
f 2593 2592 2581
f 2594 2582 2583
f 2593 2582 2594
f 2586 2261 2595
f 2249 2261 2586
f 2587 2586 2596
f 2596 2586 2595
f 2588 2587 2597
f 2597 2587 2596
f 2250 2597 2262
f 2588 2597 2250
f 2598 2599 2600
f 2590 2598 2600
f 2590 2589 2598
f 2589 2601 2598
f 2265 2264 2601
f 2265 2601 2591
f 2591 2601 2589
f 2252 2265 2591
f 2259 2592 2270
f 2272 2270 2592
f 2272 2592 2602
f 2602 2592 2593
f 2603 2593 2594
f 2603 2604 2593
f 2604 2602 2593
f 2603 2605 2604
f 2595 2275 2606
f 2261 2275 2595
f 2596 2595 2607
f 2607 2595 2606
f 2277 2607 2278
f 2277 2597 2607
f 2597 2596 2607
f 2262 2597 2277
f 2608 2599 2598
f 2609 2599 2608
f 2601 2610 2598
f 2610 2608 2598
f 2264 2280 2610
f 2601 2264 2610
f 2602 2611 2287
f 2272 2602 2287
f 2604 2612 2602
f 2612 2611 2602
f 2613 2604 2605
f 2612 2604 2613
f 2275 2290 2606
f 2293 2606 2290
f 2607 2606 2293
f 2278 2607 2293
f 2608 2614 2609
f 2614 2615 2616
f 2614 2608 2615
f 2608 2610 2615
f 2280 2295 2615
f 2610 2280 2615
f 2611 2617 2302
f 2287 2611 2302
f 2618 2612 2619
f 2618 2617 2612
f 2617 2611 2612
f 2613 2619 2612
f 2620 2616 2615
f 2621 2616 2620
f 2295 2303 2622
f 2295 2622 2615
f 2615 2622 2620
f 2303 2304 2623
f 2622 2303 2623
f 2304 2306 2623
f 2312 2624 2311
f 2312 2313 2625
f 2624 2312 2625
f 2313 2302 2617
f 2313 2617 2625
f 2625 2617 2626
f 2627 2617 2618
f 2626 2617 2627
f 2620 2628 2621
f 2628 2629 2630
f 2628 2620 2629
f 2620 2622 2629
f 2623 2631 2622
f 2631 2629 2622
f 2306 2315 2631
f 2623 2306 2631
f 2624 2632 2320
f 2311 2624 2320
f 2625 2633 2624
f 2633 2632 2624
f 2626 2634 2625
f 2634 2633 2625
f 2635 2626 2627
f 2634 2626 2635
f 2636 2630 2629
f 2637 2630 2636
f 2631 2638 2629
f 2638 2636 2629
f 2315 2322 2638
f 2631 2315 2638
f 2327 2639 2326
f 2327 2320 2632
f 2327 2632 2639
f 2639 2632 2640
f 2633 2641 2632
f 2641 2640 2632
f 2634 2642 2633
f 2642 2641 2633
f 2643 2634 2635
f 2642 2634 2643
f 2644 2637 2636
f 2645 2637 2644
f 2638 2646 2636
f 2646 2644 2636
f 2322 2328 2647
f 2322 2647 2638
f 2638 2647 2646
f 2328 2329 2648
f 2647 2328 2648
f 2329 2330 2649
f 2648 2329 2649
f 2330 2331 2650
f 2649 2330 2650
f 2331 2326 2639
f 2331 2639 2650
f 2650 2639 2651
f 2640 2652 2639
f 2652 2651 2639
f 2641 2653 2640
f 2653 2652 2640
f 2654 2642 2655
f 2654 2653 2642
f 2653 2641 2642
f 2643 2655 2642
f 2656 2645 2644
f 2657 2645 2656
f 2646 2658 2644
f 2658 2656 2644
f 2647 2659 2646
f 2659 2658 2646
f 2648 2660 2647
f 2660 2659 2647
f 2649 2661 2648
f 2661 2660 2648
f 2650 2662 2649
f 2662 2661 2649
f 2651 2663 2650
f 2663 2662 2650
f 2337 2336 2663
f 2337 2663 2652
f 2652 2663 2651
f 2338 2337 2652
f 2653 2338 2652
f 2653 2339 2338
f 2653 2664 2339
f 2653 2654 2664
f 2664 2665 2339
f 2339 2665 2341
f 2656 2666 2657
f 2666 2667 2668
f 2666 2656 2667
f 2656 2658 2667
f 2659 2669 2658
f 2669 2667 2658
f 2660 2670 2659
f 2670 2669 2659
f 2661 2671 2660
f 2671 2670 2660
f 2343 2342 2671
f 2343 2671 2662
f 2662 2671 2661
f 2344 2343 2662
f 2663 2344 2662
f 2336 2344 2663
f 2665 2664 2672
f 2673 2672 2674
f 2345 2672 2673
f 2345 2665 2672
f 2345 2341 2665
f 2345 2673 2347
f 2675 2668 2667
f 2676 2668 2675
f 2669 2677 2667
f 2677 2675 2667
f 2678 2670 2679
f 2678 2677 2670
f 2677 2669 2670
f 2679 2680 2681
f 2680 2679 2348
f 2670 2348 2679
f 2348 2670 2349
f 2671 2349 2670
f 2671 2342 2349
f 2682 2681 2680
f 2673 2674 2683
f 2683 2347 2673
f 2683 2684 2347
f 2684 2351 2347
f 2675 2685 2676
f 2677 2685 2675
f 2686 2685 2677
f 2678 2686 2677
f 2680 2687 2688
f 2680 2348 2687
f 2348 2352 2687
f 2682 2680 2688
f 2351 2684 2354
f 2684 2689 2354
f 2357 2690 2691
f 2356 2690 2357
f 2687 2352 2357
f 2691 2687 2357
f 2354 2689 2358
f 2689 2692 2358
f 2693 2694 2695
f 2693 2695 2690
f 2693 2690 2359
f 2359 2690 2356
f 2358 2692 2360
f 2692 2696 2360
f 2697 2694 2693
f 2698 2694 2697
f 2359 2362 2697
f 2693 2359 2697
f 2363 2699 2364
f 2363 2700 2699
f 2363 2360 2700
f 2360 2696 2700
f 2697 2701 2698
f 2701 2697 2362
f 2701 2362 2702
f 2702 2362 2366
f 2699 2703 2704
f 2699 2704 2364
f 2364 2704 2368
f 2700 2703 2699
f 2705 2366 2369
f 2705 2706 2366
f 2706 2702 2366
f 2369 2371 2705
f 2376 2707 2708
f 2375 2376 2708
f 2704 2376 2368
f 2707 2376 2704
f 2705 2709 2706
f 2371 2709 2705
f 2371 2377 2709
f 2377 2710 2709
f 2711 2712 2710
f 2711 2710 2378
f 2378 2710 2377
f 2378 2379 2713
f 2711 2378 2713
f 2379 2380 2714
f 2713 2379 2714
f 2715 2714 2380
f 2715 2380 2716
f 2716 2380 2381
f 2708 2381 2375
f 2716 2381 2708
f 2711 2717 2712
f 2713 2717 2711
f 2718 2717 2713
f 2714 2718 2713
f 2719 2718 2714
f 2715 2719 2714
f 2720 2721 2722
f 2722 2723 2720
f 2724 2721 2720
f 2725 2721 2724
f 2726 2720 2723
f 2724 2720 2726
f 2727 2725 2724
f 2728 2725 2727
f 2729 2724 2726
f 2727 2724 2729
f 2730 2728 2727
f 2731 2728 2730
f 2732 2727 2729
f 2732 2733 2727
f 2733 2730 2727
f 2732 2734 2733
f 2730 2735 2731
f 2733 2735 2730
f 2736 2735 2733
f 2734 2736 2733
f 2737 2738 2739
f 2737 2740 2741
f 2739 2740 2737
f 2741 2742 2743
f 2740 2742 2741
f 2743 2744 2745
f 2742 2744 2743
f 2745 2746 2747
f 2744 2746 2745
f 2746 2748 2747
f 2749 2750 2751
f 2738 2749 2751
f 2738 2737 2749
f 2737 2752 2749
f 2741 2753 2737
f 2753 2752 2737
f 2384 2383 2753
f 2384 2753 2743
f 2743 2753 2741
f 2385 2384 2743
f 2745 2385 2743
f 2387 2385 2745
f 2747 2387 2745
f 2747 2748 2754
f 2747 2754 2387
f 2387 2754 2389
f 2391 2389 2755
f 2389 2754 2755
f 2393 2756 2757
f 2393 2391 2756
f 2391 2755 2756
f 2757 2758 2759
f 2756 2758 2757
f 2758 2760 2759
f 2761 2750 2749
f 2762 2750 2761
f 2752 2763 2749
f 2763 2761 2749
f 2396 2395 2763
f 2396 2763 2753
f 2753 2763 2752
f 2383 2396 2753
f 2393 2757 2402
f 2404 2402 2757
f 2759 2404 2757
f 2406 2764 2765
f 2404 2764 2406
f 2404 2760 2764
f 2404 2759 2760
f 2764 2766 2765
f 2767 2762 2761
f 2768 2762 2767
f 2763 2769 2761
f 2769 2767 2761
f 2395 2408 2769
f 2763 2395 2769
f 2765 2770 2416
f 2406 2765 2416
f 2771 2765 2766
f 2771 2772 2765
f 2772 2770 2765
f 2771 2773 2772
f 2767 2774 2768
f 2769 2774 2767
f 2775 2774 2769
f 2776 2777 2775
f 2417 2776 2775
f 2417 2775 2769
f 2417 2769 2408
f 2417 2418 2778
f 2776 2417 2778
f 2418 2420 2778
f 2416 2770 2426
f 2428 2426 2770
f 2428 2770 2779
f 2779 2770 2772
f 2780 2772 2773
f 2780 2781 2772
f 2781 2779 2772
f 2780 2782 2781
f 2776 2783 2777
f 2778 2783 2776
f 2784 2783 2778
f 2420 2784 2778
f 2420 2429 2784
f 2429 2785 2784
f 2786 2787 2785
f 2786 2785 2430
f 2430 2785 2429
f 2430 2431 2788
f 2786 2430 2788
f 2431 2432 2789
f 2788 2431 2789
f 2432 2433 2790
f 2789 2432 2790
f 2433 2434 2791
f 2790 2433 2791
f 2434 2435 2792
f 2791 2434 2792
f 2435 2428 2779
f 2435 2779 2792
f 2792 2779 2793
f 2781 2794 2779
f 2794 2793 2779
f 2795 2781 2782
f 2794 2781 2795
f 2786 2796 2787
f 2788 2796 2786
f 2797 2796 2788
f 2789 2797 2788
f 2798 2797 2789
f 2790 2798 2789
f 2799 2798 2790
f 2799 2800 2801
f 2799 2790 2800
f 2790 2791 2800
f 2792 2802 2791
f 2802 2800 2791
f 2793 2803 2792
f 2803 2802 2792
f 2804 2794 2805
f 2804 2803 2794
f 2803 2793 2794
f 2795 2805 2794
f 2800 2806 2801
f 2802 2806 2800
f 2807 2806 2802
f 2803 2807 2802
f 2808 2807 2803
f 2804 2808 2803
f 2438 2437 2809
f 2438 2810 2439
f 2809 2810 2438
f 2439 2810 2440
f 2443 2442 2811
f 2443 2809 2437
f 2443 2811 2809
f 2811 2812 2809
f 2813 2814 2810
f 2813 2810 2812
f 2812 2810 2809
f 2440 2810 2814
f 2440 2814 2444
f 2444 2814 2815
f 2445 2444 2816
f 2444 2815 2816
f 2816 2447 2445
f 2817 2447 2816
f 2811 2449 2818
f 2442 2449 2811
f 2819 2820 2812
f 2819 2812 2818
f 2818 2812 2811
f 2813 2812 2820
f 2447 2817 2821
f 2450 2447 2821
f 2821 2451 2450
f 2822 2451 2821
f 2453 2823 2824
f 2454 2823 2453
f 2456 2825 2826
f 2456 2453 2825
f 2453 2824 2825
f 2825 2458 2826
f 2825 2459 2458
f 2825 2827 2828
f 2459 2825 2828
f 2459 2828 2829
f 2449 2459 2829
f 2449 2829 2830
f 2449 2830 2818
f 2819 2818 2830
f 2451 2822 2831
f 2460 2451 2831
f 2832 2831 2833
f 2832 2461 2831
f 2461 2460 2831
f 2461 2832 2463
f 2465 2834 2835
f 2464 2834 2465
f 2823 2454 2465
f 2835 2823 2465
f 2456 2826 2466
f 2827 2836 2828
f 2466 2826 2458
f 2829 2828 2836
f 2837 2838 2839
f 2833 2838 2837
f 2833 2837 2832
f 2832 2837 2840
f 2463 2840 2467
f 2832 2840 2463
f 2470 2469 2841
f 2470 2841 2842
f 2470 2842 2464
f 2464 2842 2834
f 2843 2837 2839
f 2844 2843 2839
f 2840 2837 2845
f 2845 2837 2843
f 2467 2845 2472
f 2840 2845 2467
f 2841 2846 2847
f 2841 2469 2846
f 2469 2474 2846
f 2842 2841 2847
f 2848 2843 2844
f 2849 2848 2844
f 2845 2843 2850
f 2850 2843 2848
f 2472 2850 2476
f 2845 2850 2472
f 2479 2851 2852
f 2478 2851 2479
f 2846 2474 2479
f 2852 2846 2479
f 2853 2854 2855
f 2849 2854 2853
f 2849 2853 2848
f 2848 2853 2856
f 2481 2856 2482
f 2481 2850 2856
f 2850 2848 2856
f 2476 2850 2481
f 2478 2485 2851
f 2851 2485 2857
f 2858 2853 2855
f 2859 2858 2855
f 2856 2853 2860
f 2860 2853 2858
f 2482 2860 2487
f 2856 2860 2482
f 2490 2861 2862
f 2489 2861 2490
f 2857 2485 2490
f 2862 2857 2490
f 2863 2864 2859
f 2864 2493 2859
f 2492 2858 2859
f 2492 2859 2493
f 2864 2863 2865
f 2860 2492 2495
f 2492 2860 2858
f 2487 2860 2495
f 2489 2498 2861
f 2861 2498 2866
f 2493 2864 2500
f 2864 2503 2500
f 2864 2865 2503
f 2865 2867 2503
f 2508 2868 2869
f 2507 2868 2508
f 2866 2498 2508
f 2869 2866 2508
f 2503 2867 2510
f 2867 2870 2510
f 2871 2872 2873
f 2871 2873 2868
f 2871 2868 2511
f 2511 2868 2507
f 2874 2875 2876
f 2874 2870 2875
f 2874 2512 2870
f 2512 2510 2870
f 2515 2872 2871
f 2515 2514 2872
f 2514 2877 2872
f 2511 2515 2871
f 2517 2878 2879
f 2518 2517 2879
f 2876 2519 2874
f 2876 2878 2519
f 2878 2517 2519
f 2512 2874 2519
f 2880 2881 2882
f 2880 2883 2884
f 2882 2883 2880
f 2884 2885 2886
f 2883 2885 2884
f 2886 2885 2877
f 2886 2877 2521
f 2521 2877 2514
f 2522 2887 2888
f 2523 2522 2888
f 2879 2522 2518
f 2887 2522 2879
f 2889 2890 2891
f 2889 2892 2893
f 2891 2892 2889
f 2881 2893 2892
f 2880 2893 2881
f 2880 2526 2893
f 2880 2527 2526
f 2528 2527 2880
f 2884 2528 2880
f 2530 2528 2884
f 2886 2530 2884
f 2521 2530 2886
f 2523 2888 2534
f 2888 2894 2534
f 2537 2536 2895
f 2537 2896 2538
f 2895 2896 2537
f 2538 2896 2539
f 2897 2898 2899
f 2890 2897 2899
f 2889 2897 2890
f 2889 2541 2897
f 2889 2542 2541
f 2543 2542 2889
f 2893 2543 2889
f 2526 2543 2893
f 2546 2900 2547
f 2901 2900 2546
f 2901 2546 2902
f 2902 2546 2548
f 2894 2548 2534
f 2902 2548 2894
f 2895 2550 2903
f 2536 2550 2895
f 2896 2895 2904
f 2904 2895 2903
f 2539 2904 2552
f 2896 2904 2539
f 2905 2906 2907
f 2898 2905 2907
f 2898 2897 2905
f 2897 2908 2905
f 2541 2554 2908
f 2897 2541 2908
f 2557 2909 2910
f 2556 2557 2910
f 2900 2557 2547
f 2900 2911 2557
f 2911 2909 2557
f 2901 2911 2900
f 2903 2559 2912
f 2550 2559 2903
f 2561 2912 2562
f 2561 2904 2912
f 2904 2903 2912
f 2552 2904 2561
f 2913 2906 2905
f 2914 2906 2913
f 2565 2564 2913
f 2565 2913 2908
f 2908 2913 2905
f 2554 2565 2908
f 2572 2915 2571
f 2916 2915 2572
f 2916 2572 2917
f 2917 2572 2573
f 2910 2573 2556
f 2917 2573 2910
f 2559 2575 2912
f 2562 2912 2575
f 2918 2914 2913
f 2919 2914 2918
f 2564 2579 2918
f 2913 2564 2918
f 2584 2920 2583
f 2921 2920 2584
f 2921 2584 2922
f 2922 2584 2585
f 2915 2585 2571
f 2915 2923 2585
f 2923 2922 2585
f 2916 2923 2915
f 2924 2919 2918
f 2925 2919 2924
f 2579 2590 2924
f 2918 2579 2924
f 2920 2926 2594
f 2583 2920 2594
f 2927 2920 2921
f 2926 2920 2927
f 2928 2929 2930
f 2925 2928 2930
f 2924 2928 2925
f 2924 2599 2928
f 2924 2600 2599
f 2590 2600 2924
f 2594 2926 2603
f 2605 2931 2932
f 2603 2931 2605
f 2603 2927 2931
f 2603 2926 2927
f 2931 2933 2932
f 2934 2929 2928
f 2935 2929 2934
f 2599 2609 2934
f 2928 2599 2934
f 2932 2936 2613
f 2605 2932 2613
f 2937 2932 2933
f 2936 2932 2937
f 2938 2935 2934
f 2939 2935 2938
f 2609 2614 2940
f 2609 2940 2934
f 2934 2940 2938
f 2614 2616 2940
f 2619 2941 2618
f 2619 2613 2936
f 2619 2936 2941
f 2941 2936 2942
f 2943 2936 2937
f 2942 2936 2943
f 2938 2944 2939
f 2944 2945 2946
f 2944 2938 2945
f 2938 2940 2945
f 2616 2621 2945
f 2940 2616 2945
f 2941 2947 2627
f 2618 2941 2627
f 2948 2942 2949
f 2948 2947 2942
f 2947 2941 2942
f 2943 2949 2942
f 2950 2946 2945
f 2951 2946 2950
f 2621 2628 2952
f 2621 2952 2945
f 2945 2952 2950
f 2628 2630 2952
f 2947 2953 2635
f 2627 2947 2635
f 2954 2947 2948
f 2953 2947 2954
f 2950 2955 2951
f 2955 2956 2957
f 2955 2950 2956
f 2950 2952 2956
f 2630 2637 2956
f 2952 2630 2956
f 2953 2958 2643
f 2635 2953 2643
f 2959 2953 2954
f 2958 2953 2959
f 2960 2957 2956
f 2961 2957 2960
f 2637 2645 2960
f 2956 2637 2960
f 2655 2962 2654
f 2655 2643 2958
f 2655 2958 2962
f 2962 2958 2963
f 2964 2958 2959
f 2963 2958 2964
f 2965 2961 2960
f 2966 2961 2965
f 2645 2657 2965
f 2960 2645 2965
f 2962 2967 2664
f 2654 2962 2664
f 2963 2968 2962
f 2968 2967 2962
f 2969 2963 2964
f 2968 2963 2969
f 2970 2966 2965
f 2971 2966 2970
f 2657 2666 2972
f 2657 2972 2965
f 2965 2972 2970
f 2666 2668 2972
f 2664 2967 2672
f 2973 2967 2968
f 2973 2674 2967
f 2973 2974 2674
f 2672 2967 2674
f 2969 2973 2968
f 2975 2971 2970
f 2976 2971 2975
f 2972 2977 2970
f 2977 2975 2970
f 2668 2676 2977
f 2972 2668 2977
f 2679 2978 2678
f 2679 2681 2979
f 2978 2679 2979
f 2681 2682 2979
f 2980 2683 2674
f 2980 2674 2981
f 2981 2674 2974
f 2683 2980 2684
f 2975 2982 2976
f 2982 2983 2984
f 2982 2975 2983
f 2975 2977 2983
f 2676 2685 2985
f 2676 2985 2977
f 2977 2985 2983
f 2685 2686 2986
f 2985 2685 2986
f 2686 2678 2978
f 2686 2978 2986
f 2986 2978 2987
f 2688 2687 2987
f 2688 2987 2979
f 2979 2987 2978
f 2682 2688 2979
f 2988 2980 2981
f 2989 2988 2981
f 2684 2988 2689
f 2980 2988 2684
f 2990 2984 2983
f 2991 2984 2990
f 2985 2992 2983
f 2992 2990 2983
f 2986 2993 2985
f 2993 2992 2985
f 2691 2690 2993
f 2691 2993 2987
f 2987 2993 2986
f 2687 2691 2987
f 2988 2989 2994
f 2994 2689 2988
f 2994 2995 2689
f 2995 2692 2689
f 2996 2991 2990
f 2997 2991 2996
f 2992 2998 2990
f 2998 2996 2990
f 2695 2694 2998
f 2695 2998 2993
f 2993 2998 2992
f 2690 2695 2993
f 2692 2995 2696
f 2995 2999 2696
f 2996 3000 2997
f 2998 3000 2996
f 3001 3000 2998
f 3001 2998 2694
f 3001 2694 3002
f 3002 2694 2698
f 2696 2999 2700
f 2999 3003 2700
f 3004 2698 2701
f 3004 3005 2698
f 3005 3002 2698
f 2701 2702 3004
f 2703 3006 3007
f 2704 2703 3007
f 3003 2703 2700
f 3006 2703 3003
f 3004 3008 3005
f 3008 3004 2702
f 3008 2702 3009
f 3009 2702 2706
f 2707 3010 2708
f 2707 3011 3010
f 2707 2704 3011
f 2704 3007 3011
f 2706 3012 3009
f 2709 3012 2706
f 3013 3014 3012
f 3013 3012 2710
f 2710 3012 2709
f 2710 2712 3013
f 2716 3015 3016
f 2715 2716 3016
f 3010 2716 2708
f 3010 3017 2716
f 3017 3015 2716
f 3011 3017 3010
f 3013 3018 3014
f 2712 3018 3013
f 2712 2717 3018
f 2717 3019 3018
f 2718 3020 2717
f 2717 3020 3019
f 2719 3021 2718
f 2718 3021 3020
f 3016 2719 2715
f 3021 2719 3016
f 3022 3023 3024
f 3022 3025 3026
f 3024 3025 3022
f 3025 3027 3026
f 3028 3029 3030
f 3023 3028 3030
f 3023 3022 3028
f 3022 3031 3028
f 3032 3026 3033
f 3032 3031 3026
f 3031 3022 3026
f 3027 3033 3026
f 2722 3029 3028
f 2722 2721 3029
f 2721 3034 3029
f 2723 2722 3028
f 2723 3028 3035
f 3035 3028 3031
f 3036 3031 3032
f 3035 3031 3036
f 2721 2725 3034
f 3034 2725 3037
f 3035 3038 2726
f 2723 3035 2726
f 3039 3035 3036
f 3038 3035 3039
f 3040 3041 3042
f 3040 3043 3044
f 3042 3043 3040
f 3043 3045 3044
f 2725 2728 3037
f 3037 2728 3046
f 3038 3047 2729
f 2726 3038 2729
f 3048 3038 3039
f 3047 3038 3048
f 3049 3050 3051
f 3041 3049 3051
f 3041 3040 3049
f 3040 3052 3049
f 3044 3053 3040
f 3053 3052 3040
f 3054 3044 3045
f 3053 3044 3054
f 2728 2731 3046
f 3046 2731 3055
f 2729 3047 2732
f 2734 3056 3057
f 2732 3056 2734
f 2732 3048 3056
f 2732 3047 3048
f 3056 3058 3057
f 3059 3050 3049
f 3060 3050 3059
f 3052 3061 3049
f 3061 3059 3049
f 3053 3062 3052
f 3062 3061 3052
f 3063 3053 3054
f 3062 3053 3063
f 2731 3064 3055
f 2735 3064 2731
f 3065 3066 3064
f 3065 3064 2736
f 2736 3064 2735
f 2736 2734 3057
f 2736 3057 3065
f 3065 3057 3067
f 3068 3057 3058
f 3067 3057 3068
f 3069 3070 3071
f 3060 3069 3071
f 3060 3059 3069
f 3059 3072 3069
f 3061 3073 3059
f 3073 3072 3059
f 3062 3074 3061
f 3074 3073 3061
f 3075 3062 3063
f 3074 3062 3075
f 3076 3077 3078
f 3076 3079 3080
f 3078 3079 3076
f 3080 2739 2738
f 3080 3079 2739
f 3079 3081 2739
f 2740 2739 3082
f 2739 3081 3082
f 2742 2740 3083
f 2740 3082 3083
f 3066 3065 2744
f 3066 2744 3083
f 3083 2744 2742
f 2746 2744 3065
f 3067 2746 3065
f 2748 3084 3085
f 2746 3084 2748
f 2746 3068 3084
f 2746 3067 3068
f 3070 3085 3084
f 3070 3069 3085
f 3069 3086 3085
f 3072 3087 3069
f 3087 3086 3069
f 3073 3088 3072
f 3088 3087 3072
f 3074 3089 3073
f 3089 3088 3073
f 3090 3074 3075
f 3089 3074 3090
f 3091 3092 3093
f 3077 3091 3093
f 3077 3076 3091
f 3076 3094 3091
f 2751 2750 3094
f 2751 3094 3080
f 3080 3094 3076
f 2738 2751 3080
f 2748 3085 2754
f 2755 2754 3085
f 3086 2755 3085
f 2756 2755 3086
f 3087 2756 3086
f 2758 2756 3087
f 3088 2758 3087
f 2760 2758 3088
f 2760 3088 3095
f 3095 3088 3089
f 3096 3089 3090
f 3095 3089 3096
f 3097 3098 3099
f 3097 3100 3101
f 3099 3100 3097
f 3101 3102 3103
f 3100 3102 3101
f 3102 3104 3103
f 3105 3092 3091
f 3106 3092 3105
f 3094 3107 3091
f 3107 3105 3091
f 2750 2762 3107
f 3094 2750 3107
f 2760 3095 2764
f 2766 3108 3109
f 2764 3108 2766
f 2764 3096 3108
f 2764 3095 3096
f 3098 3097 3110
f 3108 3111 3109
f 3101 3110 3097
f 3112 3110 3101
f 3112 3113 3114
f 3112 3101 3113
f 3101 3103 3113
f 3115 3103 3104
f 3115 3116 3103
f 3116 3113 3103
f 3116 3117 3118
f 3115 3117 3116
f 3118 3119 3120
f 3117 3119 3118
f 3120 3121 3122
f 3119 3121 3120
f 3121 3123 3122
f 3105 3124 3106
f 3124 3125 3126
f 3124 3105 3125
f 3105 3107 3125
f 2762 2768 3125
f 3107 2762 3125
f 2766 3109 2771
f 2773 3127 3128
f 2771 3127 2773
f 2771 3111 3127
f 2771 3109 3111
f 3127 3129 3128
f 3113 3130 3114
f 3116 3130 3113
f 3131 3130 3116
f 3118 3131 3116
f 3132 3131 3118
f 3120 3132 3118
f 3133 3132 3120
f 3122 3133 3120
f 3134 3133 3122
f 3123 3134 3122
f 3125 3135 3126
f 2768 3135 3125
f 2768 2774 3135
f 2774 3136 3135
f 3137 3138 3136
f 3137 3136 2775
f 2775 3136 2774
f 2775 2777 3137
f 2773 3128 2780
f 2782 3139 3140
f 2780 3139 2782
f 2780 3129 3139
f 2780 3128 3129
f 3139 3141 3140
f 3137 3142 3138
f 2777 3142 3137
f 2777 2783 3142
f 2783 3143 3142
f 3144 3145 3143
f 3144 3143 2784
f 2784 3143 2783
f 2784 2785 3146
f 3144 2784 3146
f 2785 2787 3146
f 3140 3147 2795
f 2782 3140 2795
f 3148 3140 3141
f 3147 3140 3148
f 3144 3149 3145
f 3146 3149 3144
f 3150 3149 3146
f 3151 3152 3150
f 2796 3151 3150
f 2796 3150 3146
f 2796 3146 2787
f 2796 2797 3153
f 3151 2796 3153
f 2797 2798 3154
f 3153 2797 3154
f 2798 2799 3155
f 3154 2798 3155
f 2799 2801 3155
f 2805 3156 2804
f 2805 2795 3147
f 2805 3147 3156
f 3156 3147 3157
f 3158 3147 3148
f 3158 3159 3147
f 3159 3157 3147
f 3158 3160 3159
f 3151 3161 3152
f 3153 3161 3151
f 3162 3161 3153
f 3154 3162 3153
f 3163 3162 3154
f 3163 3164 3165
f 3163 3154 3164
f 3154 3155 3164
f 2801 2806 3166
f 2801 3166 3155
f 3155 3166 3164
f 2806 2807 3167
f 3166 2806 3167
f 2807 2808 3168
f 3167 2807 3168
f 2808 2804 3156
f 2808 3156 3168
f 3168 3156 3169
f 3157 3170 3156
f 3170 3169 3156
f 3159 3171 3157
f 3171 3170 3157
f 3172 3159 3160
f 3171 3159 3172
f 3164 3173 3165
f 3166 3173 3164
f 3174 3173 3166
f 3167 3174 3166
f 3175 3174 3167
f 3168 3175 3167
f 3176 3175 3168
f 3169 3176 3168
f 3177 3176 3169
f 3170 3177 3169
f 3178 3177 3170
f 3171 3178 3170
f 3179 3178 3171
f 3172 3179 3171
f 2814 2813 3180
f 2814 3181 2815
f 3180 3181 2814
f 2815 3182 2816
f 3181 3182 2815
f 2816 3182 2817
f 2820 2819 3183
f 2820 3180 2813
f 2820 3183 3180
f 3183 3184 3180
f 3181 3180 3185
f 3185 3180 3184
f 3182 3181 3186
f 3186 3181 3185
f 2817 3187 2821
f 2817 3182 3187
f 3182 3186 3187
f 2821 3187 2822
f 2824 3188 3189
f 2823 3188 2824
f 2825 2824 3190
f 2824 3189 3190
f 2827 3191 3192
f 2827 2825 3191
f 2825 3190 3191
f 3191 2829 3192
f 3191 2830 2829
f 3191 3193 3194
f 2830 3191 3194
f 2830 3183 2819
f 2830 3194 3183
f 3194 3195 3183
f 3184 3183 3196
f 3196 3183 3195
f 3185 3184 3197
f 3197 3184 3196
f 3186 3185 3198
f 3198 3185 3197
f 3187 3186 3199
f 3199 3186 3198
f 2822 3200 2831
f 2822 3187 3200
f 3187 3199 3200
f 2831 3200 2833
f 2835 2834 3201
f 2835 3201 3202
f 2835 3202 2823
f 2823 3202 3188
f 2827 3192 2836
f 3193 3203 3194
f 2836 3192 2829
f 3195 3194 3203
f 3204 3195 3203
f 3196 3195 3204
f 3205 3196 3204
f 3205 3206 3207
f 3205 3207 3196
f 3196 3207 3197
f 3198 3197 3208
f 3208 3197 3207
f 3199 3198 3209
f 3209 3198 3208
f 2838 3209 2839
f 2838 3200 3209
f 3200 3199 3209
f 2833 3200 2838
f 3201 3210 3211
f 3201 2834 3210
f 2834 2842 3210
f 3202 3201 3211
f 3207 3206 3212
f 3212 3213 3214
f 3212 3214 3207
f 3207 3214 3208
f 3209 3208 3215
f 3215 3208 3214
f 2839 3215 2844
f 3209 3215 2839
f 2847 3216 3217
f 2846 3216 2847
f 3210 2842 2847
f 3217 3210 2847
f 3218 3214 3213
f 3219 3218 3213
f 3215 3214 3220
f 3220 3214 3218
f 2844 3220 2849
f 3215 3220 2844
f 2852 2851 3221
f 2852 3221 3222
f 2852 3222 2846
f 2846 3222 3216
f 3223 3218 3219
f 3224 3223 3219
f 2854 3223 2855
f 2854 3220 3223
f 3220 3218 3223
f 2849 3220 2854
f 3221 3225 3226
f 3221 2851 3225
f 2851 2857 3225
f 3222 3221 3226
f 3223 3224 3227
f 3223 2859 2855
f 3223 3228 2859
f 3223 3227 3228
f 3229 2859 3228
f 3228 3230 3229
f 2862 3231 3232
f 2861 3231 2862
f 3225 2857 2862
f 3232 3225 2862
f 2859 3229 2863
f 3229 2865 2863
f 3229 3230 2865
f 3230 3233 2865
f 2861 2866 3231
f 3231 2866 3234
f 2865 3233 2867
f 3233 3235 2867
f 2869 3236 3237
f 2868 3236 2869
f 3234 2866 2869
f 3237 3234 2869
f 3238 3239 3240
f 3238 3235 3239
f 3238 2870 3235
f 2870 2867 3235
f 2873 3241 3242
f 2872 3241 2873
f 3236 2868 2873
f 3242 3236 2873
f 2875 3238 3240
f 2875 3240 2876
f 2876 3240 3243
f 2870 3238 2875
f 3244 3245 3246
f 3244 3246 3241
f 3244 3241 2877
f 2877 3241 2872
f 2878 3247 3248
f 2879 2878 3248
f 3243 2878 2876
f 3247 2878 3243
f 3249 3250 3251
f 3249 2882 2881
f 3249 3251 2882
f 3251 3252 2882
f 2883 2882 3253
f 2882 3252 3253
f 3245 3244 2885
f 3245 2885 3253
f 3253 2885 2883
f 2877 2885 3244
f 2887 3254 3255
f 2888 2887 3255
f 3248 2887 2879
f 3254 2887 3248
f 3256 3257 3258
f 3256 2891 2890
f 3256 3258 2891
f 3258 3259 2891
f 3250 3249 2892
f 3250 2892 3259
f 3259 2892 2891
f 2881 2892 3249
f 3260 3261 3262
f 3260 3255 3261
f 3260 2894 3255
f 2894 2888 3255
f 3263 3264 3265
f 3257 3263 3265
f 3256 3263 3257
f 3256 2898 3263
f 3256 2899 2898
f 2890 2899 3256
f 2902 3260 3262
f 2902 3262 2901
f 2901 3262 3266
f 2894 3260 2902
f 3267 3268 3269
f 3264 3267 3269
f 3263 3267 3264
f 3263 2906 3267
f 3263 2907 2906
f 2898 2907 3263
f 2909 3270 2910
f 3271 3270 2909
f 3271 2909 3272
f 3272 2909 2911
f 3266 2911 2901
f 3272 2911 3266
f 3273 3268 3267
f 3274 3268 3273
f 2906 2914 3273
f 3267 2906 3273
f 2917 3275 3276
f 2916 2917 3276
f 3270 2917 2910
f 3270 3277 2917
f 3277 3275 2917
f 3271 3277 3270
f 3278 3274 3273
f 3279 3274 3278
f 2914 2919 3278
f 3273 2914 3278
f 2922 3280 2921
f 3281 3280 2922
f 3281 2922 3282
f 3282 2922 2923
f 3276 2923 2916
f 3282 2923 3276
f 3283 3279 3278
f 3284 3279 3283
f 2919 2925 3283
f 3278 2919 3283
f 3280 3285 2927
f 2921 3280 2927
f 3286 3280 3281
f 3285 3280 3286
f 3287 3288 3289
f 3284 3287 3289
f 3283 3287 3284
f 3283 2929 3287
f 3283 2930 2929
f 2925 2930 3283
f 2927 3285 2931
f 3285 2933 2931
f 3285 3286 2933
f 3286 3290 2933
f 3291 3288 3287
f 3292 3288 3291
f 2929 2935 3291
f 3287 2929 3291
f 3293 3294 2937
f 3293 2937 3290
f 3290 2937 2933
f 3293 3295 3294
f 3296 3292 3291
f 3297 3292 3296
f 2935 2939 3296
f 3291 2935 3296
f 3294 3298 3299
f 3294 3299 2937
f 2937 3299 2943
f 3295 3298 3294
f 3296 3300 3297
f 3301 3302 3300
f 2944 3301 3300
f 2944 3300 3296
f 2944 3296 2939
f 2944 2946 3301
f 2949 3303 2948
f 2949 3304 3303
f 2949 2943 3304
f 2943 3299 3304
f 3305 3302 3301
f 3306 3302 3305
f 2946 2951 3305
f 3301 2946 3305
f 3303 3307 2954
f 2948 3303 2954
f 3308 3303 3304
f 3307 3303 3308
f 3305 3309 3306
f 3310 3311 3309
f 2955 3310 3309
f 2955 3309 3305
f 2955 3305 2951
f 2955 2957 3310
f 3307 3312 2959
f 2954 3307 2959
f 3313 3307 3308
f 3312 3307 3313
f 3314 3311 3310
f 3315 3311 3314
f 2957 2961 3314
f 3310 2957 3314
f 3312 3316 2964
f 2959 3312 2964
f 3317 3312 3313
f 3316 3312 3317
f 3318 3315 3314
f 3319 3315 3318
f 2961 2966 3318
f 3314 2961 3318
f 3316 3320 2969
f 2964 3316 2969
f 3321 3316 3317
f 3320 3316 3321
f 3322 3319 3318
f 3323 3319 3322
f 2966 2971 3322
f 3318 2966 3322
f 2973 3324 2974
f 2973 2969 3320
f 2973 3320 3324
f 3324 3320 3325
f 3326 3320 3321
f 3325 3320 3326
f 3327 3323 3322
f 3328 3323 3327
f 2971 2976 3327
f 3322 2971 3327
f 3329 3330 3331
f 3324 3332 3330
f 3324 3330 2981
f 3324 2981 2974
f 2981 3330 3329
f 3325 3332 3324
f 3333 3332 3325
f 3326 3333 3325
f 3327 3334 3328
f 3335 3336 3334
f 2982 3335 3334
f 2982 3334 3327
f 2982 3327 2976
f 2982 2984 3335
f 3337 3329 3331
f 3338 3337 3331
f 2981 3337 2989
f 3329 3337 2981
f 3339 3336 3335
f 3340 3336 3339
f 2984 2991 3339
f 3335 2984 3339
f 3337 3338 3341
f 3342 3341 3343
f 2994 3341 3342
f 2994 3337 3341
f 2994 2989 3337
f 2994 3342 2995
f 3344 3340 3339
f 3345 3340 3344
f 2991 2997 3344
f 3339 2991 3344
f 3346 3342 3343
f 3347 3346 3343
f 2995 3346 2999
f 3342 3346 2995
f 3344 3348 3345
f 3349 3350 3348
f 3000 3349 3348
f 3000 3348 3344
f 3000 3344 2997
f 3000 3001 3351
f 3349 3000 3351
f 3001 3002 3351
f 3352 3346 3347
f 3353 3352 3347
f 2999 3352 3003
f 3346 3352 2999
f 3349 3354 3350
f 3354 3355 3356
f 3354 3349 3355
f 3349 3351 3355
f 3002 3005 3355
f 3351 3002 3355
f 3006 3352 3353
f 3006 3353 3007
f 3007 3353 3357
f 3003 3352 3006
f 3355 3358 3356
f 3359 3360 3358
f 3008 3359 3358
f 3008 3358 3355
f 3008 3355 3005
f 3008 3009 3359
f 3007 3357 3011
f 3357 3361 3011
f 3359 3362 3360
f 3009 3362 3359
f 3009 3012 3362
f 3012 3363 3362
f 3363 3012 3014
f 3364 3363 3014
f 3015 3365 3366
f 3016 3015 3366
f 3017 3367 3015
f 3015 3367 3365
f 3361 3017 3011
f 3367 3017 3361
f 3014 3368 3364
f 3018 3368 3014
f 3019 3369 3018
f 3018 3369 3368
f 3020 3370 3019
f 3019 3370 3369
f 3021 3371 3020
f 3020 3371 3370
f 3366 3021 3016
f 3371 3021 3366
f 3372 3373 3374
f 3374 3375 3372
f 3376 3377 3378
f 3376 3379 3380
f 3378 3379 3376
f 3380 3381 3382
f 3379 3381 3380
f 3382 3383 3384
f 3381 3383 3382
f 3384 3385 3386
f 3383 3385 3384
f 3385 3387 3386
f 3024 3388 3389
f 3023 3388 3024
f 3025 3024 3390
f 3024 3389 3390
f 3027 3372 3391
f 3027 3390 3372
f 3027 3025 3390
f 3390 3373 3372
f 3392 3372 3375
f 3391 3372 3392
f 3393 3394 3395
f 3377 3393 3395
f 3377 3376 3393
f 3376 3396 3393
f 3380 3397 3376
f 3397 3396 3376
f 3382 3398 3380
f 3398 3397 3380
f 3384 3399 3382
f 3399 3398 3382
f 3386 3400 3384
f 3400 3399 3384
f 3401 3386 3387
f 3400 3386 3401
f 3030 3029 3402
f 3030 3402 3403
f 3030 3403 3023
f 3023 3403 3388
f 3033 3404 3032
f 3033 3405 3404
f 3027 3405 3033
f 3027 3406 3405
f 3027 3391 3406
f 3392 3406 3391
f 3407 3394 3393
f 3408 3394 3407
f 3396 3409 3393
f 3409 3407 3393
f 3397 3410 3396
f 3410 3409 3396
f 3398 3411 3397
f 3411 3410 3397
f 3399 3412 3398
f 3412 3411 3398
f 3400 3413 3399
f 3413 3412 3399
f 3414 3400 3401
f 3413 3400 3414
f 3402 3415 3416
f 3402 3029 3415
f 3029 3034 3415
f 3403 3402 3416
f 3404 3417 3036
f 3032 3404 3036
f 3418 3404 3405
f 3417 3404 3418
f 3419 3408 3407
f 3420 3408 3419
f 3409 3421 3407
f 3421 3419 3407
f 3410 3422 3409
f 3422 3421 3409
f 3411 3423 3410
f 3423 3422 3410
f 3412 3424 3411
f 3424 3423 3411
f 3425 3413 3426
f 3425 3424 3413
f 3424 3412 3413
f 3414 3426 3413
f 3034 3037 3415
f 3415 3037 3427
f 3417 3428 3039
f 3036 3417 3039
f 3429 3417 3418
f 3428 3417 3429
f 3430 3431 3432
f 3420 3430 3432
f 3419 3430 3420
f 3419 3041 3430
f 3419 3042 3041
f 3043 3042 3419
f 3421 3043 3419
f 3045 3043 3421
f 3045 3421 3433
f 3433 3421 3422
f 3423 3434 3422
f 3434 3433 3422
f 3435 3424 3436
f 3435 3434 3424
f 3434 3423 3424
f 3425 3436 3424
f 3037 3046 3427
f 3427 3046 3437
f 3428 3438 3048
f 3039 3428 3048
f 3439 3428 3429
f 3439 3440 3428
f 3440 3438 3428
f 3440 3441 3442
f 3439 3441 3440
f 3431 3442 3441
f 3430 3442 3431
f 3430 3050 3442
f 3430 3051 3050
f 3041 3051 3430
f 3433 3443 3054
f 3045 3433 3054
f 3434 3444 3433
f 3444 3443 3433
f 3445 3434 3435
f 3444 3434 3445
f 3446 3055 3447
f 3446 3437 3055
f 3437 3046 3055
f 3446 3447 3448
f 3048 3438 3056
f 3058 3056 3438
f 3058 3438 3449
f 3449 3438 3440
f 3442 3450 3440
f 3450 3449 3440
f 3050 3060 3450
f 3442 3050 3450
f 3443 3451 3063
f 3054 3443 3063
f 3444 3452 3443
f 3452 3451 3443
f 3453 3444 3445
f 3452 3444 3453
f 3454 3455 3456
f 3454 3457 3458
f 3456 3457 3454
f 3458 3459 3460
f 3457 3459 3458
f 3460 3461 3462
f 3459 3461 3460
f 3463 3447 3461
f 3055 3461 3447
f 3461 3055 3462
f 3064 3462 3055
f 3462 3064 3464
f 3463 3448 3447
f 3066 3464 3064
f 3449 3465 3068
f 3058 3449 3068
f 3071 3070 3465
f 3071 3465 3450
f 3450 3465 3449
f 3060 3071 3450
f 3451 3466 3075
f 3063 3451 3075
f 3467 3452 3468
f 3467 3466 3452
f 3466 3451 3452
f 3453 3468 3452
f 3469 3470 3471
f 3455 3469 3471
f 3454 3469 3455
f 3454 3077 3469
f 3454 3078 3077
f 3079 3078 3454
f 3458 3079 3454
f 3081 3079 3458
f 3460 3081 3458
f 3082 3081 3460
f 3462 3082 3460
f 3083 3082 3462
f 3464 3083 3462
f 3066 3083 3464
f 3068 3465 3084
f 3070 3084 3465
f 3466 3472 3090
f 3075 3466 3090
f 3473 3466 3467
f 3472 3466 3473
f 3474 3475 3476
f 3470 3474 3476
f 3469 3474 3470
f 3469 3092 3474
f 3469 3093 3092
f 3077 3093 3469
f 3472 3477 3096
f 3090 3472 3096
f 3099 3098 3478
f 3473 3479 3472
f 3477 3472 3479
f 3099 3480 3100
f 3478 3480 3099
f 3100 3481 3102
f 3480 3481 3100
f 3102 3481 3104
f 3482 3475 3474
f 3483 3475 3482
f 3092 3106 3482
f 3474 3092 3482
f 3096 3477 3108
f 3477 3479 3108
f 3484 3108 3479
f 3108 3484 3111
f 3485 3484 3479
f 3098 3110 3478
f 3486 3487 3480
f 3486 3480 3478
f 3486 3478 3110
f 3486 3110 3112
f 3486 3112 3488
f 3486 3488 3484
f 3486 3484 3485
f 3486 3485 3487
f 3488 3112 3114
f 3481 3487 3489
f 3487 3481 3480
f 3104 3481 3489
f 3104 3489 3115
f 3115 3489 3490
f 3117 3115 3491
f 3115 3490 3491
f 3119 3117 3492
f 3117 3491 3492
f 3121 3119 3493
f 3119 3492 3493
f 3123 3494 3495
f 3123 3121 3494
f 3121 3493 3494
f 3494 3496 3495
f 3482 3497 3483
f 3498 3499 3497
f 3124 3498 3497
f 3124 3497 3482
f 3124 3482 3106
f 3124 3126 3498
f 3111 3484 3127
f 3129 3127 3484
f 3129 3484 3500
f 3500 3484 3488
f 3114 3130 3501
f 3114 3501 3488
f 3488 3501 3500
f 3130 3131 3502
f 3501 3130 3502
f 3131 3132 3503
f 3502 3131 3503
f 3132 3133 3504
f 3503 3132 3504
f 3133 3134 3505
f 3504 3133 3505
f 3134 3506 3505
f 3123 3506 3134
f 3123 3507 3506
f 3123 3495 3507
f 3496 3507 3495
f 3498 3508 3499
f 3126 3508 3498
f 3126 3135 3508
f 3135 3509 3508
f 3510 3511 3509
f 3510 3509 3136
f 3136 3509 3135
f 3136 3138 3510
f 3129 3500 3139
f 3141 3139 3500
f 3141 3500 3512
f 3512 3500 3501
f 3513 3502 3514
f 3513 3512 3502
f 3512 3501 3502
f 3503 3514 3502
f 3515 3514 3503
f 3504 3515 3503
f 3516 3515 3504
f 3505 3516 3504
f 3517 3516 3505
f 3506 3517 3505
f 3510 3518 3511
f 3138 3518 3510
f 3138 3142 3518
f 3142 3519 3518
f 3520 3521 3519
f 3520 3519 3143
f 3143 3519 3142
f 3143 3145 3520
f 3512 3522 3148
f 3141 3512 3148
f 3523 3512 3513
f 3522 3512 3523
f 3520 3524 3521
f 3525 3526 3524
f 3149 3525 3524
f 3149 3524 3520
f 3149 3520 3145
f 3149 3150 3527
f 3525 3149 3527
f 3150 3152 3527
f 3148 3522 3158
f 3160 3528 3529
f 3158 3528 3160
f 3158 3523 3528
f 3158 3522 3523
f 3528 3530 3529
f 3525 3531 3526
f 3527 3531 3525
f 3532 3531 3527
f 3533 3534 3532
f 3161 3533 3532
f 3161 3532 3527
f 3161 3527 3152
f 3161 3162 3535
f 3533 3161 3535
f 3162 3163 3536
f 3535 3162 3536
f 3163 3165 3536
f 3529 3537 3172
f 3160 3529 3172
f 3538 3529 3530
f 3537 3529 3538
f 3533 3539 3534
f 3535 3539 3533
f 3540 3539 3535
f 3540 3541 3542
f 3540 3535 3541
f 3535 3536 3541
f 3165 3173 3543
f 3165 3543 3536
f 3536 3543 3541
f 3173 3174 3544
f 3543 3173 3544
f 3174 3175 3545
f 3544 3174 3545
f 3175 3176 3546
f 3545 3175 3546
f 3176 3177 3547
f 3546 3176 3547
f 3177 3178 3548
f 3547 3177 3548
f 3178 3179 3549
f 3548 3178 3549
f 3179 3550 3549
f 3172 3550 3179
f 3172 3551 3550
f 3172 3537 3551
f 3538 3551 3537
f 3541 3552 3542
f 3543 3552 3541
f 3553 3552 3543
f 3553 3554 3555
f 3553 3543 3554
f 3543 3544 3554
f 3545 3556 3544
f 3556 3554 3544
f 3546 3557 3545
f 3557 3556 3545
f 3547 3558 3546
f 3558 3557 3546
f 3548 3559 3547
f 3559 3558 3547
f 3549 3560 3548
f 3560 3559 3548
f 3561 3549 3550
f 3560 3549 3561
f 3554 3562 3555
f 3556 3562 3554
f 3563 3562 3556
f 3557 3563 3556
f 3564 3563 3557
f 3558 3564 3557
f 3565 3564 3558
f 3559 3565 3558
f 3566 3565 3559
f 3560 3566 3559
f 3567 3566 3560
f 3561 3567 3560
f 3189 3188 3568
f 3189 3569 3190
f 3568 3569 3189
f 3570 3190 3569
f 3570 3571 3190
f 3571 3191 3190
f 3193 3572 3573
f 3193 3191 3572
f 3191 3571 3572
f 3572 3574 3573
f 3568 3202 3575
f 3188 3202 3568
f 3576 3577 3569
f 3576 3569 3575
f 3575 3569 3568
f 3570 3569 3577
f 3193 3573 3203
f 3573 3574 3578
f 3573 3578 3203
f 3203 3578 3204
f 3205 3204 3579
f 3204 3578 3579
f 3579 3206 3205
f 3580 3206 3579
f 3211 3210 3581
f 3211 3581 3582
f 3202 3211 3582
f 3202 3582 3583
f 3202 3583 3575
f 3576 3575 3583
f 3206 3580 3584
f 3212 3206 3584
f 3584 3213 3212
f 3585 3213 3584
f 3217 3216 3586
f 3217 3586 3587
f 3210 3217 3587
f 3210 3587 3588
f 3210 3588 3581
f 3582 3581 3588
f 3589 3590 3219
f 3589 3219 3585
f 3585 3219 3213
f 3589 3591 3590
f 3586 3592 3593
f 3586 3216 3592
f 3216 3222 3592
f 3587 3586 3593
f 3590 3594 3224
f 3219 3590 3224
f 3595 3590 3591
f 3594 3590 3595
f 3226 3225 3596
f 3226 3596 3597
f 3226 3597 3222
f 3222 3597 3592
f 3224 3594 3227
f 3594 3595 3598
f 3594 3598 3227
f 3227 3598 3228
f 3598 3230 3228
f 3599 3230 3598
f 3232 3231 3600
f 3232 3600 3601
f 3225 3232 3601
f 3225 3601 3602
f 3225 3602 3596
f 3597 3596 3602
f 3603 3604 3605
f 3603 3599 3604
f 3603 3233 3599
f 3233 3230 3599
f 3600 3606 3607
f 3600 3231 3606
f 3231 3234 3606
f 3601 3600 3607
f 3608 3603 3605
f 3609 3608 3605
f 3233 3608 3235
f 3603 3608 3233
f 3237 3610 3611
f 3236 3610 3237
f 3606 3234 3237
f 3611 3606 3237
f 3612 3613 3614
f 3609 3613 3612
f 3608 3609 3612
f 3608 3612 3240
f 3608 3240 3239
f 3235 3608 3239
f 3242 3615 3616
f 3241 3615 3242
f 3610 3236 3242
f 3616 3610 3242
f 3617 3612 3614
f 3618 3617 3614
f 3240 3617 3243
f 3612 3617 3240
f 3246 3619 3620
f 3245 3619 3246
f 3615 3241 3246
f 3620 3615 3246
f 3621 3622 3623
f 3618 3622 3621
f 3617 3618 3621
f 3617 3621 3248
f 3617 3248 3247
f 3243 3617 3247
f 3624 3625 3626
f 3624 3251 3250
f 3624 3626 3251
f 3626 3627 3251
f 3252 3251 3628
f 3251 3627 3628
f 3253 3252 3629
f 3252 3628 3629
f 3619 3245 3253
f 3629 3619 3253
f 3254 3621 3623
f 3254 3623 3255
f 3255 3623 3630
f 3248 3621 3254
f 3631 3632 3633
f 3631 3258 3257
f 3631 3633 3258
f 3633 3634 3258
f 3625 3624 3259
f 3625 3259 3634
f 3634 3259 3258
f 3250 3259 3624
f 3261 3635 3636
f 3262 3261 3636
f 3630 3261 3255
f 3635 3261 3630
f 3637 3638 3639
f 3632 3637 3639
f 3631 3637 3632
f 3631 3264 3637
f 3631 3265 3264
f 3257 3265 3631
f 3640 3641 3642
f 3640 3636 3641
f 3640 3266 3636
f 3266 3262 3636
f 3643 3644 3645
f 3638 3643 3645
f 3637 3643 3638
f 3637 3268 3643
f 3637 3269 3268
f 3264 3269 3637
f 3646 3647 3648
f 3642 3647 3646
f 3640 3642 3646
f 3640 3646 3271
f 3640 3271 3272
f 3266 3640 3272
f 3649 3644 3643
f 3650 3644 3649
f 3268 3274 3649
f 3643 3268 3649
f 3275 3651 3652
f 3276 3275 3652
f 3648 3277 3646
f 3648 3651 3277
f 3651 3275 3277
f 3271 3646 3277
f 3653 3650 3649
f 3654 3650 3653
f 3274 3279 3653
f 3649 3274 3653
f 3282 3655 3656
f 3281 3282 3656
f 3652 3282 3276
f 3655 3282 3652
f 3657 3654 3653
f 3658 3654 3657
f 3279 3284 3657
f 3653 3279 3657
f 3659 3660 3286
f 3659 3286 3656
f 3656 3286 3281
f 3659 3661 3660
f 3289 3658 3657
f 3289 3288 3658
f 3288 3662 3658
f 3284 3289 3657
f 3660 3663 3290
f 3286 3660 3290
f 3664 3660 3661
f 3663 3660 3664
f 3665 3666 3667
f 3665 3667 3662
f 3665 3662 3292
f 3292 3662 3288
f 3290 3663 3293
f 3663 3295 3293
f 3663 3664 3295
f 3664 3668 3295
f 3665 3669 3666
f 3669 3665 3292
f 3669 3292 3670
f 3670 3292 3297
f 3298 3671 3299
f 3298 3672 3671
f 3298 3295 3672
f 3295 3668 3672
f 3673 3297 3300
f 3673 3674 3297
f 3674 3670 3297
f 3300 3302 3673
f 3671 3675 3304
f 3299 3671 3304
f 3676 3671 3672
f 3675 3671 3676
f 3673 3677 3674
f 3677 3673 3302
f 3677 3302 3678
f 3678 3302 3306
f 3675 3679 3308
f 3304 3675 3308
f 3680 3675 3676
f 3679 3675 3680
f 3681 3306 3309
f 3681 3682 3306
f 3682 3678 3306
f 3309 3311 3681
f 3679 3683 3313
f 3308 3679 3313
f 3684 3679 3680
f 3683 3679 3684
f 3685 3682 3681
f 3686 3682 3685
f 3311 3315 3685
f 3681 3311 3685
f 3683 3687 3317
f 3313 3683 3317
f 3688 3683 3684
f 3687 3683 3688
f 3689 3686 3685
f 3690 3686 3689
f 3315 3319 3689
f 3685 3315 3689
f 3687 3691 3321
f 3317 3687 3321
f 3692 3687 3688
f 3691 3687 3692
f 3693 3690 3689
f 3694 3690 3693
f 3319 3323 3693
f 3689 3319 3693
f 3691 3695 3326
f 3321 3691 3326
f 3696 3691 3692
f 3695 3691 3696
f 3693 3697 3694
f 3697 3693 3323
f 3697 3323 3698
f 3698 3323 3328
f 3330 3699 3331
f 3330 3332 3700
f 3699 3330 3700
f 3332 3333 3701
f 3700 3332 3701
f 3333 3326 3695
f 3333 3695 3701
f 3701 3695 3702
f 3703 3695 3696
f 3703 3704 3695
f 3704 3702 3695
f 3703 3705 3704
f 3706 3328 3334
f 3706 3707 3328
f 3707 3698 3328
f 3334 3336 3706
f 3699 3708 3338
f 3331 3699 3338
f 3700 3709 3699
f 3709 3708 3699
f 3701 3710 3700
f 3710 3709 3700
f 3711 3702 3712
f 3711 3710 3702
f 3710 3701 3702
f 3704 3712 3702
f 3713 3712 3704
f 3705 3713 3704
f 3714 3707 3706
f 3715 3707 3714
f 3336 3340 3714
f 3706 3336 3714
f 3338 3708 3341
f 3716 3708 3709
f 3716 3343 3708
f 3716 3717 3343
f 3341 3708 3343
f 3710 3716 3709
f 3718 3716 3710
f 3711 3718 3710
f 3714 3719 3715
f 3719 3714 3340
f 3719 3340 3720
f 3720 3340 3345
f 3343 3717 3347
f 3717 3721 3347
f 3722 3345 3348
f 3722 3723 3345
f 3723 3720 3345
f 3348 3350 3722
f 3347 3721 3353
f 3721 3724 3353
f 3722 3725 3723
f 3726 3727 3725
f 3354 3726 3725
f 3354 3725 3722
f 3354 3722 3350
f 3354 3356 3726
f 3353 3724 3357
f 3724 3728 3357
f 3726 3729 3727
f 3730 3731 3729
f 3358 3730 3729
f 3358 3729 3726
f 3358 3726 3356
f 3358 3360 3730
f 3357 3728 3361
f 3728 3732 3361
f 3730 3733 3731
f 3734 3735 3733
f 3362 3734 3733
f 3362 3733 3730
f 3362 3730 3360
f 3362 3363 3736
f 3734 3362 3736
f 3363 3364 3736
f 3365 3737 3738
f 3366 3365 3738
f 3367 3739 3365
f 3365 3739 3737
f 3732 3367 3361
f 3739 3367 3732
f 3734 3740 3735
f 3736 3740 3734
f 3741 3740 3736
f 3364 3741 3736
f 3364 3368 3741
f 3368 3742 3741
f 3369 3743 3368
f 3368 3743 3742
f 3370 3744 3369
f 3369 3744 3743
f 3371 3745 3370
f 3370 3745 3744
f 3738 3371 3366
f 3745 3371 3738
f 3746 3747 3748
f 3746 3749 3750
f 3748 3749 3746
f 3750 3751 3752
f 3749 3751 3750
f 3752 3753 3754
f 3751 3753 3752
f 3754 3755 3756
f 3753 3755 3754
f 3755 3757 3756
f 3374 3758 3759
f 3373 3758 3374
f 3375 3760 3761
f 3375 3374 3760
f 3374 3759 3760
f 3761 3762 3763
f 3760 3762 3761
f 3763 3764 3765
f 3762 3764 3763
f 3747 3765 3764
f 3746 3765 3747
f 3746 3377 3765
f 3746 3378 3377
f 3379 3378 3746
f 3750 3379 3746
f 3381 3379 3750
f 3752 3381 3750
f 3383 3381 3752
f 3754 3383 3752
f 3385 3383 3754
f 3756 3385 3754
f 3387 3766 3767
f 3385 3766 3387
f 3385 3757 3766
f 3385 3756 3757
f 3766 3768 3767
f 3389 3388 3769
f 3770 3389 3769
f 3770 3771 3389
f 3771 3390 3389
f 3758 3373 3390
f 3771 3758 3390
f 3761 3772 3392
f 3375 3761 3392
f 3763 3773 3761
f 3773 3772 3761
f 3395 3394 3773
f 3395 3773 3765
f 3765 3773 3763
f 3377 3395 3765
f 3767 3774 3401
f 3387 3767 3401
f 3775 3767 3768
f 3775 3776 3767
f 3776 3774 3767
f 3775 3777 3776
f 3769 3778 3779
f 3769 3388 3778
f 3388 3403 3778
f 3770 3769 3779
f 3406 3780 3405
f 3406 3392 3772
f 3406 3772 3780
f 3780 3772 3781
f 3773 3782 3772
f 3782 3781 3772
f 3394 3408 3782
f 3773 3394 3782
f 3774 3783 3414
f 3401 3774 3414
f 3776 3784 3774
f 3784 3783 3774
f 3785 3776 3777
f 3785 3786 3776
f 3786 3784 3776
f 3786 3787 3788
f 3785 3787 3786
f 3787 3789 3788
f 3416 3790 3791
f 3415 3790 3416
f 3778 3403 3416
f 3791 3778 3416
f 3780 3792 3418
f 3405 3780 3418
f 3781 3793 3780
f 3793 3792 3780
f 3782 3794 3781
f 3794 3793 3781
f 3408 3420 3794
f 3782 3408 3794
f 3426 3795 3425
f 3426 3414 3783
f 3426 3783 3795
f 3795 3783 3796
f 3784 3797 3783
f 3797 3796 3783
f 3786 3798 3784
f 3798 3797 3784
f 3788 3799 3786
f 3799 3798 3786
f 3800 3788 3789
f 3799 3788 3800
f 3801 3802 3803
f 3801 3803 3790
f 3801 3790 3427
f 3427 3790 3415
f 3792 3804 3429
f 3418 3792 3429
f 3793 3805 3792
f 3805 3804 3792
f 3432 3431 3805
f 3432 3805 3794
f 3794 3805 3793
f 3420 3432 3794
f 3436 3806 3435
f 3436 3425 3795
f 3436 3795 3806
f 3806 3795 3807
f 3796 3808 3795
f 3808 3807 3795
f 3797 3809 3796
f 3809 3808 3796
f 3798 3810 3797
f 3810 3809 3797
f 3811 3799 3812
f 3811 3810 3799
f 3810 3798 3799
f 3800 3812 3799
f 3813 3802 3801
f 3814 3802 3813
f 3427 3437 3813
f 3801 3427 3813
f 3429 3804 3439
f 3441 3439 3804
f 3805 3441 3804
f 3431 3441 3805
f 3806 3815 3445
f 3435 3806 3445
f 3807 3816 3806
f 3816 3815 3806
f 3817 3808 3818
f 3817 3816 3808
f 3816 3807 3808
f 3809 3818 3808
f 3819 3818 3809
f 3810 3819 3809
f 3820 3819 3810
f 3811 3820 3810
f 3821 3814 3813
f 3822 3814 3821
f 3437 3446 3823
f 3437 3823 3813
f 3813 3823 3821
f 3446 3448 3823
f 3815 3824 3453
f 3445 3815 3453
f 3816 3825 3815
f 3825 3824 3815
f 3826 3816 3817
f 3825 3816 3826
f 3827 3828 3829
f 3827 3830 3831
f 3829 3830 3827
f 3831 3456 3455
f 3831 3830 3456
f 3830 3832 3456
f 3457 3456 3833
f 3456 3832 3833
f 3459 3457 3834
f 3457 3833 3834
f 3822 3821 3461
f 3822 3461 3834
f 3834 3461 3459
f 3463 3461 3821
f 3823 3463 3821
f 3448 3463 3823
f 3468 3835 3467
f 3468 3453 3824
f 3468 3824 3835
f 3835 3824 3836
f 3825 3837 3824
f 3837 3836 3824
f 3838 3825 3826
f 3837 3825 3838
f 3839 3828 3827
f 3840 3828 3839
f 3471 3470 3839
f 3471 3839 3831
f 3831 3839 3827
f 3455 3471 3831
f 3835 3841 3473
f 3467 3835 3473
f 3836 3842 3835
f 3842 3841 3835
f 3837 3843 3836
f 3843 3842 3836
f 3844 3837 3838
f 3843 3837 3844
f 3845 3846 3847
f 3840 3845 3847
f 3839 3845 3840
f 3839 3475 3845
f 3839 3476 3475
f 3470 3476 3839
f 3841 3848 3479
f 3473 3841 3479
f 3842 3849 3841
f 3849 3848 3841
f 3843 3850 3842
f 3850 3849 3842
f 3851 3843 3844
f 3850 3843 3851
f 3845 3852 3846
f 3852 3845 3475
f 3852 3475 3853
f 3853 3475 3483
f 3479 3848 3485
f 3487 3485 3848
f 3849 3487 3848
f 3489 3487 3849
f 3850 3489 3849
f 3850 3851 3854
f 3850 3854 3489
f 3489 3854 3490
f 3855 3854 3856
f 3855 3491 3854
f 3491 3490 3854
f 3491 3857 3492
f 3855 3857 3491
f 3492 3858 3493
f 3857 3858 3492
f 3493 3859 3494
f 3858 3859 3493
f 3494 3859 3496
f 3860 3483 3497
f 3860 3861 3483
f 3861 3853 3483
f 3497 3499 3860
f 3855 3856 3862
f 3857 3855 3862
f 3863 3857 3862
f 3858 3857 3863
f 3864 3858 3863
f 3506 3507 3865
f 3864 3866 3858
f 3859 3858 3866
f 3867 3859 3866
f 3859 3867 3496
f 3868 3496 3867
f 3496 3868 3507
f 3865 3507 3868
f 3868 3869 3870
f 3867 3869 3868
f 3869 3871 3870
f 3860 3872 3861
f 3499 3872 3860
f 3499 3508 3872
f 3508 3873 3872
f 3874 3875 3873
f 3874 3873 3509
f 3509 3873 3508
f 3509 3511 3874
f 3514 3876 3513
f 3514 3515 3877
f 3876 3514 3877
f 3878 3877 3515
f 3878 3515 3879
f 3879 3515 3516
f 3517 3880 3516
f 3516 3880 3879
f 3865 3517 3506
f 3865 3881 3517
f 3881 3880 3517
f 3868 3881 3865
f 3882 3881 3868
f 3870 3882 3868
f 3883 3882 3870
f 3871 3883 3870
f 3874 3884 3875
f 3511 3884 3874
f 3511 3518 3884
f 3518 3885 3884
f 3886 3887 3885
f 3886 3885 3519
f 3519 3885 3518
f 3519 3521 3886
f 3876 3888 3523
f 3513 3876 3523
f 3889 3877 3890
f 3889 3888 3877
f 3888 3876 3877
f 3878 3890 3877
f 3886 3891 3887
f 3892 3893 3891
f 3524 3892 3891
f 3524 3891 3886
f 3524 3886 3521
f 3524 3526 3892
f 3523 3888 3528
f 3888 3530 3528
f 3888 3889 3530
f 3889 3894 3530
f 3892 3895 3893
f 3896 3897 3895
f 3531 3896 3895
f 3531 3895 3892
f 3531 3892 3526
f 3531 3532 3898
f 3896 3531 3898
f 3532 3534 3898
f 3530 3894 3538
f 3894 3899 3538
f 3896 3900 3897
f 3898 3900 3896
f 3901 3900 3898
f 3902 3903 3901
f 3539 3902 3901
f 3539 3901 3898
f 3539 3898 3534
f 3539 3540 3904
f 3902 3539 3904
f 3540 3542 3904
f 3551 3905 3550
f 3551 3906 3905
f 3551 3538 3906
f 3538 3899 3906
f 3902 3907 3903
f 3907 3908 3909
f 3907 3902 3908
f 3902 3904 3908
f 3542 3552 3910
f 3542 3910 3904
f 3904 3910 3908
f 3552 3553 3911
f 3910 3552 3911
f 3553 3555 3911
f 3905 3912 3561
f 3550 3905 3561
f 3913 3905 3906
f 3912 3905 3913
f 3908 3914 3909
f 3910 3914 3908
f 3915 3914 3910
f 3915 3916 3917
f 3915 3910 3916
f 3910 3911 3916
f 3555 3562 3918
f 3555 3918 3911
f 3911 3918 3916
f 3562 3563 3919
f 3918 3562 3919
f 3563 3564 3920
f 3919 3563 3920
f 3564 3565 3921
f 3920 3564 3921
f 3565 3566 3922
f 3921 3565 3922
f 3566 3567 3923
f 3922 3566 3923
f 3567 3924 3923
f 3561 3924 3567
f 3561 3925 3924
f 3561 3912 3925
f 3913 3925 3912
f 3916 3926 3917
f 3918 3926 3916
f 3927 3926 3918
f 3919 3927 3918
f 3928 3927 3919
f 3920 3928 3919
f 3929 3928 3920
f 3921 3929 3920
f 3930 3929 3921
f 3922 3930 3921
f 3931 3930 3922
f 3923 3931 3922
f 3932 3931 3923
f 3924 3932 3923
f 3571 3570 3933
f 3571 3934 3572
f 3933 3934 3571
f 3572 3934 3574
f 3577 3576 3935
f 3577 3935 3936
f 3570 3577 3936
f 3570 3936 3937
f 3570 3937 3933
f 3934 3933 3937
f 3938 3934 3937
f 3574 3934 3938
f 3574 3938 3578
f 3578 3938 3939
f 3940 3939 3941
f 3940 3579 3939
f 3579 3578 3939
f 3579 3940 3580
f 3583 3582 3942
f 3583 3935 3576
f 3583 3942 3935
f 3942 3943 3935
f 3944 3936 3935
f 3943 3944 3935
f 3940 3941 3945
f 3580 3940 3945
f 3580 3945 3584
f 3584 3945 3946
f 3946 3585 3584
f 3947 3585 3946
f 3588 3587 3948
f 3588 3948 3949
f 3582 3588 3949
f 3582 3949 3950
f 3582 3950 3942
f 3943 3942 3950
f 3951 3943 3950
f 3944 3943 3951
f 3952 3589 3585
f 3952 3585 3953
f 3953 3585 3947
f 3589 3952 3591
f 3593 3592 3954
f 3593 3954 3955
f 3587 3593 3955
f 3587 3955 3956
f 3587 3956 3948
f 3949 3948 3956
f 3957 3952 3953
f 3958 3957 3953
f 3591 3957 3595
f 3952 3957 3591
f 3954 3959 3960
f 3954 3592 3959
f 3592 3597 3959
f 3955 3954 3960
f 3961 3957 3958
f 3962 3961 3958
f 3595 3963 3598
f 3595 3957 3963
f 3957 3961 3963
f 3598 3963 3599
f 3602 3964 3965
f 3601 3964 3602
f 3959 3597 3602
f 3965 3959 3602
f 3966 3961 3962
f 3967 3966 3962
f 3604 3966 3605
f 3604 3963 3966
f 3963 3961 3966
f 3599 3963 3604
f 3607 3968 3969
f 3606 3968 3607
f 3964 3601 3607
f 3969 3964 3607
f 3970 3966 3967
f 3971 3970 3967
f 3605 3970 3609
f 3966 3970 3605
f 3611 3972 3973
f 3610 3972 3611
f 3968 3606 3611
f 3973 3968 3611
f 3613 3970 3971
f 3613 3971 3614
f 3614 3971 3974
f 3609 3970 3613
f 3616 3975 3976
f 3615 3975 3616
f 3972 3610 3616
f 3976 3972 3616
f 3977 3978 3979
f 3977 3974 3978
f 3977 3618 3974
f 3618 3614 3974
f 3980 3981 3982
f 3980 3983 3984
f 3982 3983 3980
f 3984 3620 3619
f 3984 3983 3620
f 3983 3985 3620
f 3975 3615 3620
f 3985 3975 3620
f 3622 3977 3979
f 3622 3979 3623
f 3623 3979 3986
f 3618 3977 3622
f 3987 3988 3989
f 3987 3626 3625
f 3987 3989 3626
f 3989 3990 3626
f 3627 3626 3991
f 3626 3990 3991
f 3981 3980 3628
f 3981 3628 3991
f 3991 3628 3627
f 3629 3628 3980
f 3984 3629 3980
f 3619 3629 3984
f 3992 3993 3994
f 3992 3986 3993
f 3992 3630 3986
f 3630 3623 3986
f 3995 3996 3997
f 3995 3633 3632
f 3995 3997 3633
f 3997 3998 3633
f 3988 3987 3634
f 3988 3634 3998
f 3998 3634 3633
f 3625 3634 3987
f 3635 3992 3994
f 3635 3994 3636
f 3636 3994 3999
f 3630 3992 3635
f 4000 4001 4002
f 3996 4000 4002
f 3995 4000 3996
f 3995 3638 4000
f 3995 3639 3638
f 3632 3639 3995
f 3641 4003 4004
f 3642 3641 4004
f 3999 3641 3636
f 4003 3641 3999
f 3645 4001 4000
f 3645 3644 4001
f 3644 4005 4001
f 3638 3645 4000
f 3647 4006 4007
f 3648 3647 4007
f 4004 3647 3642
f 4006 3647 4004
f 3644 3650 4005
f 4005 3650 4008
f 3651 4009 4010
f 3652 3651 4010
f 4007 3651 3648
f 4009 3651 4007
f 4011 4012 4013
f 4011 4013 4008
f 4011 4008 3654
f 3654 4008 3650
f 3655 4014 3656
f 3655 4015 4014
f 3655 3652 4015
f 3652 4010 4015
f 4016 4012 4011
f 4017 4012 4016
f 3654 3658 4016
f 4011 3654 4016
f 3656 4014 3659
f 3661 4018 4019
f 3659 4018 3661
f 3659 4015 4018
f 3659 4014 4015
f 4018 4020 4019
f 4021 4017 4016
f 4022 4017 4021
f 3658 3662 4021
f 4016 3658 4021
f 4019 4023 3664
f 3661 4019 3664
f 4024 4019 4020
f 4023 4019 4024
f 3667 4022 4021
f 3667 3666 4022
f 3666 4025 4022
f 3662 3667 4021
f 4023 4026 3668
f 3664 4023 3668
f 4027 4023 4024
f 4026 4023 4027
f 4028 3666 3669
f 4028 4029 3666
f 4029 4025 3666
f 3669 3670 4028
f 4026 4030 4031
f 4026 4031 3668
f 3668 4031 3672
f 4027 4030 4026
f 4032 4029 4028
f 4033 4029 4032
f 3670 3674 4032
f 4028 3670 4032
f 3672 4031 3676
f 4031 4034 3676
f 4032 4035 4033
f 4036 4037 4035
f 3677 4036 4035
f 3677 4035 4032
f 3677 4032 3674
f 3677 3678 4036
f 4038 4039 3680
f 4038 3680 4034
f 4034 3680 3676
f 4038 4040 4039
f 4041 4037 4036
f 4042 4037 4041
f 3678 3682 4041
f 4036 3678 4041
f 4039 4043 3684
f 3680 4039 3684
f 4044 4039 4040
f 4043 4039 4044
f 4045 4042 4041
f 4046 4042 4045
f 3682 3686 4045
f 4041 3682 4045
f 4043 4047 3688
f 3684 4043 3688
f 4048 4043 4044
f 4047 4043 4048
f 4045 4049 4046
f 4049 4045 3686
f 4049 3686 4050
f 4050 3686 3690
f 4047 4051 3692
f 3688 4047 3692
f 4052 4047 4048
f 4051 4047 4052
f 3690 3694 4050
f 4050 3694 4053
f 4051 4054 3696
f 3692 4051 3696
f 4055 4051 4052
f 4054 4051 4055
f 4056 3694 3697
f 4056 4057 3694
f 4057 4053 3694
f 3697 3698 4056
f 3696 4054 3703
f 3705 4058 4059
f 3703 4058 3705
f 3703 4055 4058
f 3703 4054 4055
f 4058 4060 4059
f 4061 4057 4056
f 4062 4057 4061
f 3698 3707 4061
f 4056 3698 4061
f 3712 4063 3711
f 3712 3713 4064
f 4063 3712 4064
f 3713 4065 4064
f 3705 4065 3713
f 3705 4066 4065
f 3705 4059 4066
f 4060 4066 4059
f 4061 4067 4062
f 4067 4061 3707
f 4067 3707 4068
f 4068 3707 3715
f 3716 4069 3717
f 3716 3718 4070
f 4069 3716 4070
f 3718 3711 4063
f 3718 4063 4070
f 4070 4063 4071
f 4072 4064 4073
f 4072 4071 4064
f 4071 4063 4064
f 4065 4073 4064
f 4074 3715 3719
f 4074 4075 3715
f 4075 4068 3715
f 3719 3720 4074
f 4069 4076 3721
f 3717 4069 3721
f 4070 4077 4069
f 4077 4076 4069
f 4078 4071 4079
f 4078 4077 4071
f 4077 4070 4071
f 4072 4079 4071
f 4074 4080 4075
f 4080 4074 3720
f 4080 3720 4081
f 4081 3720 3723
f 4076 4082 3724
f 3721 4076 3724
f 4083 4077 4084
f 4083 4082 4077
f 4082 4076 4077
f 4078 4084 4077
f 4085 3723 3725
f 4085 4086 3723
f 4086 4081 3723
f 3725 3727 4085
f 4082 4087 3728
f 3724 4082 3728
f 4088 4082 4083
f 4087 4082 4088
f 4085 4089 4086
f 4090 4091 4089
f 3729 4090 4089
f 3729 4089 4085
f 3729 4085 3727
f 3729 3731 4090
f 4087 4092 4093
f 4087 4093 3728
f 3728 4093 3732
f 4088 4092 4087
f 4090 4094 4091
f 3731 4094 4090
f 3731 3733 4094
f 3733 4095 4094
f 4095 3733 3735
f 4096 4095 3735
f 3737 4097 3738
f 4098 4097 3737
f 4098 3737 4099
f 4099 3737 3739
f 4093 3739 3732
f 4099 3739 4093
f 3735 4100 4096
f 3740 4100 3735
f 3741 4101 3740
f 3740 4101 4100
f 3742 4102 3741
f 3741 4102 4101
f 4103 4104 4102
f 4103 4102 3743
f 3743 4102 3742
f 3743 3744 4105
f 4103 3743 4105
f 4106 4105 3744
f 4106 3744 4107
f 4107 3744 3745
f 4097 3745 3738
f 4097 4108 3745
f 4108 4107 3745
f 4098 4108 4097
f 4103 4109 4104
f 4105 4109 4103
f 4110 4109 4105
f 4111 4112 4113
f 4106 4110 4105
f 4112 4114 4115
f 4111 4114 4112
f 4115 4116 4117
f 4114 4116 4115
f 4117 4118 4119
f 4116 4118 4117
f 4118 4120 4119
f 4121 4122 4123
f 4121 4124 4125
f 4123 4124 4121
f 4125 4126 4127
f 4124 4126 4125
f 4126 4128 4127
f 4129 4130 4131
f 4129 4132 4133
f 4131 4132 4129
f 4133 3748 3747
f 4133 4132 3748
f 4132 4134 3748
f 4113 4112 3749
f 4113 3749 4134
f 4134 3749 3748
f 3751 3749 4112
f 4115 3751 4112
f 3753 3751 4115
f 4117 3753 4115
f 3755 3753 4117
f 4119 3755 4117
f 3757 4135 4136
f 3755 4135 3757
f 3755 4120 4135
f 3755 4119 4120
f 4135 4137 4136
f 4138 4139 4140
f 4122 4138 4140
f 4122 4121 4138
f 4121 4141 4138
f 4125 4142 4121
f 4142 4141 4121
f 4127 4143 4125
f 4143 4142 4125
f 4144 4145 4128
f 3759 4128 4145
f 4128 3759 4127
f 3758 4127 3759
f 4127 3758 4143
f 4146 3759 4145
f 4146 4147 3759
f 4147 3760 3759
f 4130 4129 3762
f 4130 3762 4147
f 4147 3762 3760
f 3764 3762 4129
f 4133 3764 4129
f 3747 3764 4133
f 3757 4136 3766
f 3768 4148 4149
f 3766 4148 3768
f 3766 4137 4148
f 3766 4136 4137
f 4148 4150 4149
f 4151 4139 4138
f 4152 4139 4151
f 4141 4153 4138
f 4153 4151 4138
f 4142 4154 4141
f 4154 4153 4141
f 3771 3770 4154
f 3771 4154 4143
f 4143 4154 4142
f 4144 4155 4145
f 3771 4143 3758
f 4146 4145 4155
f 3768 4149 3775
f 3777 4156 4157
f 3775 4156 3777
f 3775 4150 4156
f 3775 4149 4150
f 4157 4158 4159
f 4156 4158 4157
f 4158 4160 4159
f 4161 4152 4151
f 4162 4152 4161
f 4153 4163 4151
f 4163 4161 4151
f 3779 3778 4163
f 3779 4163 4154
f 4154 4163 4153
f 3770 3779 4154
f 3777 4157 3785
f 3787 3785 4157
f 4159 3787 4157
f 3789 4164 4165
f 3787 4164 3789
f 3787 4160 4164
f 3787 4159 4160
f 4164 4166 4165
f 4167 4168 4169
f 4162 4167 4169
f 4162 4161 4167
f 4161 4170 4167
f 3791 3790 4170
f 3791 4170 4163
f 4163 4170 4161
f 3778 3791 4163
f 4165 4171 4172
f 4165 4172 3789
f 3789 4172 3800
f 4166 4171 4165
f 4173 4168 4167
f 4174 4168 4173
f 3803 3802 4173
f 3803 4173 4170
f 4170 4173 4167
f 3790 3803 4170
f 3812 4175 4176
f 3811 3812 4176
f 4172 3812 3800
f 4175 3812 4172
f 4177 4174 4173
f 4178 4174 4177
f 3802 3814 4177
f 4173 3802 4177
f 3818 4179 3817
f 4180 4179 3818
f 4180 3818 4181
f 4181 3818 3819
f 3820 4182 3819
f 3819 4182 4181
f 4176 3820 3811
f 4182 3820 4176
f 4183 4184 4185
f 4183 4186 4187
f 4185 4186 4183
f 4187 4188 4189
f 4186 4188 4187
f 4189 4190 4191
f 4188 4190 4189
f 4178 4191 4190
f 4178 4177 4191
f 4177 4192 4191
f 3814 3822 4192
f 4177 3814 4192
f 4179 4193 3826
f 3817 4179 3826
f 4194 4179 4180
f 4193 4179 4194
f 4195 4196 4197
f 4184 4195 4197
f 4183 4195 4184
f 4183 3828 4195
f 4183 3829 3828
f 3830 3829 4183
f 4187 3830 4183
f 3832 3830 4187
f 4189 3832 4187
f 3833 3832 4189
f 4191 3833 4189
f 3834 3833 4191
f 4192 3834 4191
f 3822 3834 4192
f 4193 4198 3838
f 3826 4193 3838
f 4199 4193 4194
f 4198 4193 4199
f 4200 4196 4195
f 4201 4196 4200
f 3828 3840 4200
f 4195 3828 4200
f 4198 4202 3844
f 3838 4198 3844
f 4203 4198 4199
f 4203 4204 4198
f 4204 4202 4198
f 4203 4205 4204
f 3847 4201 4200
f 3847 3846 4201
f 3846 4206 4201
f 3840 3847 4200
f 4202 4207 3851
f 3844 4202 3851
f 4204 4208 4202
f 4208 4207 4202
f 4209 4204 4205
f 4208 4204 4209
f 4210 3846 3852
f 4210 4211 3846
f 4211 4206 3846
f 3852 3853 4210
f 3851 4207 3854
f 3856 3854 4207
f 3856 4207 4212
f 4212 4207 4208
f 4213 4208 4209
f 4212 4208 4213
f 4210 4214 4211
f 4214 4210 3853
f 4214 3853 4215
f 4215 3853 3861
f 3856 4212 3862
f 4212 4213 4216
f 4212 4216 3862
f 3862 4216 3863
f 3864 3863 4217
f 3863 4216 4217
f 3866 3864 4218
f 3864 4217 4218
f 3867 3866 4219
f 3866 4218 4219
f 3869 3867 4220
f 3867 4219 4220
f 3871 4221 4222
f 3871 3869 4221
f 3869 4220 4221
f 4221 4223 4222
f 3861 4224 4215
f 3872 4224 3861
f 4225 4226 4224
f 4225 4224 3873
f 3873 4224 3872
f 3873 3875 4225
f 3879 4227 3878
f 3879 3880 4228
f 4227 3879 4228
f 3880 3881 4229
f 4228 3880 4229
f 4230 4229 3881
f 4230 3881 4231
f 4231 3881 3882
f 3883 4232 3882
f 3882 4232 4231
f 4222 3883 3871
f 4222 4233 3883
f 4233 4232 3883
f 4223 4233 4222
f 4225 4234 4226
f 3875 4234 4225
f 3875 3884 4234
f 3884 4235 4234
f 4236 4237 4235
f 4236 4235 3885
f 3885 4235 3884
f 3885 3887 4236
f 3890 4238 4239
f 3889 3890 4239
f 4227 3890 3878
f 4227 4240 3890
f 4240 4238 3890
f 4228 4240 4227
f 4241 4240 4228
f 4229 4241 4228
f 4242 4241 4229
f 4230 4242 4229
f 4236 4243 4237
f 4244 4245 4243
f 3891 4244 4243
f 3891 4243 4236
f 3891 4236 3887
f 3891 3893 4244
f 4246 4247 3894
f 4246 3894 4239
f 4239 3894 3889
f 4246 4248 4247
f 4244 4249 4245
f 4250 4251 4249
f 3895 4250 4249
f 3895 4249 4244
f 3895 4244 3893
f 3895 3897 4250
f 4247 4252 3899
f 3894 4247 3899
f 4253 4247 4248
f 4252 4247 4253
f 4250 4254 4251
f 4255 4256 4254
f 3900 4255 4254
f 3900 4254 4250
f 3900 4250 3897
f 3900 3901 4257
f 4255 3900 4257
f 3901 3903 4257
f 4252 4258 4259
f 4252 4259 3899
f 3899 4259 3906
f 4253 4258 4252
f 4255 4260 4256
f 4260 4261 4262
f 4260 4255 4261
f 4255 4257 4261
f 3903 3907 4263
f 3903 4263 4257
f 4257 4263 4261
f 3907 3909 4263
f 3906 4259 3913
f 4259 4264 3913
f 4261 4265 4262
f 4263 4265 4261
f 4266 4265 4263
f 4267 4268 4266
f 3914 4267 4266
f 3914 4266 4263
f 3914 4263 3909
f 3914 3915 4269
f 4267 3914 4269
f 3915 3917 4269
f 3925 4270 3924
f 3925 4271 4270
f 3925 3913 4271
f 3913 4264 4271
f 4267 4272 4268
f 4269 4272 4267
f 4273 4272 4269
f 4274 4275 4273
f 3926 4274 4273
f 3926 4273 4269
f 3926 4269 3917
f 3926 3927 4276
f 4274 3926 4276
f 3927 3928 4277
f 4276 3927 4277
f 3928 3929 4278
f 4277 3928 4278
f 3929 3930 4279
f 4278 3929 4279
f 3930 3931 4280
f 4279 3930 4280
f 3931 3932 4281
f 4280 3931 4281
f 3932 4282 4281
f 3924 4282 3932
f 3924 4283 4282
f 3924 4270 4283
f 4271 4283 4270
f 4274 4284 4275
f 4276 4284 4274
f 4285 4284 4276
f 4277 4285 4276
f 4286 4285 4277
f 4278 4286 4277
f 4287 4286 4278
f 4279 4287 4278
f 4288 4287 4279
f 4280 4288 4279
f 4289 4288 4280
f 4281 4289 4280
f 4290 4289 4281
f 4282 4290 4281
f 3937 3936 4291
f 3937 4292 3938
f 4291 4292 3937
f 3938 4293 3939
f 4292 4293 3938
f 3939 4293 3941
f 4291 3944 4294
f 3936 3944 4291
f 4292 4291 4295
f 4295 4291 4294
f 4293 4292 4296
f 4296 4292 4295
f 3941 4297 3945
f 3941 4293 4297
f 4293 4296 4297
f 3945 4298 3946
f 4297 4298 3945
f 3946 4298 3947
f 3950 3949 4299
f 3950 4300 3951
f 4299 4300 3950
f 3951 4294 3944
f 3951 4300 4294
f 4300 4301 4294
f 4295 4294 4302
f 4302 4294 4301
f 4296 4295 4303
f 4303 4295 4302
f 4297 4296 4304
f 4304 4296 4303
f 4298 4297 4305
f 4305 4297 4304
f 3947 4305 3953
f 4298 4305 3947
f 3956 3955 4306
f 3956 4299 3949
f 3956 4306 4299
f 4306 4307 4299
f 4308 4309 4300
f 4308 4300 4307
f 4307 4300 4299
f 4301 4300 4309
f 4310 4301 4309
f 4302 4301 4310
f 4311 4302 4310
f 4311 4312 4313
f 4311 4313 4302
f 4302 4313 4303
f 4304 4303 4314
f 4314 4303 4313
f 4305 4304 4315
f 4315 4304 4314
f 3953 4315 3958
f 4305 4315 3953
f 3960 3959 4316
f 3960 4306 3955
f 3960 4316 4306
f 4316 4317 4306
f 4318 4319 4307
f 4318 4307 4317
f 4317 4307 4306
f 4308 4307 4319
f 4313 4312 4320
f 4320 4321 4322
f 4320 4322 4313
f 4313 4322 4314
f 4315 4314 4323
f 4323 4314 4322
f 3958 4323 3962
f 4315 4323 3958
f 3965 3964 4324
f 3965 4324 4325
f 3959 3965 4325
f 3959 4325 4326
f 3959 4326 4316
f 4317 4316 4326
f 4327 4317 4326
f 4318 4317 4327
f 4328 4322 4321
f 4329 4328 4321
f 4323 4322 4330
f 4330 4322 4328
f 3962 4330 3967
f 4323 4330 3962
f 3969 3968 4331
f 3969 4331 4332
f 3964 3969 4332
f 3964 4332 4333
f 3964 4333 4324
f 4325 4324 4333
f 4334 4328 4329
f 4335 4334 4329
f 4330 4328 4336
f 4336 4328 4334
f 3967 4336 3971
f 4330 4336 3967
f 3973 3972 4337
f 3973 4337 4338
f 3968 3973 4338
f 3968 4338 4339
f 3968 4339 4331
f 4332 4331 4339
f 4340 4334 4335
f 4341 4340 4335
f 4336 4334 4342
f 4342 4334 4340
f 3971 4342 3974
f 4336 4342 3971
f 3976 3975 4343
f 3976 4343 4344
f 3972 3976 4344
f 3972 4344 4345
f 3972 4345 4337
f 4338 4337 4345
f 4346 4340 4341
f 4347 4346 4341
f 3978 4346 3979
f 3978 4342 4346
f 4342 4340 4346
f 3974 4342 3978
f 4348 4349 4350
f 4348 3982 3981
f 4348 4350 3982
f 4350 4351 3982
f 3983 3982 4352
f 3982 4351 4352
f 3985 3983 4353
f 3983 4352 4353
f 4343 3975 3985
f 4343 3985 4354
f 4354 3985 4353
f 4344 4343 4354
f 4355 4346 4347
f 4356 4355 4347
f 3979 4355 3986
f 4346 4355 3979
f 4357 4358 4359
f 4357 3989 3988
f 4357 4359 3989
f 4359 4360 3989
f 3990 3989 4361
f 3989 4360 4361
f 4349 4348 3991
f 4349 3991 4361
f 4361 3991 3990
f 3981 3991 4348
f 4362 4363 4364
f 4356 4363 4362
f 4355 4356 4362
f 4355 4362 3994
f 4355 3994 3993
f 3986 4355 3993
f 3997 4365 4366
f 3996 4365 3997
f 4358 4357 3998
f 4358 3998 4366
f 4366 3998 3997
f 3988 3998 4357
f 4367 4362 4364
f 4368 4367 4364
f 3994 4367 3999
f 4362 4367 3994
f 4002 4369 4370
f 4001 4369 4002
f 4365 3996 4002
f 4370 4365 4002
f 4371 4372 4373
f 4368 4372 4371
f 4367 4368 4371
f 4367 4371 4004
f 4367 4004 4003
f 3999 4367 4003
f 4374 4375 4376
f 4374 4376 4369
f 4374 4369 4005
f 4005 4369 4001
f 4006 4371 4373
f 4006 4373 4007
f 4007 4373 4377
f 4004 4371 4006
f 4378 4375 4374
f 4379 4375 4378
f 4005 4008 4378
f 4374 4005 4378
f 4009 4380 4381
f 4010 4009 4381
f 4377 4009 4007
f 4380 4009 4377
f 4013 4379 4378
f 4013 4012 4379
f 4012 4382 4379
f 4008 4013 4378
f 4010 4381 4015
f 4381 4383 4015
f 4012 4017 4382
f 4382 4017 4384
f 4015 4383 4385
f 4018 4015 4385
f 4385 4020 4018
f 4386 4020 4385
f 4387 4388 4389
f 4387 4389 4384
f 4387 4384 4022
f 4022 4384 4017
f 4390 4391 4024
f 4390 4024 4386
f 4386 4024 4020
f 4390 4392 4391
f 4393 4388 4387
f 4394 4388 4393
f 4022 4025 4393
f 4387 4022 4393
f 4391 4395 4027
f 4024 4391 4027
f 4396 4391 4392
f 4395 4391 4396
f 4393 4397 4394
f 4397 4393 4025
f 4397 4025 4398
f 4398 4025 4029
f 4030 4399 4031
f 4030 4027 4395
f 4030 4395 4399
f 4399 4395 4400
f 4401 4395 4396
f 4400 4395 4401
f 4029 4033 4398
f 4398 4033 4402
f 4399 4403 4034
f 4031 4399 4034
f 4404 4400 4405
f 4404 4403 4400
f 4403 4399 4400
f 4401 4405 4400
f 4406 4033 4035
f 4406 4407 4033
f 4407 4402 4033
f 4035 4037 4406
f 4034 4403 4038
f 4403 4040 4038
f 4403 4404 4040
f 4404 4408 4040
f 4406 4409 4407
f 4409 4406 4037
f 4409 4037 4410
f 4410 4037 4042
f 4040 4408 4044
f 4408 4411 4044
f 4042 4046 4410
f 4410 4046 4412
f 4044 4411 4048
f 4411 4413 4048
f 4414 4046 4049
f 4414 4415 4046
f 4415 4412 4046
f 4049 4050 4414
f 4048 4413 4052
f 4413 4416 4052
f 4417 4415 4414
f 4418 4415 4417
f 4050 4053 4417
f 4414 4050 4417
f 4419 4420 4055
f 4419 4055 4416
f 4416 4055 4052
f 4419 4421 4420
f 4422 4418 4417
f 4423 4418 4422
f 4053 4057 4422
f 4417 4053 4422
f 4055 4420 4058
f 4420 4060 4058
f 4420 4421 4060
f 4421 4424 4060
f 4422 4425 4423
f 4425 4422 4057
f 4425 4057 4426
f 4426 4057 4062
f 4066 4427 4065
f 4066 4428 4427
f 4066 4060 4428
f 4060 4424 4428
f 4429 4062 4067
f 4429 4430 4062
f 4430 4426 4062
f 4067 4068 4429
f 4073 4431 4072
f 4073 4432 4431
f 4065 4432 4073
f 4065 4433 4432
f 4065 4427 4433
f 4428 4433 4427
f 4434 4430 4429
f 4435 4430 4434
f 4068 4075 4434
f 4429 4068 4434
f 4079 4436 4437
f 4078 4079 4437
f 4431 4079 4072
f 4431 4438 4079
f 4438 4436 4079
f 4432 4438 4431
f 4434 4439 4435
f 4440 4441 4439
f 4080 4440 4439
f 4080 4439 4434
f 4080 4434 4075
f 4080 4081 4440
f 4084 4442 4083
f 4084 4443 4442
f 4084 4078 4443
f 4078 4437 4443
f 4440 4444 4441
f 4444 4440 4081
f 4444 4081 4445
f 4445 4081 4086
f 4442 4446 4447
f 4442 4447 4083
f 4083 4447 4088
f 4443 4446 4442
f 4086 4448 4445
f 4089 4448 4086
f 4448 4089 4091
f 4449 4448 4091
f 4092 4450 4451
f 4093 4092 4451
f 4447 4092 4088
f 4450 4092 4447
f 4091 4452 4449
f 4094 4452 4091
f 4453 4454 4452
f 4453 4452 4095
f 4095 4452 4094
f 4095 4096 4453
f 4099 4455 4456
f 4098 4099 4456
f 4451 4099 4093
f 4455 4099 4451
f 4453 4457 4454
f 4096 4457 4453
f 4096 4100 4457
f 4100 4458 4457
f 4101 4459 4100
f 4100 4459 4458
f 4460 4461 4459
f 4460 4459 4102
f 4102 4459 4101
f 4102 4104 4460
f 4462 4463 4464
f 4462 4106 4107
f 4462 4107 4463
f 4463 4107 4465
f 4108 4466 4107
f 4107 4466 4465
f 4456 4108 4098
f 4466 4108 4456
f 4460 4467 4461
f 4468 4469 4467
f 4109 4468 4467
f 4109 4467 4460
f 4109 4460 4104
f 4464 4470 4462
f 4109 4110 4468
f 4471 4468 4110
f 4110 4106 4472
f 4471 4110 4472
f 4113 4471 4472
f 4111 4113 4472
f 4473 4111 4472
f 4470 4473 4472
f 4462 4470 4472
f 4106 4462 4472
f 4114 4111 4474
f 4111 4473 4474
f 4116 4114 4475
f 4114 4474 4475
f 4118 4116 4476
f 4116 4475 4476
f 4120 4477 4478
f 4120 4118 4477
f 4118 4476 4477
f 4477 4479 4478
f 4480 4481 4482
f 4480 4123 4122
f 4480 4482 4123
f 4482 4483 4123
f 4124 4123 4484
f 4123 4483 4484
f 4126 4124 4485
f 4124 4484 4485
f 4485 4128 4126
f 4486 4128 4485
f 4487 4488 4489
f 4487 4131 4130
f 4487 4489 4131
f 4489 4490 4131
f 4469 4468 4132
f 4469 4132 4490
f 4490 4132 4131
f 4134 4132 4468
f 4471 4134 4468
f 4113 4134 4471
f 4120 4478 4135
f 4137 4491 4492
f 4135 4491 4137
f 4135 4479 4491
f 4135 4478 4479
f 4491 4493 4492
f 4140 4481 4480
f 4140 4139 4481
f 4139 4494 4481
f 4122 4140 4480
f 4495 4496 4144
f 4495 4144 4486
f 4486 4144 4128
f 4488 4496 4495
f 4487 4496 4488
f 4487 4146 4496
f 4487 4147 4146
f 4130 4147 4487
f 4137 4492 4148
f 4150 4497 4498
f 4148 4497 4150
f 4148 4493 4497
f 4148 4492 4493
f 4498 4499 4500
f 4497 4499 4498
f 4500 4501 4502
f 4499 4501 4500
f 4501 4503 4502
f 4504 4505 4506
f 4504 4506 4494
f 4504 4494 4152
f 4152 4494 4139
f 4144 4496 4155
f 4146 4155 4496
f 4150 4498 4156
f 4158 4156 4498
f 4500 4158 4498
f 4160 4158 4500
f 4160 4500 4507
f 4507 4500 4502
f 4508 4502 4503
f 4507 4502 4508
f 4509 4505 4504
f 4510 4505 4509
f 4152 4162 4509
f 4504 4152 4509
f 4160 4507 4164
f 4507 4166 4164
f 4507 4508 4166
f 4508 4511 4166
f 4169 4510 4509
f 4169 4168 4510
f 4168 4512 4510
f 4162 4169 4509
f 4171 4513 4514
f 4172 4171 4514
f 4511 4171 4166
f 4513 4171 4511
f 4515 4516 4517
f 4515 4517 4512
f 4515 4512 4174
f 4174 4512 4168
f 4518 4519 4520
f 4518 4176 4175
f 4518 4175 4519
f 4519 4175 4521
f 4514 4175 4172
f 4521 4175 4514
f 4522 4516 4515
f 4523 4516 4522
f 4174 4178 4522
f 4515 4174 4522
f 4181 4524 4180
f 4518 4520 4525
f 4518 4525 4181
f 4518 4181 4182
f 4524 4181 4525
f 4176 4518 4182
f 4526 4527 4528
f 4526 4185 4184
f 4526 4528 4185
f 4528 4529 4185
f 4186 4185 4530
f 4185 4529 4530
f 4188 4186 4531
f 4186 4530 4531
f 4523 4522 4190
f 4523 4190 4531
f 4531 4190 4188
f 4178 4190 4522
f 4524 4532 4194
f 4180 4524 4194
f 4533 4524 4525
f 4532 4524 4533
f 4197 4527 4526
f 4197 4196 4527
f 4196 4534 4527
f 4184 4197 4526
f 4532 4535 4199
f 4194 4532 4199
f 4536 4532 4533
f 4535 4532 4536
f 4537 4538 4539
f 4537 4539 4534
f 4537 4534 4201
f 4201 4534 4196
f 4199 4535 4203
f 4535 4205 4203
f 4535 4536 4205
f 4536 4540 4205
f 4541 4538 4537
f 4542 4538 4541
f 4201 4206 4541
f 4537 4201 4541
f 4205 4540 4209
f 4540 4543 4209
f 4544 4542 4541
f 4545 4542 4544
f 4206 4211 4544
f 4541 4206 4544
f 4546 4547 4213
f 4546 4213 4543
f 4543 4213 4209
f 4546 4548 4547
f 4544 4549 4545
f 4550 4551 4549
f 4214 4550 4549
f 4214 4549 4544
f 4214 4544 4211
f 4214 4215 4550
f 4213 4547 4216
f 4547 4548 4552
f 4547 4552 4216
f 4216 4552 4217
f 4218 4217 4553
f 4217 4552 4553
f 4219 4218 4554
f 4218 4553 4554
f 4220 4219 4555
f 4219 4554 4555
f 4221 4220 4556
f 4220 4555 4556
f 4556 4223 4221
f 4557 4223 4556
f 4550 4558 4551
f 4215 4558 4550
f 4215 4224 4558
f 4224 4559 4558
f 4559 4224 4226
f 4560 4559 4226
f 4231 4561 4230
f 4231 4232 4562
f 4561 4231 4562
f 4563 4562 4232
f 4563 4232 4564
f 4564 4232 4233
f 4557 4233 4223
f 4564 4233 4557
f 4226 4565 4560
f 4234 4565 4226
f 4566 4567 4565
f 4566 4565 4235
f 4235 4565 4234
f 4235 4237 4566
f 4238 4568 4239
f 4238 4240 4569
f 4568 4238 4569
f 4570 4569 4240
f 4570 4240 4571
f 4571 4240 4241
f 4242 4572 4241
f 4241 4572 4571
f 4561 4242 4230
f 4561 4573 4242
f 4573 4572 4242
f 4562 4573 4561
f 4574 4573 4562
f 4563 4574 4562
f 4566 4575 4567
f 4576 4577 4575
f 4243 4576 4575
f 4243 4575 4566
f 4243 4566 4237
f 4243 4245 4576
f 4239 4568 4246
f 4578 4568 4569
f 4578 4248 4568
f 4578 4579 4248
f 4246 4568 4248
f 4570 4578 4569
f 4576 4580 4577
f 4581 4582 4580
f 4249 4581 4580
f 4249 4580 4576
f 4249 4576 4245
f 4249 4251 4581
f 4248 4579 4253
f 4579 4583 4253
f 4581 4584 4582
f 4585 4586 4584
f 4254 4585 4584
f 4254 4584 4581
f 4254 4581 4251
f 4254 4256 4585
f 4258 4587 4259
f 4258 4588 4587
f 4258 4253 4588
f 4253 4583 4588
f 4585 4589 4586
f 4590 4591 4589
f 4260 4590 4589
f 4260 4589 4585
f 4260 4585 4256
f 4260 4262 4590
f 4587 4592 4593
f 4587 4593 4259
f 4259 4593 4264
f 4588 4592 4587
f 4590 4594 4591
f 4262 4594 4590
f 4262 4265 4594
f 4265 4595 4594
f 4596 4597 4595
f 4596 4595 4266
f 4266 4595 4265
f 4266 4268 4596
f 4264 4593 4271
f 4593 4598 4271
f 4596 4599 4597
f 4268 4599 4596
f 4268 4272 4599
f 4272 4600 4599
f 4601 4602 4600
f 4601 4600 4273
f 4273 4600 4272
f 4273 4275 4601
f 4283 4603 4604
f 4282 4283 4604
f 4598 4283 4271
f 4603 4283 4598
f 4601 4605 4602
f 4275 4605 4601
f 4275 4284 4605
f 4284 4606 4605
f 4285 4607 4284
f 4284 4607 4606
f 4608 4609 4607
f 4608 4607 4286
f 4286 4607 4285
f 4286 4287 4610
f 4608 4286 4610
f 4287 4288 4611
f 4610 4287 4611
f 4288 4289 4612
f 4611 4288 4612
f 4289 4290 4613
f 4612 4289 4613
f 4290 4614 4613
f 4290 4282 4614
f 4282 4604 4614
f 4608 4615 4609
f 4610 4615 4608
f 4616 4615 4610
f 4611 4616 4610
f 4617 4616 4611
f 4612 4617 4611
f 4618 4617 4612
f 4613 4618 4612
f 4619 4618 4613
f 4614 4619 4613
f 4309 4308 4620
f 4309 4621 4310
f 4620 4621 4309
f 4310 4622 4311
f 4621 4622 4310
f 4311 4622 4312
f 4319 4318 4623
f 4319 4620 4308
f 4319 4623 4620
f 4623 4624 4620
f 4621 4620 4625
f 4625 4620 4624
f 4622 4621 4626
f 4626 4621 4625
f 4312 4627 4320
f 4312 4622 4627
f 4622 4626 4627
f 4320 4627 4321
f 4326 4325 4628
f 4326 4629 4327
f 4628 4629 4326
f 4327 4623 4318
f 4327 4629 4623
f 4629 4630 4623
f 4624 4623 4631
f 4631 4623 4630
f 4625 4624 4632
f 4632 4624 4631
f 4626 4625 4633
f 4633 4625 4632
f 4627 4626 4634
f 4634 4626 4633
f 4321 4634 4329
f 4627 4634 4321
f 4333 4332 4635
f 4333 4628 4325
f 4333 4635 4628
f 4635 4636 4628
f 4637 4638 4629
f 4637 4629 4636
f 4636 4629 4628
f 4630 4629 4638
f 4639 4630 4638
f 4631 4630 4639
f 4640 4631 4639
f 4632 4631 4640
f 4641 4632 4640
f 4641 4642 4643
f 4641 4643 4632
f 4632 4643 4633
f 4634 4633 4644
f 4644 4633 4643
f 4329 4644 4335
f 4634 4644 4329
f 4339 4338 4645
f 4339 4645 4646
f 4332 4339 4646
f 4332 4646 4647
f 4332 4647 4635
f 4636 4635 4647
f 4648 4636 4647
f 4637 4636 4648
f 4643 4642 4649
f 4649 4650 4651
f 4649 4651 4643
f 4643 4651 4644
f 4335 4651 4341
f 4644 4651 4335
f 4345 4344 4652
f 4345 4652 4653
f 4338 4345 4653
f 4338 4653 4654
f 4338 4654 4645
f 4646 4645 4654
f 4655 4651 4650
f 4656 4655 4650
f 4341 4655 4347
f 4651 4655 4341
f 4350 4657 4658
f 4349 4657 4350
f 4351 4350 4659
f 4350 4658 4659
f 4352 4351 4660
f 4351 4659 4660
f 4353 4352 4661
f 4352 4660 4661
f 4354 4353 4662
f 4353 4661 4662
f 4652 4344 4354
f 4652 4354 4663
f 4663 4354 4662
f 4653 4652 4663
f 4664 4655 4656
f 4665 4664 4656
f 4347 4664 4356
f 4655 4664 4347
f 4359 4666 4667
f 4358 4666 4359
f 4360 4359 4668
f 4359 4667 4668
f 4361 4360 4669
f 4360 4668 4669
f 4657 4349 4361
f 4669 4657 4361
f 4670 4671 4672
f 4665 4671 4670
f 4664 4665 4670
f 4664 4670 4364
f 4664 4364 4363
f 4356 4664 4363
f 4673 4674 4675
f 4673 4366 4365
f 4673 4675 4366
f 4675 4676 4366
f 4666 4358 4366
f 4676 4666 4366
f 4677 4670 4672
f 4678 4677 4672
f 4364 4677 4368
f 4670 4677 4364
f 4679 4680 4681
f 4674 4679 4681
f 4673 4679 4674
f 4673 4369 4679
f 4673 4370 4369
f 4365 4370 4673
f 4372 4677 4678
f 4372 4678 4373
f 4373 4678 4682
f 4368 4677 4372
f 4376 4680 4679
f 4376 4375 4680
f 4375 4683 4680
f 4369 4376 4679
f 4684 4685 4686
f 4684 4682 4685
f 4684 4377 4682
f 4377 4373 4682
f 4375 4379 4683
f 4683 4379 4687
f 4380 4684 4686
f 4380 4686 4381
f 4381 4686 4688
f 4377 4684 4380
f 4689 4690 4691
f 4689 4691 4687
f 4689 4687 4382
f 4382 4687 4379
f 4381 4688 4383
f 4688 4692 4383
f 4693 4690 4689
f 4694 4690 4693
f 4382 4384 4693
f 4689 4382 4693
f 4383 4692 4695
f 4385 4383 4695
f 4695 4386 4385
f 4696 4386 4695
f 4389 4694 4693
f 4389 4388 4694
f 4388 4697 4694
f 4384 4389 4693
f 4698 4390 4386
f 4698 4386 4699
f 4699 4386 4696
f 4390 4698 4392
f 4388 4394 4697
f 4697 4394 4700
f 4701 4698 4699
f 4702 4701 4699
f 4392 4701 4396
f 4698 4701 4392
f 4703 4394 4397
f 4703 4704 4394
f 4704 4700 4394
f 4397 4398 4703
f 4705 4701 4702
f 4706 4705 4702
f 4396 4705 4401
f 4701 4705 4396
f 4707 4704 4703
f 4708 4704 4707
f 4398 4402 4707
f 4703 4398 4707
f 4405 4705 4706
f 4405 4706 4404
f 4404 4706 4709
f 4401 4705 4405
f 4707 4710 4708
f 4710 4707 4402
f 4710 4402 4711
f 4711 4402 4407
f 4404 4709 4408
f 4709 4712 4408
f 4713 4407 4409
f 4713 4714 4407
f 4714 4711 4407
f 4409 4410 4713
f 4408 4712 4411
f 4712 4715 4411
f 4716 4714 4713
f 4717 4714 4716
f 4410 4412 4716
f 4713 4410 4716
f 4411 4715 4413
f 4715 4718 4413
f 4716 4719 4717
f 4719 4716 4412
f 4719 4412 4720
f 4720 4412 4415
f 4413 4718 4416
f 4718 4721 4416
f 4415 4418 4720
f 4720 4418 4722
f 4416 4721 4723
f 4419 4416 4723
f 4723 4421 4419
f 4724 4421 4723
f 4418 4423 4722
f 4722 4423 4725
f 4421 4724 4424
f 4724 4726 4424
f 4727 4423 4425
f 4727 4728 4423
f 4728 4725 4423
f 4425 4426 4727
f 4424 4726 4428
f 4726 4729 4428
f 4727 4730 4728
f 4730 4727 4426
f 4730 4426 4731
f 4731 4426 4430
f 4433 4732 4733
f 4432 4433 4733
f 4729 4433 4428
f 4732 4433 4729
f 4430 4435 4731
f 4731 4435 4734
f 4436 4735 4736
f 4437 4436 4736
f 4438 4737 4436
f 4436 4737 4735
f 4733 4438 4432
f 4737 4438 4733
f 4435 4738 4734
f 4439 4738 4435
f 4738 4439 4441
f 4739 4738 4441
f 4437 4736 4443
f 4736 4740 4443
f 4741 4441 4444
f 4741 4742 4441
f 4742 4739 4441
f 4444 4445 4741
f 4446 4743 4744
f 4447 4446 4744
f 4740 4446 4443
f 4743 4446 4740
f 4741 4745 4742
f 4746 4747 4745
f 4448 4746 4745
f 4448 4745 4741
f 4448 4741 4445
f 4448 4449 4746
f 4450 4748 4749
f 4451 4450 4749
f 4744 4450 4447
f 4748 4450 4744
f 4746 4750 4747
f 4449 4750 4746
f 4449 4452 4750
f 4452 4751 4750
f 4751 4452 4454
f 4752 4751 4454
f 4455 4753 4754
f 4456 4455 4754
f 4749 4455 4451
f 4753 4455 4749
f 4454 4755 4752
f 4457 4755 4454
f 4458 4756 4457
f 4457 4756 4755
f 4757 4758 4756
f 4757 4756 4459
f 4459 4756 4458
f 4459 4461 4757
f 4463 4759 4464
f 4463 4465 4760
f 4759 4463 4760
f 4465 4466 4761
f 4760 4465 4761
f 4762 4456 4754
f 4762 4761 4456
f 4762 4763 4761
f 4761 4466 4456
f 4763 4764 4765
f 4762 4764 4763
f 4765 4766 4767
f 4764 4766 4765
f 4766 4768 4767
f 4757 4769 4758
f 4770 4771 4769
f 4467 4770 4769
f 4467 4769 4757
f 4467 4757 4461
f 4467 4469 4770
f 4464 4759 4470
f 4473 4470 4759
f 4760 4473 4759
f 4474 4473 4760
f 4761 4474 4760
f 4475 4474 4761
f 4763 4475 4761
f 4476 4475 4763
f 4765 4476 4763
f 4477 4476 4765
f 4767 4477 4765
f 4479 4772 4773
f 4477 4772 4479
f 4477 4768 4772
f 4477 4767 4768
f 4772 4774 4773
f 4775 4776 4777
f 4775 4482 4481
f 4775 4777 4482
f 4777 4778 4482
f 4483 4482 4779
f 4482 4778 4779
f 4484 4483 4780
f 4483 4779 4780
f 4781 4780 4782
f 4781 4485 4780
f 4485 4484 4780
f 4783 4781 4784
f 4783 4485 4781
f 4783 4785 4486
f 4485 4783 4486
f 4785 4489 4488
f 4785 4783 4489
f 4783 4786 4489
f 4771 4770 4490
f 4771 4490 4786
f 4786 4490 4489
f 4469 4490 4770
f 4479 4773 4491
f 4493 4787 4788
f 4491 4787 4493
f 4491 4774 4787
f 4491 4773 4774
f 4788 4789 4790
f 4787 4789 4788
f 4789 4791 4790
f 4792 4776 4775
f 4793 4776 4792
f 4481 4494 4792
f 4775 4481 4792
f 4781 4782 4794
f 4785 4495 4486
f 4794 4784 4781
f 4488 4495 4785
f 4493 4788 4497
f 4499 4497 4788
f 4790 4499 4788
f 4790 4791 4795
f 4790 4795 4499
f 4499 4795 4501
f 4795 4503 4501
f 4796 4503 4795
f 4506 4793 4792
f 4506 4505 4793
f 4505 4797 4793
f 4494 4506 4792
f 4798 4799 4508
f 4798 4508 4796
f 4796 4508 4503
f 4798 4800 4799
f 4801 4802 4803
f 4801 4803 4797
f 4801 4797 4510
f 4510 4797 4505
f 4799 4804 4805
f 4799 4805 4508
f 4508 4805 4511
f 4800 4804 4799
f 4806 4802 4801
f 4807 4802 4806
f 4510 4512 4806
f 4801 4510 4806
f 4513 4808 4809
f 4514 4513 4809
f 4805 4513 4511
f 4808 4513 4805
f 4517 4807 4806
f 4517 4516 4807
f 4516 4810 4807
f 4512 4517 4806
f 4519 4811 4520
f 4812 4811 4519
f 4812 4519 4813
f 4813 4519 4521
f 4809 4521 4514
f 4813 4521 4809
f 4814 4815 4816
f 4814 4816 4810
f 4814 4810 4523
f 4523 4810 4516
f 4811 4817 4525
f 4520 4811 4525
f 4818 4811 4812
f 4817 4811 4818
f 4528 4819 4820
f 4527 4819 4528
f 4529 4528 4821
f 4528 4820 4821
f 4530 4529 4822
f 4529 4821 4822
f 4815 4814 4531
f 4815 4531 4822
f 4822 4531 4530
f 4523 4531 4814
f 4817 4823 4533
f 4525 4817 4533
f 4824 4817 4818
f 4823 4817 4824
f 4825 4826 4827
f 4825 4827 4819
f 4825 4819 4534
f 4534 4819 4527
f 4823 4828 4829
f 4823 4829 4533
f 4533 4829 4536
f 4824 4828 4823
f 4539 4826 4825
f 4539 4538 4826
f 4538 4830 4826
f 4534 4539 4825
f 4536 4829 4540
f 4829 4831 4540
f 4538 4542 4830
f 4830 4542 4832
f 4833 4834 4543
f 4833 4543 4831
f 4831 4543 4540
f 4833 4835 4834
f 4542 4545 4832
f 4832 4545 4836
f 4543 4834 4546
f 4834 4548 4546
f 4834 4835 4548
f 4835 4837 4548
f 4545 4838 4836
f 4549 4838 4545
f 4838 4549 4551
f 4839 4838 4551
f 4548 4837 4840
f 4552 4548 4840
f 4553 4552 4841
f 4552 4840 4841
f 4554 4553 4842
f 4553 4841 4842
f 4843 4842 4844
f 4843 4555 4842
f 4555 4554 4842
f 4555 4845 4556
f 4843 4845 4555
f 4556 4845 4557
f 4551 4846 4839
f 4558 4846 4551
f 4847 4848 4846
f 4847 4846 4559
f 4559 4846 4558
f 4559 4560 4847
f 4843 4844 4849
f 4563 4564 4850
f 4849 4851 4843
f 4845 4843 4851
f 4852 4845 4851
f 4852 4557 4845
f 4852 4850 4564
f 4557 4852 4564
f 4847 4853 4848
f 4560 4853 4847
f 4560 4565 4853
f 4565 4854 4853
f 4854 4565 4567
f 4855 4854 4567
f 4571 4856 4570
f 4857 4856 4571
f 4857 4571 4858
f 4858 4571 4572
f 4573 4859 4572
f 4572 4859 4858
f 4574 4860 4573
f 4573 4860 4859
f 4850 4574 4563
f 4850 4861 4574
f 4861 4860 4574
f 4852 4861 4850
f 4862 4567 4575
f 4862 4863 4567
f 4863 4855 4567
f 4575 4577 4862
f 4578 4864 4579
f 4578 4865 4864
f 4570 4865 4578
f 4570 4866 4865
f 4570 4856 4866
f 4857 4866 4856
f 4862 4867 4863
f 4868 4869 4867
f 4580 4868 4867
f 4580 4867 4862
f 4580 4862 4577
f 4580 4582 4868
f 4864 4870 4583
f 4579 4864 4583
f 4871 4864 4865
f 4871 4872 4864
f 4872 4870 4864
f 4871 4873 4872
f 4868 4874 4869
f 4875 4876 4874
f 4584 4875 4874
f 4584 4874 4868
f 4584 4868 4582
f 4584 4586 4875
f 4870 4877 4588
f 4583 4870 4588
f 4872 4878 4870
f 4878 4877 4870
f 4879 4872 4873
f 4878 4872 4879
f 4875 4880 4876
f 4881 4882 4880
f 4589 4881 4880
f 4589 4880 4875
f 4589 4875 4586
f 4589 4591 4881
f 4592 4883 4593
f 4592 4588 4877
f 4592 4877 4883
f 4883 4877 4884
f 4885 4878 4886
f 4885 4884 4878
f 4884 4877 4878
f 4879 4886 4878
f 4881 4887 4882
f 4591 4887 4881
f 4591 4594 4887
f 4594 4888 4887
f 4889 4890 4888
f 4889 4888 4595
f 4595 4888 4594
f 4595 4597 4889
f 4883 4891 4598
f 4593 4883 4598
f 4884 4892 4883
f 4892 4891 4883
f 4893 4884 4885
f 4892 4884 4893
f 4889 4894 4890
f 4597 4894 4889
f 4597 4599 4894
f 4599 4895 4894
f 4896 4897 4895
f 4896 4895 4600
f 4600 4895 4599
f 4600 4602 4896
f 4603 4898 4604
f 4603 4899 4898
f 4598 4899 4603
f 4598 4900 4899
f 4598 4891 4900
f 4892 4900 4891
f 4901 4900 4892
f 4893 4901 4892
f 4896 4902 4897
f 4602 4902 4896
f 4602 4605 4902
f 4605 4903 4902
f 4904 4905 4903
f 4904 4903 4606
f 4606 4903 4605
f 4606 4607 4906
f 4904 4606 4906
f 4607 4609 4906
f 4898 4907 4908
f 4898 4908 4604
f 4604 4908 4614
f 4899 4907 4898
f 4904 4909 4905
f 4906 4909 4904
f 4910 4909 4906
f 4609 4910 4906
f 4609 4615 4910
f 4615 4911 4910
f 4616 4912 4615
f 4615 4912 4911
f 4617 4913 4616
f 4616 4913 4912
f 4618 4914 4617
f 4617 4914 4913
f 4619 4915 4618
f 4618 4915 4914
f 4908 4619 4614
f 4915 4619 4908
f 4638 4637 4916
f 4638 4917 4639
f 4916 4917 4638
f 4639 4918 4640
f 4917 4918 4639
f 4640 4919 4641
f 4918 4919 4640
f 4641 4919 4642
f 4647 4646 4920
f 4647 4921 4648
f 4920 4921 4647
f 4648 4916 4637
f 4648 4921 4916
f 4921 4922 4916
f 4917 4916 4923
f 4923 4916 4922
f 4918 4917 4924
f 4924 4917 4923
f 4919 4918 4925
f 4925 4918 4924
f 4642 4926 4649
f 4642 4919 4926
f 4919 4925 4926
f 4649 4926 4650
f 4654 4653 4927
f 4654 4927 4928
f 4646 4654 4928
f 4646 4928 4929
f 4646 4929 4920
f 4921 4920 4929
f 4930 4921 4929
f 4922 4921 4930
f 4931 4922 4930
f 4923 4922 4931
f 4932 4923 4931
f 4924 4923 4932
f 4933 4924 4932
f 4933 4934 4935
f 4933 4935 4924
f 4924 4935 4925
f 4926 4925 4936
f 4936 4925 4935
f 4650 4936 4656
f 4926 4936 4650
f 4937 4938 4939
f 4937 4658 4657
f 4937 4939 4658
f 4939 4940 4658
f 4659 4658 4941
f 4658 4940 4941
f 4660 4659 4942
f 4659 4941 4942
f 4661 4660 4943
f 4660 4942 4943
f 4662 4661 4944
f 4661 4943 4944
f 4663 4662 4945
f 4662 4944 4945
f 4927 4653 4663
f 4927 4663 4946
f 4946 4663 4945
f 4928 4927 4946
f 4947 4935 4934
f 4948 4947 4934
f 4936 4935 4949
f 4949 4935 4947
f 4656 4949 4665
f 4936 4949 4656
f 4950 4951 4952
f 4950 4667 4666
f 4950 4952 4667
f 4952 4953 4667
f 4668 4667 4954
f 4667 4953 4954
f 4938 4937 4669
f 4938 4669 4954
f 4954 4669 4668
f 4657 4669 4937
f 4955 4947 4948
f 4956 4955 4948
f 4671 4955 4672
f 4671 4949 4955
f 4949 4947 4955
f 4665 4949 4671
f 4675 4957 4958
f 4674 4957 4675
f 4951 4950 4676
f 4951 4676 4958
f 4958 4676 4675
f 4666 4676 4950
f 4959 4955 4956
f 4960 4959 4956
f 4672 4959 4678
f 4955 4959 4672
f 4681 4961 4962
f 4680 4961 4681
f 4957 4674 4681
f 4962 4957 4681
f 4963 4959 4960
f 4964 4963 4960
f 4678 4963 4682
f 4959 4963 4678
f 4965 4966 4967
f 4965 4967 4961
f 4965 4961 4683
f 4683 4961 4680
f 4685 4963 4964
f 4685 4964 4686
f 4686 4964 4968
f 4682 4963 4685
f 4969 4966 4965
f 4970 4966 4969
f 4683 4687 4969
f 4965 4683 4969
f 4686 4968 4688
f 4968 4971 4688
f 4691 4970 4969
f 4691 4690 4970
f 4690 4972 4970
f 4687 4691 4969
f 4688 4971 4692
f 4971 4973 4692
f 4690 4694 4972
f 4972 4694 4974
f 4692 4973 4975
f 4695 4692 4975
f 4975 4696 4695
f 4976 4696 4975
f 4694 4697 4974
f 4974 4697 4977
f 4696 4976 4699
f 4976 4978 4699
f 4697 4700 4977
f 4977 4700 4979
f 4699 4978 4702
f 4978 4980 4702
f 4700 4704 4979
f 4979 4704 4981
f 4702 4980 4706
f 4980 4982 4706
f 4704 4708 4981
f 4981 4708 4983
f 4706 4982 4709
f 4982 4984 4709
f 4708 4985 4983
f 4710 4985 4708
f 4985 4710 4711
f 4986 4985 4711
f 4709 4984 4712
f 4984 4987 4712
f 4711 4714 4986
f 4986 4714 4988
f 4712 4987 4715
f 4987 4989 4715
f 4714 4717 4988
f 4988 4717 4990
f 4715 4989 4718
f 4989 4991 4718
f 4992 4717 4719
f 4992 4993 4717
f 4993 4990 4717
f 4719 4720 4992
f 4718 4991 4721
f 4991 4994 4721
f 4995 4993 4992
f 4996 4993 4995
f 4720 4722 4995
f 4992 4720 4995
f 4997 4723 4721
f 4997 4721 4998
f 4998 4721 4994
f 4723 4997 4724
f 4995 4999 4996
f 4999 4995 4722
f 4999 4722 5000
f 5000 4722 4725
f 5001 4997 4998
f 5002 5001 4998
f 4724 5001 4726
f 4997 5001 4724
f 4725 4728 5000
f 5000 4728 5003
f 5004 5001 5002
f 5005 5004 5002
f 4726 5004 4729
f 5001 5004 4726
f 5006 4728 4730
f 5006 5007 4728
f 5007 5003 4728
f 4730 4731 5006
f 5008 5009 5010
f 5005 5009 5008
f 5004 5005 5008
f 5004 5008 4733
f 5004 4733 4732
f 4729 5004 4732
f 5006 5011 5007
f 5011 5006 4731
f 5011 4731 5012
f 5012 4731 4734
f 4735 5013 5014
f 4736 4735 5014
f 5010 4737 5008
f 5010 5013 4737
f 5013 4735 4737
f 4733 5008 4737
f 5015 4734 4738
f 5015 5016 4734
f 5016 5012 4734
f 4738 4739 5015
f 4736 5014 4740
f 5014 5017 4740
f 5015 5018 5016
f 5018 5015 4739
f 5018 4739 5019
f 5019 4739 4742
f 4743 5020 5021
f 4744 4743 5021
f 5017 4743 4740
f 5020 4743 5017
f 4742 5022 5019
f 4745 5022 4742
f 5022 4745 4747
f 5023 5022 4747
f 5024 5025 5026
f 5024 4749 4748
f 5024 4748 5025
f 5025 4748 5027
f 5021 4748 4744
f 5027 4748 5021
f 4747 5028 5023
f 4750 5028 4747
f 5029 5030 5028
f 5029 5028 4751
f 4751 5028 4750
f 4751 4752 5029
f 5031 4754 4753
f 5024 5026 5032
f 5033 5024 5032
f 5024 5033 4749
f 5034 4749 5033
f 4749 5034 4753
f 5031 4753 5034
f 5034 5035 5036
f 5033 5035 5034
f 5035 5037 5036
f 5029 5038 5030
f 4752 5038 5029
f 4752 4755 5038
f 4755 5039 5038
f 4756 5040 4755
f 4755 5040 5039
f 4758 5041 5042
f 4758 5042 4756
f 4756 5042 5040
f 5042 5041 5043
f 5031 4762 4754
f 4764 4762 5031
f 5034 4764 5031
f 4766 4764 5034
f 5036 4766 5034
f 4768 5044 5045
f 4766 5044 4768
f 4766 5037 5044
f 4766 5036 5037
f 5044 5046 5045
f 5047 5048 5049
f 5047 5050 5051
f 5049 5050 5047
f 5051 5052 5053
f 5050 5052 5051
f 5052 5054 5053
f 5055 4769 5056
f 5055 4758 4769
f 5041 4758 5055
f 5041 5055 5057
f 5057 5043 5041
f 4771 5056 4769
f 4768 5045 4772
f 4774 5058 5059
f 4772 5058 4774
f 4772 5046 5058
f 4772 5045 5046
f 5058 5060 5059
f 5061 5062 5063
f 5048 5061 5063
f 5047 5061 5048
f 5047 4776 5061
f 5047 4777 4776
f 4778 4777 5047
f 5051 4778 5047
f 4779 4778 5051
f 5053 4779 5051
f 5053 5054 5064
f 5053 5064 4779
f 4779 5064 4780
f 4782 5065 5066
f 4782 4780 5065
f 4780 5064 5065
f 5066 4783 4784
f 5066 5065 4783
f 5065 5067 4783
f 5055 5056 4786
f 5055 4786 5067
f 5067 4786 4783
f 4771 4786 5056
f 4774 5059 4787
f 5059 5060 5068
f 5059 5068 4787
f 4787 5068 4789
f 4791 5069 5070
f 4791 4789 5069
f 4789 5068 5069
f 5069 5071 5070
f 5072 5062 5061
f 5073 5062 5072
f 4776 4793 5072
f 5061 4776 5072
f 4782 5066 4794
f 4784 4794 5066
f 4791 5070 4795
f 4796 5074 5075
f 4795 5074 4796
f 4795 5071 5074
f 4795 5070 5071
f 5074 5076 5075
f 5077 5073 5072
f 5078 5073 5077
f 4793 4797 5077
f 5072 4793 5077
f 4796 5075 4798
f 4800 5079 5080
f 4798 5079 4800
f 4798 5076 5079
f 4798 5075 5076
f 5080 5081 5082
f 5079 5081 5080
f 5082 5083 5084
f 5081 5083 5082
f 5083 5085 5084
f 4803 5078 5077
f 4803 4802 5078
f 4802 5086 5078
f 4797 4803 5077
f 4804 5087 4805
f 4804 4800 5080
f 4804 5080 5087
f 5087 5080 5088
f 5082 5089 5080
f 5089 5088 5080
f 5084 5090 5082
f 5090 5089 5082
f 5091 5084 5085
f 5091 5092 5084
f 5092 5090 5084
f 5091 5093 5092
f 5094 5095 5096
f 5094 5096 5086
f 5094 5086 4807
f 4807 5086 4802
f 4808 5097 5098
f 4809 4808 5098
f 4805 5097 4808
f 4805 5099 5097
f 4805 5087 5099
f 5100 5097 5099
f 5088 5101 5087
f 5101 5099 5087
f 5089 5102 5088
f 5102 5101 5088
f 5090 5103 5089
f 5103 5102 5089
f 5092 5104 5090
f 5104 5103 5090
f 5105 5092 5093
f 5104 5092 5105
f 5106 5095 5094
f 5107 5095 5106
f 4807 4810 5106
f 5094 4807 5106
f 4813 5108 5109
f 4812 4813 5109
f 5098 4813 4809
f 5108 4813 5098
f 5110 5100 5099
f 5111 5100 5110
f 5101 5112 5099
f 5112 5110 5099
f 5102 5113 5101
f 5113 5112 5101
f 5103 5114 5102
f 5114 5113 5102
f 5115 5104 5116
f 5115 5114 5104
f 5114 5103 5104
f 5105 5116 5104
f 5117 5118 5119
f 5117 5120 5121
f 5119 5120 5117
f 5121 5122 5123
f 5120 5122 5121
f 5107 5123 5122
f 5106 5123 5107
f 5106 4815 5123
f 5106 4816 4815
f 4810 4816 5106
f 4812 5109 4818
f 5109 5124 4818
f 5110 5125 5111
f 5112 5125 5110
f 5126 5125 5112
f 5113 5126 5112
f 5127 5126 5113
f 5114 5127 5113
f 5128 5127 5114
f 5115 5128 5114
f 5129 5130 5131
f 5118 5129 5131
f 5117 5129 5118
f 5117 4819 5129
f 5117 4820 4819
f 4821 4820 5117
f 5121 4821 5117
f 4822 4821 5121
f 5123 4822 5121
f 4815 4822 5123
f 4818 5124 4824
f 5124 5132 4824
f 4827 5130 5129
f 4827 4826 5130
f 4826 5133 5130
f 4819 4827 5129
f 4828 5134 4829
f 4828 5135 5134
f 4828 4824 5135
f 4824 5132 5135
f 5136 5137 5138
f 5136 5138 5133
f 5136 5133 4830
f 4830 5133 4826
f 5134 5139 5140
f 5134 5140 4829
f 4829 5140 4831
f 5135 5139 5134
f 5141 5137 5136
f 5142 5137 5141
f 4830 4832 5141
f 5136 4830 5141
f 4831 5140 5143
f 4833 4831 5143
f 5143 4835 4833
f 5144 4835 5143
f 5141 5145 5142
f 5145 5141 4832
f 5145 4832 5146
f 5146 4832 4836
f 5147 5148 4837
f 5147 4837 5144
f 5144 4837 4835
f 5147 5149 5148
f 4836 5150 5146
f 4838 5150 4836
f 5150 4838 4839
f 5151 5150 4839
f 5152 4840 5153
f 4840 4837 5153
f 5153 4837 5148
f 5154 5153 5148
f 5149 5154 5148
f 4841 4840 5155
f 5152 5155 4840
f 4841 5156 4842
f 5155 5156 4841
f 4842 5156 4844
f 4839 5157 5151
f 4846 5157 4839
f 5157 4846 4848
f 5158 5157 4848
f 5152 5153 5159
f 5155 5152 5159
f 5160 5155 5159
f 5156 5155 5160
f 5161 5156 5160
f 4844 5156 5161
f 4844 5161 4849
f 4849 5161 5162
f 4851 4849 5163
f 4849 5162 5163
f 4852 5164 5165
f 4852 4851 5164
f 4851 5163 5164
f 5164 5166 5165
f 4848 5167 5158
f 4853 5167 4848
f 5168 5169 5167
f 5168 5167 4854
f 4854 5167 4853
f 4854 4855 5168
f 4858 5170 4857
f 4858 4859 5171
f 5170 4858 5171
f 5172 5171 4859
f 5172 4859 5173
f 5173 4859 4860
f 4861 5174 4860
f 4860 5174 5173
f 5165 4861 4852
f 5165 5175 4861
f 5175 5174 4861
f 5166 5175 5165
f 5168 5176 5169
f 5176 5168 4855
f 5176 4855 5177
f 5177 4855 4863
f 4866 5178 4865
f 4866 5179 5178
f 4857 5179 4866
f 4857 5180 5179
f 4857 5170 5180
f 5171 5180 5170
f 5181 5180 5171
f 5172 5181 5171
f 4863 5182 5177
f 4867 5182 4863
f 5182 4867 4869
f 5183 5182 4869
f 4865 5178 4871
f 4873 5184 5185
f 4871 5184 4873
f 4871 5179 5184
f 4871 5178 5179
f 5184 5186 5185
f 4869 5187 5183
f 4874 5187 4869
f 5187 4874 4876
f 5188 5187 4876
f 5185 5189 5190
f 5185 5190 4873
f 4873 5190 4879
f 5186 5189 5185
f 4876 5191 5188
f 4880 5191 4876
f 5191 4880 4882
f 5192 5191 4882
f 4886 5193 4885
f 4886 5194 5193
f 4886 4879 5194
f 4879 5190 5194
f 4882 5195 5192
f 4887 5195 4882
f 5196 5197 5195
f 5196 5195 4888
f 4888 5195 4887
f 4888 4890 5196
f 5193 5198 5199
f 5193 5199 4885
f 4885 5199 4893
f 5194 5198 5193
f 5196 5200 5197
f 4890 5200 5196
f 4890 4894 5200
f 4894 5201 5200
f 5202 5203 5201
f 5202 5201 4895
f 4895 5201 4894
f 4895 4897 5202
f 4900 5204 4899
f 5205 5204 4900
f 5205 4900 5206
f 5206 4900 4901
f 5199 4901 4893
f 5206 4901 5199
f 5202 5207 5203
f 4897 5207 5202
f 4897 4902 5207
f 4902 5208 5207
f 5209 5210 5208
f 5209 5208 4903
f 4903 5208 4902
f 4903 4905 5209
f 4907 5211 4908
f 4907 5212 5211
f 4899 5212 4907
f 4899 5213 5212
f 4899 5204 5213
f 5205 5213 5204
f 5209 5214 5210
f 4905 5214 5209
f 4905 4909 5214
f 4909 5215 5214
f 4910 5216 4909
f 4909 5216 5215
f 4911 5217 4910
f 4910 5217 5216
f 5218 5219 5217
f 5218 5217 4912
f 4912 5217 4911
f 4912 4913 5220
f 5218 4912 5220
f 4913 4914 5221
f 5220 4913 5221
f 4914 4915 5222
f 5221 4914 5222
f 4915 5223 5222
f 4908 5223 4915
f 4908 5224 5223
f 4908 5211 5224
f 5212 5224 5211
f 5218 5225 5219
f 5220 5225 5218
f 5226 5225 5220
f 5221 5226 5220
f 5227 5226 5221
f 5222 5227 5221
f 5228 5227 5222
f 5223 5228 5222
f 4929 4928 5229
f 4929 5230 4930
f 5229 5230 4929
f 4930 5231 4931
f 5230 5231 4930
f 4931 5232 4932
f 5231 5232 4931
f 4932 5233 4933
f 5232 5233 4932
f 4933 5233 4934
f 4939 5234 5235
f 4938 5234 4939
f 4940 4939 5236
f 4939 5235 5236
f 4941 4940 5237
f 4940 5236 5237
f 4942 4941 5238
f 4941 5237 5238
f 4943 4942 5239
f 4942 5238 5239
f 4944 4943 5240
f 4943 5239 5240
f 4945 4944 5241
f 4944 5240 5241
f 4946 4945 5242
f 4945 5241 5242
f 5229 4928 4946
f 5229 4946 5243
f 5243 4946 5242
f 5230 5229 5243
f 5244 5230 5243
f 5244 5245 5246
f 5244 5246 5230
f 5230 5246 5231
f 5232 5231 5247
f 5247 5231 5246
f 5233 5232 5248
f 5248 5232 5247
f 4934 5248 4948
f 5233 5248 4934
f 4952 5249 5250
f 4951 5249 4952
f 4953 4952 5251
f 4952 5250 5251
f 4954 4953 5252
f 4953 5251 5252
f 5234 4938 4954
f 5252 5234 4954
f 5246 5245 5253
f 5247 5246 5253
f 5254 5247 5253
f 5254 5255 5256
f 5254 5256 5247
f 5247 5256 5248
f 4948 5256 4956
f 5248 5256 4948
f 4958 5257 5258
f 4957 5257 4958
f 5249 4951 4958
f 5258 5249 4958
f 5259 5256 5255
f 5260 5259 5255
f 4956 5259 4960
f 5256 5259 4956
f 4962 5261 5262
f 4961 5261 4962
f 5257 4957 4962
f 5262 5257 4962
f 5259 5260 5263
f 5263 4960 5259
f 5263 5264 4960
f 5264 4964 4960
f 4967 5265 5266
f 4966 5265 4967
f 5261 4961 4967
f 5266 5261 4967
f 4964 5264 4968
f 5264 5267 4968
f 4966 4970 5265
f 5265 4970 5268
f 4968 5267 4971
f 5267 5269 4971
f 4970 4972 5268
f 5268 4972 5270
f 4971 5269 4973
f 5269 5271 4973
f 4972 4974 5270
f 5270 4974 5272
f 4973 5271 5273
f 4975 4973 5273
f 5273 4976 4975
f 5274 4976 5273
f 5275 5276 5277
f 5275 5277 5272
f 5275 5272 4977
f 4977 5272 4974
f 4976 5274 4978
f 5274 5278 4978
f 5279 5276 5275
f 5280 5276 5279
f 4977 4979 5279
f 5275 4977 5279
f 4978 5278 4980
f 5278 5281 4980
f 5279 5282 5280
f 5282 5279 4979
f 5282 4979 5283
f 5283 4979 4981
f 4980 5281 4982
f 5281 5284 4982
f 4981 4983 5283
f 5283 4983 5285
f 4982 5284 4984
f 5284 5286 4984
f 5287 4983 4985
f 5287 5288 4983
f 5288 5285 4983
f 4985 4986 5287
f 4984 5286 4987
f 5286 5289 4987
f 5287 5290 5288
f 5290 5287 4986
f 5290 4986 5291
f 5291 4986 4988
f 5292 5293 4989
f 5292 4989 5289
f 5289 4989 4987
f 5292 5294 5293
f 4988 4990 5291
f 5291 4990 5295
f 5293 5296 5297
f 5293 5297 4989
f 4989 5297 4991
f 5294 5296 5293
f 4990 4993 5295
f 5295 4993 5298
f 4991 5297 4994
f 5297 5299 4994
f 4993 4996 5298
f 5298 4996 5300
f 4994 5299 4998
f 5299 5301 4998
f 5302 4996 4999
f 5302 5303 4996
f 5303 5300 4996
f 4999 5000 5302
f 4998 5301 5002
f 5301 5304 5002
f 5305 5303 5302
f 5306 5303 5305
f 5000 5003 5305
f 5302 5000 5305
f 5307 5308 5309
f 5307 5304 5308
f 5307 5005 5304
f 5005 5002 5304
f 5305 5310 5306
f 5310 5305 5003
f 5310 5003 5311
f 5311 5003 5007
f 5312 5313 5314
f 5309 5313 5312
f 5307 5309 5312
f 5307 5312 5010
f 5307 5010 5009
f 5005 5307 5009
f 5315 5007 5011
f 5315 5316 5007
f 5316 5311 5007
f 5011 5012 5315
f 5013 5312 5314
f 5013 5314 5014
f 5014 5314 5317
f 5010 5312 5013
f 5315 5318 5316
f 5318 5315 5012
f 5318 5012 5319
f 5319 5012 5016
f 5320 5321 5322
f 5320 5317 5321
f 5320 5017 5317
f 5017 5014 5317
f 5016 5323 5319
f 5018 5323 5016
f 5323 5018 5019
f 5324 5323 5019
f 5325 5326 5327
f 5322 5326 5325
f 5320 5322 5325
f 5320 5325 5021
f 5320 5021 5020
f 5017 5320 5020
f 5019 5328 5324
f 5022 5328 5019
f 5328 5022 5023
f 5329 5328 5023
f 5025 5330 5331
f 5026 5025 5331
f 5327 5027 5325
f 5327 5330 5027
f 5330 5025 5027
f 5021 5325 5027
f 5023 5332 5329
f 5028 5332 5023
f 5332 5028 5030
f 5333 5332 5030
f 5334 5032 5331
f 5026 5331 5032
f 5033 5032 5335
f 5032 5334 5335
f 5035 5033 5336
f 5033 5335 5336
f 5037 5337 5338
f 5037 5035 5337
f 5035 5336 5337
f 5337 5339 5338
f 5030 5340 5333
f 5038 5340 5030
f 5039 5341 5038
f 5038 5341 5340
f 5040 5342 5039
f 5039 5342 5341
f 5343 5344 5342
f 5343 5342 5042
f 5042 5342 5040
f 5042 5043 5343
f 5037 5338 5044
f 5046 5345 5346
f 5044 5345 5046
f 5044 5339 5345
f 5044 5338 5339
f 5345 5347 5346
f 5049 5348 5349
f 5048 5348 5049
f 5050 5049 5350
f 5049 5349 5350
f 5052 5050 5351
f 5050 5350 5351
f 5351 5054 5052
f 5352 5054 5351
f 5353 5354 5355
f 5344 5353 5355
f 5343 5353 5344
f 5343 5055 5353
f 5343 5057 5055
f 5043 5057 5343
f 5046 5346 5058
f 5060 5356 5357
f 5058 5356 5060
f 5058 5347 5356
f 5058 5346 5347
f 5357 5358 5359
f 5356 5358 5357
f 5358 5360 5359
f 5063 5361 5362
f 5062 5361 5063
f 5348 5048 5063
f 5362 5348 5063
f 5054 5352 5363
f 5064 5054 5363
f 5065 5064 5364
f 5064 5363 5364
f 5354 5353 5067
f 5354 5067 5364
f 5364 5067 5065
f 5055 5067 5353
f 5060 5357 5068
f 5069 5068 5357
f 5359 5069 5357
f 5071 5365 5366
f 5069 5365 5071
f 5069 5360 5365
f 5069 5359 5360
f 5365 5367 5366
f 5062 5073 5361
f 5361 5073 5368
f 5071 5366 5074
f 5076 5369 5370
f 5074 5369 5076
f 5074 5367 5369
f 5074 5366 5367
f 5370 5371 5372
f 5369 5371 5370
f 5371 5373 5372
f 5073 5078 5368
f 5368 5078 5374
f 5076 5370 5079
f 5081 5079 5370
f 5372 5081 5370
f 5372 5373 5375
f 5372 5375 5081
f 5081 5375 5083
f 5085 5376 5377
f 5085 5083 5376
f 5083 5375 5376
f 5376 5378 5377
f 5379 5380 5381
f 5379 5381 5374
f 5379 5374 5086
f 5086 5374 5078
f 5085 5377 5091
f 5377 5093 5091
f 5377 5378 5093
f 5378 5382 5093
f 5096 5380 5379
f 5096 5095 5380
f 5095 5383 5380
f 5086 5096 5379
f 5097 5384 5098
f 5097 5100 5384
f 5093 5382 5105
f 5382 5385 5105
f 5095 5107 5383
f 5383 5107 5386
f 5108 5387 5388
f 5109 5108 5388
f 5098 5387 5108
f 5098 5389 5387
f 5098 5384 5389
f 5390 5387 5389
f 5100 5111 5389
f 5384 5100 5389
f 5116 5391 5115
f 5116 5392 5391
f 5116 5105 5392
f 5105 5385 5392
f 5119 5393 5394
f 5118 5393 5119
f 5120 5119 5395
f 5119 5394 5395
f 5122 5120 5396
f 5120 5395 5396
f 5386 5107 5122
f 5396 5386 5122
f 5109 5388 5124
f 5388 5397 5124
f 5389 5398 5390
f 5111 5398 5389
f 5111 5125 5398
f 5125 5399 5398
f 5400 5401 5399
f 5400 5399 5126
f 5126 5399 5125
f 5126 5127 5402
f 5400 5126 5402
f 5127 5128 5403
f 5402 5127 5403
f 5128 5404 5403
f 5115 5404 5128
f 5115 5405 5404
f 5115 5391 5405
f 5392 5405 5391
f 5131 5406 5407
f 5130 5406 5131
f 5393 5118 5131
f 5407 5393 5131
f 5124 5397 5132
f 5397 5408 5132
f 5400 5409 5401
f 5402 5409 5400
f 5410 5409 5402
f 5403 5410 5402
f 5411 5410 5403
f 5404 5411 5403
f 5412 5413 5414
f 5412 5414 5406
f 5412 5406 5133
f 5133 5406 5130
f 5132 5408 5135
f 5408 5415 5135
f 5138 5413 5412
f 5138 5137 5413
f 5137 5416 5413
f 5133 5138 5412
f 5139 5417 5140
f 5139 5418 5417
f 5139 5135 5418
f 5135 5415 5418
f 5137 5142 5416
f 5416 5142 5419
f 5140 5417 5143
f 5144 5420 5421
f 5143 5420 5144
f 5143 5418 5420
f 5143 5417 5418
f 5420 5422 5421
f 5423 5142 5145
f 5423 5424 5142
f 5424 5419 5142
f 5145 5146 5423
f 5144 5421 5147
f 5421 5149 5147
f 5421 5422 5149
f 5422 5425 5149
f 5423 5426 5424
f 5146 5426 5423
f 5146 5150 5426
f 5150 5427 5426
f 5427 5150 5151
f 5428 5427 5151
f 5154 5429 5430
f 5153 5154 5430
f 5425 5154 5149
f 5429 5154 5425
f 5151 5431 5428
f 5157 5431 5151
f 5431 5157 5158
f 5432 5431 5158
f 5153 5430 5433
f 5159 5153 5433
f 5160 5159 5434
f 5159 5433 5434
f 5161 5160 5435
f 5160 5434 5435
f 5162 5161 5436
f 5161 5435 5436
f 5163 5162 5437
f 5162 5436 5437
f 5164 5163 5438
f 5163 5437 5438
f 5438 5166 5164
f 5439 5166 5438
f 5158 5440 5432
f 5167 5440 5158
f 5440 5167 5169
f 5441 5440 5169
f 5173 5442 5172
f 5443 5442 5173
f 5443 5173 5444
f 5444 5173 5174
f 5175 5445 5174
f 5174 5445 5444
f 5439 5175 5166
f 5445 5175 5439
f 5169 5446 5441
f 5176 5446 5169
f 5446 5176 5177
f 5447 5446 5177
f 5180 5448 5449
f 5179 5180 5449
f 5181 5450 5180
f 5180 5450 5448
f 5442 5181 5172
f 5442 5451 5181
f 5451 5450 5181
f 5443 5451 5442
f 5452 5177 5182
f 5452 5453 5177
f 5453 5447 5177
f 5182 5183 5452
f 5179 5449 5454
f 5184 5179 5454
f 5454 5186 5184
f 5455 5186 5454
f 5452 5456 5453
f 5457 5458 5456
f 5187 5457 5456
f 5187 5456 5452
f 5187 5452 5183
f 5187 5188 5457
f 5189 5459 5190
f 5189 5460 5459
f 5189 5186 5460
f 5186 5455 5460
f 5457 5461 5458
f 5462 5463 5461
f 5191 5462 5461
f 5191 5461 5457
f 5191 5457 5188
f 5191 5192 5462
f 5459 5464 5465
f 5459 5465 5190
f 5190 5465 5194
f 5460 5464 5459
f 5462 5466 5463
f 5467 5468 5466
f 5195 5467 5466
f 5195 5466 5462
f 5195 5462 5192
f 5195 5197 5467
f 5198 5469 5199
f 5198 5470 5469
f 5198 5194 5470
f 5194 5465 5470
f 5467 5471 5468
f 5197 5471 5467
f 5197 5200 5471
f 5200 5472 5471
f 5473 5474 5472
f 5473 5472 5201
f 5201 5472 5200
f 5201 5203 5473
f 5206 5475 5205
f 5206 5476 5475
f 5199 5476 5206
f 5199 5477 5476
f 5199 5469 5477
f 5470 5477 5469
f 5473 5478 5474
f 5203 5478 5473
f 5203 5207 5478
f 5207 5479 5478
f 5480 5481 5479
f 5480 5479 5208
f 5208 5479 5207
f 5208 5210 5480
f 5213 5482 5483
f 5212 5213 5483
f 5475 5213 5205
f 5475 5484 5213
f 5484 5482 5213
f 5476 5484 5475
f 5480 5485 5481
f 5210 5485 5480
f 5210 5214 5485
f 5214 5486 5485
f 5215 5487 5214
f 5214 5487 5486
f 5216 5488 5215
f 5215 5488 5487
f 5489 5490 5488
f 5489 5488 5217
f 5217 5488 5216
f 5217 5219 5489
f 5224 5491 5492
f 5223 5224 5492
f 5483 5224 5212
f 5491 5224 5483
f 5489 5493 5490
f 5219 5493 5489
f 5219 5225 5493
f 5225 5494 5493
f 5226 5495 5225
f 5225 5495 5494
f 5227 5496 5226
f 5226 5496 5495
f 5228 5497 5227
f 5227 5497 5496
f 5492 5228 5223
f 5497 5228 5492
f 5498 5499 5500
f 5498 5235 5234
f 5498 5500 5235
f 5500 5501 5235
f 5236 5235 5502
f 5235 5501 5502
f 5237 5236 5503
f 5236 5502 5503
f 5238 5237 5504
f 5237 5503 5504
f 5239 5238 5505
f 5238 5504 5505
f 5240 5239 5506
f 5239 5505 5506
f 5241 5240 5507
f 5240 5506 5507
f 5242 5241 5508
f 5241 5507 5508
f 5509 5508 5510
f 5509 5243 5508
f 5243 5242 5508
f 5243 5511 5244
f 5509 5511 5243
f 5244 5511 5245
f 5250 5512 5513
f 5249 5512 5250
f 5251 5250 5514
f 5250 5513 5514
f 5499 5498 5252
f 5499 5252 5514
f 5514 5252 5251
f 5234 5252 5498
f 5509 5510 5515
f 5511 5509 5515
f 5516 5511 5515
f 5245 5511 5516
f 5245 5516 5253
f 5253 5516 5517
f 5518 5517 5519
f 5518 5254 5517
f 5254 5253 5517
f 5254 5518 5255
f 5520 5521 5522
f 5520 5258 5257
f 5520 5522 5258
f 5522 5523 5258
f 5512 5249 5258
f 5523 5512 5258
f 5518 5519 5524
f 5524 5255 5518
f 5524 5525 5255
f 5525 5260 5255
f 5526 5527 5528
f 5521 5526 5528
f 5520 5526 5521
f 5520 5261 5526
f 5520 5262 5261
f 5257 5262 5520
f 5260 5525 5529
f 5263 5260 5529
f 5529 5264 5263
f 5530 5264 5529
f 5266 5527 5526
f 5266 5265 5527
f 5265 5531 5527
f 5261 5266 5526
f 5264 5530 5267
f 5530 5532 5267
f 5265 5268 5531
f 5531 5268 5533
f 5267 5532 5269
f 5532 5534 5269
f 5268 5270 5533
f 5533 5270 5535
f 5269 5534 5271
f 5534 5536 5271
f 5270 5272 5535
f 5535 5272 5537
f 5271 5536 5538
f 5273 5271 5538
f 5538 5274 5273
f 5539 5274 5538
f 5277 5540 5541
f 5276 5540 5277
f 5537 5272 5277
f 5541 5537 5277
f 5274 5539 5278
f 5539 5542 5278
f 5276 5280 5540
f 5540 5280 5543
f 5278 5542 5281
f 5542 5544 5281
f 5545 5280 5282
f 5545 5546 5280
f 5546 5543 5280
f 5282 5283 5545
f 5281 5544 5284
f 5544 5547 5284
f 5545 5548 5546
f 5548 5545 5283
f 5548 5283 5549
f 5549 5283 5285
f 5284 5547 5286
f 5547 5550 5286
f 5285 5288 5549
f 5549 5288 5551
f 5552 5553 5289
f 5552 5289 5550
f 5550 5289 5286
f 5552 5554 5553
f 5555 5288 5290
f 5555 5556 5288
f 5556 5551 5288
f 5290 5291 5555
f 5289 5553 5292
f 5553 5294 5292
f 5553 5554 5294
f 5554 5557 5294
f 5555 5558 5556
f 5558 5555 5291
f 5558 5291 5559
f 5559 5291 5295
f 5296 5560 5561
f 5297 5296 5561
f 5557 5296 5294
f 5560 5296 5557
f 5295 5298 5559
f 5559 5298 5562
f 5297 5561 5299
f 5561 5563 5299
f 5298 5300 5562
f 5562 5300 5564
f 5299 5563 5301
f 5563 5565 5301
f 5300 5303 5564
f 5564 5303 5566
f 5567 5568 5569
f 5567 5565 5568
f 5567 5304 5565
f 5304 5301 5565
f 5303 5306 5566
f 5566 5306 5570
f 5308 5567 5569
f 5308 5569 5309
f 5309 5569 5571
f 5304 5567 5308
f 5306 5572 5570
f 5310 5572 5306
f 5572 5310 5311
f 5573 5572 5311
f 5313 5574 5575
f 5314 5313 5575
f 5571 5313 5309
f 5574 5313 5571
f 5311 5316 5573
f 5573 5316 5576
f 5314 5575 5317
f 5575 5577 5317
f 5578 5316 5318
f 5578 5579 5316
f 5579 5576 5316
f 5318 5319 5578
f 5321 5580 5581
f 5322 5321 5581
f 5577 5321 5317
f 5580 5321 5577
f 5578 5582 5579
f 5583 5584 5582
f 5323 5583 5582
f 5323 5582 5578
f 5323 5578 5319
f 5323 5324 5583
f 5326 5585 5586
f 5327 5326 5586
f 5581 5326 5322
f 5585 5326 5581
f 5583 5587 5584
f 5588 5589 5587
f 5328 5588 5587
f 5328 5587 5583
f 5328 5583 5324
f 5328 5329 5588
f 5330 5590 5591
f 5331 5330 5591
f 5586 5330 5327
f 5590 5330 5586
f 5588 5592 5589
f 5329 5592 5588
f 5329 5332 5592
f 5332 5593 5592
f 5593 5332 5333
f 5594 5593 5333
f 5331 5591 5595
f 5334 5331 5595
f 5335 5334 5596
f 5334 5595 5596
f 5336 5335 5597
f 5335 5596 5597
f 5337 5336 5598
f 5336 5597 5598
f 5339 5599 5600
f 5339 5337 5599
f 5337 5598 5599
f 5599 5601 5600
f 5333 5602 5594
f 5340 5602 5333
f 5341 5603 5340
f 5340 5603 5602
f 5604 5605 5603
f 5604 5603 5342
f 5342 5603 5341
f 5342 5344 5604
f 5339 5600 5345
f 5347 5606 5607
f 5345 5606 5347
f 5345 5601 5606
f 5345 5600 5601
f 5606 5608 5607
f 5349 5609 5610
f 5348 5609 5349
f 5350 5349 5611
f 5349 5610 5611
f 5612 5611 5613
f 5612 5351 5611
f 5351 5350 5611
f 5351 5612 5352
f 5614 5615 5616
f 5605 5614 5616
f 5604 5614 5605
f 5604 5354 5614
f 5604 5355 5354
f 5344 5355 5604
f 5347 5607 5356
f 5607 5608 5617
f 5607 5617 5356
f 5356 5617 5358
f 5617 5360 5358
f 5618 5360 5617
f 5362 5619 5620
f 5361 5619 5362
f 5609 5348 5362
f 5620 5609 5362
f 5612 5613 5621
f 5352 5612 5621
f 5352 5621 5363
f 5363 5621 5622
f 5615 5614 5364
f 5615 5364 5622
f 5622 5364 5363
f 5354 5364 5614
f 5360 5618 5623
f 5365 5360 5623
f 5623 5367 5365
f 5624 5367 5623
f 5361 5368 5619
f 5619 5368 5625
f 5367 5624 5626
f 5369 5367 5626
f 5371 5369 5627
f 5369 5626 5627
f 5373 5628 5629
f 5373 5371 5628
f 5371 5627 5628
f 5628 5630 5629
f 5368 5374 5625
f 5625 5374 5631
f 5373 5629 5375
f 5629 5630 5632
f 5629 5632 5375
f 5375 5632 5376
f 5632 5378 5376
f 5633 5378 5632
f 5381 5634 5635
f 5380 5634 5381
f 5631 5374 5381
f 5635 5631 5381
f 5636 5637 5382
f 5636 5382 5633
f 5633 5382 5378
f 5636 5638 5637
f 5380 5383 5634
f 5634 5383 5639
f 5637 5640 5385
f 5382 5637 5385
f 5641 5637 5638
f 5640 5637 5641
f 5383 5386 5639
f 5639 5386 5642
f 5387 5643 5388
f 5387 5390 5643
f 5640 5644 5392
f 5385 5640 5392
f 5645 5640 5641
f 5644 5640 5645
f 5646 5647 5648
f 5646 5394 5393
f 5646 5648 5394
f 5648 5649 5394
f 5395 5394 5650
f 5394 5649 5650
f 5396 5395 5651
f 5395 5650 5651
f 5642 5386 5396
f 5651 5642 5396
f 5643 5652 5397
f 5388 5643 5397
f 5390 5652 5643
f 5390 5653 5652
f 5390 5398 5653
f 5653 5654 5652
f 5655 5656 5653
f 5655 5653 5399
f 5399 5653 5398
f 5399 5401 5655
f 5405 5657 5404
f 5405 5658 5657
f 5392 5658 5405
f 5392 5659 5658
f 5392 5644 5659
f 5645 5659 5644
f 5407 5647 5646
f 5407 5406 5647
f 5406 5660 5647
f 5393 5407 5646
f 5652 5661 5662
f 5652 5662 5397
f 5397 5662 5408
f 5654 5661 5652
f 5655 5663 5656
f 5401 5663 5655
f 5401 5409 5663
f 5409 5664 5663
f 5410 5665 5409
f 5409 5665 5664
f 5411 5666 5410
f 5410 5666 5665
f 5657 5411 5404
f 5657 5667 5411
f 5667 5666 5411
f 5658 5667 5657
f 5414 5668 5669
f 5413 5668 5414
f 5660 5406 5414
f 5669 5660 5414
f 5408 5662 5415
f 5662 5670 5415
f 5413 5416 5668
f 5668 5416 5671
f 5672 5673 5418
f 5672 5418 5670
f 5670 5418 5415
f 5672 5674 5673
f 5416 5419 5671
f 5671 5419 5675
f 5418 5673 5420
f 5673 5422 5420
f 5673 5674 5422
f 5674 5676 5422
f 5419 5424 5675
f 5675 5424 5677
f 5422 5676 5425
f 5676 5678 5425
f 5424 5679 5677
f 5426 5679 5424
f 5680 5681 5679
f 5680 5679 5427
f 5427 5679 5426
f 5427 5428 5680
f 5429 5682 5683
f 5430 5429 5683
f 5678 5429 5425
f 5682 5429 5678
f 5680 5684 5681
f 5428 5684 5680
f 5428 5431 5684
f 5431 5685 5684
f 5685 5431 5432
f 5686 5685 5432
f 5430 5683 5687
f 5433 5430 5687
f 5434 5433 5688
f 5433 5687 5688
f 5435 5434 5689
f 5434 5688 5689
f 5436 5435 5690
f 5435 5689 5690
f 5437 5436 5691
f 5436 5690 5691
f 5438 5437 5692
f 5437 5691 5692
f 5439 5693 5694
f 5439 5438 5693
f 5438 5692 5693
f 5693 5695 5694
f 5432 5696 5686
f 5440 5696 5432
f 5696 5440 5441
f 5697 5696 5441
f 5444 5698 5699
f 5443 5444 5699
f 5445 5700 5444
f 5444 5700 5698
f 5694 5445 5439
f 5694 5701 5445
f 5701 5700 5445
f 5695 5701 5694
f 5702 5441 5446
f 5702 5703 5441
f 5703 5697 5441
f 5446 5447 5702
f 5448 5704 5449
f 5705 5704 5448
f 5705 5448 5706
f 5706 5448 5450
f 5451 5707 5450
f 5450 5707 5706
f 5699 5451 5443
f 5707 5451 5699
f 5702 5708 5703
f 5708 5702 5447
f 5708 5447 5709
f 5709 5447 5453
f 5449 5704 5454
f 5704 5455 5454
f 5704 5705 5455
f 5705 5710 5455
f 5453 5711 5709
f 5456 5711 5453
f 5711 5456 5458
f 5712 5711 5458
f 5455 5710 5460
f 5710 5713 5460
f 5458 5714 5712
f 5461 5714 5458
f 5714 5461 5463
f 5715 5714 5463
f 5464 5716 5717
f 5465 5464 5717
f 5713 5464 5460
f 5716 5464 5713
f 5463 5718 5715
f 5466 5718 5463
f 5718 5466 5468
f 5719 5718 5468
f 5465 5717 5470
f 5717 5720 5470
f 5468 5721 5719
f 5471 5721 5468
f 5472 5722 5471
f 5471 5722 5721
f 5722 5472 5474
f 5723 5722 5474
f 5477 5724 5476
f 5477 5725 5724
f 5477 5470 5725
f 5470 5720 5725
f 5474 5726 5723
f 5478 5726 5474
f 5479 5727 5478
f 5478 5727 5726
f 5727 5479 5481
f 5728 5727 5481
f 5482 5729 5483
f 5730 5729 5482
f 5730 5482 5731
f 5731 5482 5484
f 5724 5484 5476
f 5724 5732 5484
f 5732 5731 5484
f 5725 5732 5724
f 5481 5733 5728
f 5485 5733 5481
f 5486 5734 5485
f 5485 5734 5733
f 5487 5735 5486
f 5486 5735 5734
f 5736 5737 5735
f 5736 5735 5488
f 5488 5735 5487
f 5488 5490 5736
f 5491 5738 5492
f 5491 5739 5738
f 5483 5739 5491
f 5483 5740 5739
f 5483 5729 5740
f 5730 5740 5729
f 5736 5741 5737
f 5490 5741 5736
f 5490 5493 5741
f 5493 5742 5741
f 5494 5743 5493
f 5493 5743 5742
f 5495 5744 5494
f 5494 5744 5743
f 5496 5745 5495
f 5495 5745 5744
f 5497 5746 5496
f 5496 5746 5745
f 5738 5497 5492
f 5738 5747 5497
f 5747 5746 5497
f 5739 5747 5738
f 5748 5749 5750
f 5748 5751 5752
f 5750 5751 5748
f 5752 5500 5499
f 5752 5751 5500
f 5751 5753 5500
f 5501 5500 5754
f 5500 5753 5754
f 5502 5501 5755
f 5501 5754 5755
f 5503 5502 5756
f 5502 5755 5756
f 5504 5503 5757
f 5503 5756 5757
f 5505 5504 5758
f 5504 5757 5758
f 5506 5505 5759
f 5505 5758 5759
f 5507 5506 5760
f 5506 5759 5760
f 5508 5507 5761
f 5507 5760 5761
f 5761 5510 5508
f 5762 5510 5761
f 5763 5764 5765
f 5749 5763 5765
f 5748 5763 5749
f 5748 5512 5763
f 5748 5513 5512
f 5514 5513 5748
f 5752 5514 5748
f 5499 5514 5752
f 5510 5762 5766
f 5515 5510 5766
f 5516 5515 5767
f 5515 5766 5767
f 5768 5767 5769
f 5768 5517 5767
f 5517 5516 5767
f 5517 5768 5519
f 5522 5770 5771
f 5521 5770 5522
f 5764 5763 5523
f 5764 5523 5771
f 5771 5523 5522
f 5512 5523 5763
f 5768 5769 5772
f 5519 5768 5772
f 5519 5772 5524
f 5524 5772 5773
f 5773 5525 5524
f 5774 5525 5773
f 5528 5775 5776
f 5527 5775 5528
f 5770 5521 5528
f 5776 5770 5528
f 5777 5529 5525
f 5777 5525 5778
f 5778 5525 5774
f 5529 5777 5530
f 5527 5531 5775
f 5775 5531 5779
f 5777 5778 5780
f 5780 5530 5777
f 5780 5781 5530
f 5781 5532 5530
f 5531 5533 5779
f 5779 5533 5782
f 5783 5784 5534
f 5783 5534 5781
f 5781 5534 5532
f 5783 5785 5784
f 5786 5787 5788
f 5786 5788 5782
f 5786 5782 5535
f 5535 5782 5533
f 5784 5789 5536
f 5534 5784 5536
f 5790 5784 5785
f 5790 5791 5784
f 5791 5789 5784
f 5790 5792 5791
f 5793 5787 5786
f 5794 5787 5793
f 5535 5537 5793
f 5786 5535 5793
f 5536 5789 5538
f 5539 5538 5789
f 5539 5789 5795
f 5795 5789 5791
f 5796 5791 5792
f 5795 5791 5796
f 5541 5794 5793
f 5541 5540 5794
f 5540 5797 5794
f 5537 5541 5793
f 5795 5798 5542
f 5539 5795 5542
f 5799 5795 5796
f 5798 5795 5799
f 5540 5543 5797
f 5797 5543 5800
f 5798 5801 5544
f 5542 5798 5544
f 5802 5798 5799
f 5801 5798 5802
f 5543 5546 5800
f 5800 5546 5803
f 5801 5804 5805
f 5801 5805 5544
f 5544 5805 5547
f 5802 5804 5801
f 5546 5806 5803
f 5548 5806 5546
f 5806 5548 5549
f 5807 5806 5549
f 5547 5805 5550
f 5805 5808 5550
f 5549 5551 5807
f 5807 5551 5809
f 5810 5552 5550
f 5810 5550 5811
f 5811 5550 5808
f 5552 5810 5554
f 5551 5556 5809
f 5809 5556 5812
f 5813 5810 5811
f 5814 5813 5811
f 5554 5813 5557
f 5810 5813 5554
f 5815 5556 5558
f 5815 5816 5556
f 5816 5812 5556
f 5558 5559 5815
f 5560 5813 5814
f 5560 5814 5561
f 5561 5814 5817
f 5557 5813 5560
f 5815 5818 5816
f 5818 5815 5559
f 5818 5559 5819
f 5819 5559 5562
f 5561 5817 5563
f 5817 5820 5563
f 5562 5564 5819
f 5819 5564 5821
f 5563 5820 5565
f 5820 5822 5565
f 5564 5566 5821
f 5821 5566 5823
f 5568 5824 5825
f 5569 5568 5825
f 5822 5568 5565
f 5824 5568 5822
f 5566 5570 5823
f 5823 5570 5826
f 5569 5825 5571
f 5825 5827 5571
f 5828 5570 5572
f 5828 5829 5570
f 5829 5826 5570
f 5572 5573 5828
f 5574 5830 5831
f 5575 5574 5831
f 5827 5574 5571
f 5830 5574 5827
f 5828 5832 5829
f 5832 5828 5573
f 5832 5573 5833
f 5833 5573 5576
f 5834 5835 5836
f 5834 5831 5835
f 5834 5577 5831
f 5577 5575 5831
f 5576 5579 5833
f 5833 5579 5837
f 5580 5834 5836
f 5580 5836 5581
f 5581 5836 5838
f 5577 5834 5580
f 5579 5839 5837
f 5582 5839 5579
f 5839 5582 5584
f 5840 5839 5584
f 5585 5841 5842
f 5586 5585 5842
f 5838 5585 5581
f 5841 5585 5838
f 5584 5843 5840
f 5587 5843 5584
f 5843 5587 5589
f 5844 5843 5589
f 5590 5845 5591
f 5846 5586 5842
f 5846 5845 5586
f 5846 5847 5845
f 5845 5590 5586
f 5847 5848 5849
f 5846 5848 5847
f 5849 5850 5851
f 5848 5850 5849
f 5851 5852 5853
f 5850 5852 5851
f 5852 5854 5853
f 5589 5855 5844
f 5592 5855 5589
f 5856 5857 5855
f 5856 5855 5593
f 5593 5855 5592
f 5593 5594 5856
f 5591 5845 5595
f 5596 5595 5845
f 5847 5596 5845
f 5597 5596 5847
f 5849 5597 5847
f 5598 5597 5849
f 5851 5598 5849
f 5599 5598 5851
f 5853 5599 5851
f 5601 5858 5859
f 5599 5858 5601
f 5599 5854 5858
f 5599 5853 5854
f 5858 5860 5859
f 5856 5861 5857
f 5594 5861 5856
f 5594 5602 5861
f 5602 5862 5861
f 5863 5864 5862
f 5863 5862 5603
f 5603 5862 5602
f 5603 5605 5863
f 5601 5859 5606
f 5859 5608 5606
f 5859 5860 5608
f 5860 5865 5608
f 5610 5866 5867
f 5609 5866 5610
f 5611 5610 5868
f 5610 5867 5868
f 5868 5613 5611
f 5869 5613 5868
f 5616 5864 5863
f 5616 5615 5864
f 5615 5870 5864
f 5605 5616 5863
f 5608 5865 5871
f 5617 5608 5871
f 5871 5618 5617
f 5872 5618 5871
f 5620 5873 5874
f 5619 5873 5620
f 5866 5609 5620
f 5874 5866 5620
f 5613 5869 5875
f 5621 5613 5875
f 5622 5621 5876
f 5621 5875 5876
f 5870 5615 5622
f 5876 5870 5622
f 5618 5872 5877
f 5623 5618 5877
f 5877 5624 5623
f 5878 5624 5877
f 5619 5625 5873
f 5873 5625 5879
f 5624 5878 5880
f 5626 5624 5880
f 5627 5626 5881
f 5626 5880 5881
f 5628 5627 5882
f 5627 5881 5882
f 5882 5630 5628
f 5883 5630 5882
f 5884 5885 5886
f 5884 5886 5879
f 5884 5879 5631
f 5631 5879 5625
f 5630 5883 5887
f 5632 5630 5887
f 5633 5888 5889
f 5633 5632 5888
f 5632 5887 5888
f 5888 5890 5889
f 5635 5885 5884
f 5635 5634 5885
f 5634 5891 5885
f 5631 5635 5884
f 5633 5889 5636
f 5889 5638 5636
f 5889 5890 5638
f 5890 5892 5638
f 5634 5639 5891
f 5891 5639 5893
f 5638 5892 5641
f 5892 5894 5641
f 5895 5896 5897
f 5895 5897 5893
f 5895 5893 5642
f 5642 5893 5639
f 5641 5894 5645
f 5894 5898 5645
f 5648 5899 5900
f 5647 5899 5648
f 5649 5648 5901
f 5648 5900 5901
f 5650 5649 5902
f 5649 5901 5902
f 5896 5895 5651
f 5896 5651 5902
f 5902 5651 5650
f 5642 5651 5895
f 5653 5903 5654
f 5653 5656 5903
f 5659 5904 5905
f 5658 5659 5905
f 5898 5659 5645
f 5904 5659 5898
f 5906 5907 5908
f 5906 5908 5899
f 5906 5899 5660
f 5660 5899 5647
f 5661 5909 5662
f 5661 5910 5909
f 5654 5910 5661
f 5654 5911 5910
f 5654 5903 5911
f 5656 5911 5903
f 5656 5663 5911
f 5663 5912 5911
f 5664 5913 5663
f 5663 5913 5912
f 5665 5914 5664
f 5664 5914 5913
f 5666 5915 5665
f 5665 5915 5914
f 5667 5916 5666
f 5666 5916 5915
f 5905 5667 5658
f 5916 5667 5905
f 5669 5907 5906
f 5669 5668 5907
f 5668 5917 5907
f 5660 5669 5906
f 5909 5918 5670
f 5662 5909 5670
f 5919 5909 5910
f 5918 5909 5919
f 5668 5671 5917
f 5917 5671 5920
f 5670 5918 5672
f 5918 5674 5672
f 5918 5919 5674
f 5919 5921 5674
f 5671 5675 5920
f 5920 5675 5922
f 5674 5921 5676
f 5921 5923 5676
f 5675 5677 5922
f 5922 5677 5924
f 5676 5923 5678
f 5923 5925 5678
f 5677 5926 5924
f 5679 5926 5677
f 5926 5679 5681
f 5927 5926 5681
f 5682 5928 5929
f 5683 5682 5929
f 5925 5682 5678
f 5928 5682 5925
f 5681 5930 5927
f 5684 5930 5681
f 5685 5931 5684
f 5684 5931 5930
f 5931 5685 5686
f 5932 5931 5686
f 5683 5929 5933
f 5687 5683 5933
f 5688 5687 5934
f 5687 5933 5934
f 5689 5688 5935
f 5688 5934 5935
f 5690 5689 5936
f 5689 5935 5936
f 5691 5690 5937
f 5690 5936 5937
f 5692 5691 5938
f 5691 5937 5938
f 5693 5692 5939
f 5692 5938 5939
f 5939 5695 5693
f 5940 5695 5939
f 5941 5686 5696
f 5941 5942 5686
f 5942 5932 5686
f 5696 5697 5941
f 5698 5943 5944
f 5699 5698 5944
f 5700 5945 5698
f 5698 5945 5943
f 5701 5946 5700
f 5700 5946 5945
f 5940 5701 5695
f 5946 5701 5940
f 5941 5947 5942
f 5947 5941 5697
f 5947 5697 5948
f 5948 5697 5703
f 5706 5949 5950
f 5705 5706 5950
f 5707 5951 5706
f 5706 5951 5949
f 5944 5707 5699
f 5951 5707 5944
f 5703 5952 5948
f 5708 5952 5703
f 5952 5708 5709
f 5953 5952 5709
f 5705 5950 5710
f 5950 5954 5710
f 5709 5955 5953
f 5711 5955 5709
f 5955 5711 5712
f 5956 5955 5712
f 5710 5954 5713
f 5954 5957 5713
f 5712 5958 5956
f 5714 5958 5712
f 5958 5714 5715
f 5959 5958 5715
f 5716 5960 5717
f 5716 5961 5960
f 5716 5713 5961
f 5713 5957 5961
f 5715 5962 5959
f 5718 5962 5715
f 5962 5718 5719
f 5963 5962 5719
f 5960 5964 5965
f 5960 5965 5717
f 5717 5965 5720
f 5961 5964 5960
f 5719 5966 5963
f 5721 5966 5719
f 5967 5968 5966
f 5967 5966 5722
f 5722 5966 5721
f 5722 5723 5967
f 5720 5965 5725
f 5965 5969 5725
f 5967 5970 5968
f 5723 5970 5967
f 5723 5726 5970
f 5726 5971 5970
f 5727 5972 5726
f 5726 5972 5971
f 5972 5727 5728
f 5973 5972 5728
f 5731 5974 5730
f 5975 5974 5731
f 5975 5731 5976
f 5976 5731 5732
f 5969 5732 5725
f 5976 5732 5969
f 5728 5977 5973
f 5733 5977 5728
f 5734 5978 5733
f 5733 5978 5977
f 5735 5979 5734
f 5734 5979 5978
f 5979 5735 5737
f 5980 5979 5737
f 5740 5981 5982
f 5739 5740 5982
f 5974 5740 5730
f 5974 5983 5740
f 5983 5981 5740
f 5975 5983 5974
f 5737 5984 5980
f 5741 5984 5737
f 5742 5985 5741
f 5741 5985 5984
f 5743 5986 5742
f 5742 5986 5985
f 5744 5987 5743
f 5743 5987 5986
f 5745 5988 5744
f 5744 5988 5987
f 5746 5989 5745
f 5745 5989 5988
f 5747 5990 5746
f 5746 5990 5989
f 5982 5747 5739
f 5990 5747 5982
f 5991 5992 5993
f 5991 5994 5995
f 5993 5994 5991
f 5995 5996 5997
f 5994 5996 5995
f 5996 5998 5997
f 5999 5992 5991
f 6000 5992 5999
f 5995 6001 5991
f 6001 5999 5991
f 5997 6002 5995
f 6002 6001 5995
f 6003 5997 5998
f 6003 6004 5997
f 6004 6002 5997
f 6003 6005 6004
f 6006 6000 5999
f 6007 6000 6006
f 6001 6008 5999
f 6008 6006 5999
f 6002 6009 6001
f 6009 6008 6001
f 6004 6010 6002
f 6010 6009 6002
f 6011 6004 6005
f 6011 6012 6004
f 6012 6010 6004
f 6011 6013 6012
f 6014 6007 6006
f 6015 6007 6014
f 6008 6016 6006
f 6016 6014 6006
f 6009 6017 6008
f 6017 6016 6008
f 6010 6018 6009
f 6018 6017 6009
f 6012 6019 6010
f 6019 6018 6010
f 6020 6012 6013
f 6020 6021 6012
f 6021 6019 6012
f 6020 6022 6021
f 6023 6015 6014
f 6024 6015 6023
f 5750 5749 6023
f 5750 6023 6016
f 6016 6023 6014
f 5751 5750 6016
f 6017 5751 6016
f 5753 5751 6017
f 6018 5753 6017
f 5754 5753 6018
f 6019 5754 6018
f 5755 5754 6019
f 6021 5755 6019
f 6021 6022 6025
f 6021 6025 5755
f 5755 6025 5756
f 5757 5756 6026
f 5756 6025 6026
f 5758 5757 6027
f 5757 6026 6027
f 5759 5758 6028
f 5758 6027 6028
f 5760 5759 6029
f 5759 6028 6029
f 5761 5760 6030
f 5760 6029 6030
f 6030 5762 5761
f 6031 5762 6030
f 5765 6024 6023
f 5765 5764 6024
f 5764 6032 6024
f 5749 5765 6023
f 5762 6031 6033
f 5766 5762 6033
f 5767 5766 6034
f 5766 6033 6034
f 6034 5769 5767
f 6035 5769 6034
f 5771 6036 6037
f 5770 6036 5771
f 6032 5764 5771
f 6037 6032 5771
f 5769 6035 6038
f 5772 5769 6038
f 6039 6038 6040
f 6039 5773 6038
f 5773 5772 6038
f 5773 6039 5774
f 5776 6041 6042
f 5775 6041 5776
f 6036 5770 5776
f 6042 6036 5776
f 6039 6040 6043
f 6043 5774 6039
f 6043 6044 5774
f 6044 5778 5774
f 5775 5779 6041
f 6041 5779 6045
f 5778 6044 6046
f 5780 5778 6046
f 6046 5781 5780
f 6047 5781 6046
f 6048 6049 6050
f 6048 6050 6045
f 6048 6045 5782
f 5782 6045 5779
f 5781 6047 6051
f 5783 5781 6051
f 6051 5785 5783
f 6052 5785 6051
f 5788 6049 6048
f 5788 5787 6049
f 5787 6053 6049
f 5782 5788 6048
f 6054 5790 5785
f 6054 5785 6055
f 6055 5785 6052
f 5790 6054 5792
f 5787 5794 6053
f 6053 5794 6056
f 6054 6055 6057
f 6057 5792 6054
f 6057 6058 5792
f 6058 5796 5792
f 5794 5797 6056
f 6056 5797 6059
f 6060 6061 6062
f 6060 6058 6061
f 6060 5799 6058
f 5799 5796 6058
f 5797 5800 6059
f 6059 5800 6063
f 6060 6062 6064
f 6064 5799 6060
f 6064 6065 5799
f 6065 5802 5799
f 5800 5803 6063
f 6063 5803 6066
f 5804 6067 6068
f 5805 5804 6068
f 6065 5804 5802
f 6067 5804 6065
f 5803 6069 6066
f 5806 6069 5803
f 6069 5806 5807
f 6070 6069 5807
f 5805 6068 5808
f 6068 6071 5808
f 5807 5809 6070
f 6070 5809 6072
f 5808 6071 5811
f 6071 6073 5811
f 5809 5812 6072
f 6072 5812 6074
f 5811 6073 5814
f 6073 6075 5814
f 5812 5816 6074
f 6074 5816 6076
f 5814 6075 5817
f 6075 6077 5817
f 6078 5816 5818
f 6078 6079 5816
f 6079 6076 5816
f 5818 5819 6078
f 5817 6077 5820
f 6077 6080 5820
f 6078 6081 6079
f 6081 6078 5819
f 6081 5819 6082
f 6082 5819 5821
f 5820 6080 5822
f 6080 6083 5822
f 5821 5823 6082
f 6082 5823 6084
f 5824 6085 6086
f 5825 5824 6086
f 6083 5824 5822
f 6085 5824 6083
f 5823 5826 6084
f 6084 5826 6087
f 5825 6086 5827
f 6086 6088 5827
f 5826 5829 6087
f 6087 5829 6089
f 5830 6090 6091
f 5831 5830 6091
f 6088 5830 5827
f 6090 5830 6088
f 6092 5829 5832
f 6092 6093 5829
f 6093 6089 5829
f 5832 5833 6092
f 5835 6094 6095
f 5836 5835 6095
f 6091 5835 5831
f 6094 5835 6091
f 6092 6096 6093
f 6096 6092 5833
f 6096 5833 6097
f 6097 5833 5837
f 5836 6095 5838
f 6095 6098 5838
f 5837 6099 6097
f 5839 6099 5837
f 6099 5839 5840
f 6100 6099 5840
f 5841 6101 6102
f 5842 5841 6102
f 6098 5841 5838
f 6101 5841 6098
f 5840 6103 6100
f 5843 6103 5840
f 6103 5843 5844
f 6104 6103 5844
f 5842 6102 6105
f 5846 5842 6105
f 5848 5846 6106
f 5846 6105 6106
f 5850 5848 6107
f 5848 6106 6107
f 5852 5850 6108
f 5850 6107 6108
f 6108 5854 5852
f 6109 5854 6108
f 5844 6110 6104
f 5855 6110 5844
f 6110 5855 5857
f 6111 6110 5857
f 5854 6109 6112
f 5858 5854 6112
f 6112 5860 5858
f 6113 5860 6112
f 5857 6114 6111
f 5861 6114 5857
f 5862 6115 5861
f 5861 6115 6114
f 6115 5862 5864
f 6116 6115 5864
f 5860 6113 5865
f 6113 6117 5865
f 6118 6119 6120
f 6118 5867 5866
f 6118 6120 5867
f 6120 6121 5867
f 5868 5867 6122
f 5867 6121 6122
f 5869 6123 6124
f 5869 5868 6123
f 5868 6122 6123
f 6123 6125 6124
f 5864 5870 6116
f 6116 5870 6126
f 5865 6117 6127
f 5871 5865 6127
f 6127 5872 5871
f 6128 5872 6127
f 5874 6119 6118
f 5874 5873 6119
f 5873 6129 6119
f 5866 5874 6118
f 5869 6124 5875
f 6124 6125 6130
f 6124 6130 5875
f 5875 6130 5876
f 6126 5870 5876
f 6130 6126 5876
f 5872 6128 6131
f 5877 5872 6131
f 6131 5878 5877
f 6132 5878 6131
f 5873 5879 6129
f 6129 5879 6133
f 5878 6132 6134
f 5880 5878 6134
f 5881 5880 6135
f 5880 6134 6135
f 5882 5881 6136
f 5881 6135 6136
f 6136 5883 5882
f 6137 5883 6136
f 5886 6138 6139
f 5885 6138 5886
f 6133 5879 5886
f 6139 6133 5886
f 5883 6137 6140
f 5887 5883 6140
f 6141 6140 6142
f 6141 5888 6140
f 5888 5887 6140
f 5888 6141 5890
f 5885 5891 6138
f 6138 5891 6143
f 6141 6142 6144
f 6144 5890 6141
f 6144 6145 5890
f 6145 5892 5890
f 5891 5893 6143
f 6143 5893 6146
f 5892 6145 5894
f 6145 6147 5894
f 5897 6148 6149
f 5896 6148 5897
f 6146 5893 5897
f 6149 6146 5897
f 5894 6147 5898
f 6147 6150 5898
f 5900 6151 6152
f 5899 6151 5900
f 5901 5900 6153
f 5900 6152 6153
f 5902 5901 6154
f 5901 6153 6154
f 6148 5896 5902
f 6154 6148 5902
f 5904 6155 6156
f 5905 5904 6156
f 6150 5904 5898
f 6155 5904 6150
f 5908 6157 6158
f 5907 6157 5908
f 6151 5899 5908
f 6158 6151 5908
f 5911 6159 6160
f 5910 5911 6160
f 5912 6161 5911
f 5911 6161 6159
f 5913 6162 5912
f 5912 6162 6161
f 5914 6163 5913
f 5913 6163 6162
f 5915 6164 5914
f 5914 6164 6163
f 5916 6165 5915
f 5915 6165 6164
f 6156 5916 5905
f 6165 5916 6156
f 5907 5917 6157
f 6157 5917 6166
f 5910 6160 5919
f 6160 6167 5919
f 5917 5920 6166
f 6166 5920 6168
f 5919 6167 5921
f 6167 6169 5921
f 5920 5922 6168
f 6168 5922 6170
f 5921 6169 5923
f 6169 6171 5923
f 5922 5924 6170
f 6170 5924 6172
f 5923 6171 5925
f 6171 6173 5925
f 5924 6174 6172
f 5926 6174 5924
f 6174 5926 5927
f 6175 6174 5927
f 5928 6176 5929
f 5928 6177 6176
f 5928 5925 6177
f 5925 6173 6177
f 5927 6178 6175
f 5930 6178 5927
f 6179 6180 6178
f 6179 6178 5931
f 5931 6178 5930
f 5931 5932 6179
f 5929 6176 5933
f 6176 6177 6181
f 6176 6181 5933
f 5933 6181 5934
f 5935 5934 6182
f 5934 6181 6182
f 5936 5935 6183
f 5935 6182 6183
f 5937 5936 6184
f 5936 6183 6184
f 5938 5937 6185
f 5937 6184 6185
f 5939 5938 6186
f 5938 6185 6186
f 6186 5940 5939
f 6187 5940 6186
f 6179 6188 6180
f 6188 6179 5932
f 6188 5932 6189
f 6189 5932 5942
f 5943 6190 5944
f 6191 6190 5943
f 6191 5943 6192
f 6192 5943 5945
f 5946 6193 5945
f 5945 6193 6192
f 6187 5946 5940
f 6193 5946 6187
f 5942 6194 6189
f 5947 6194 5942
f 6194 5947 5948
f 6195 6194 5948
f 5949 6196 6197
f 5950 5949 6197
f 5951 6198 5949
f 5949 6198 6196
f 6190 5951 5944
f 6190 6199 5951
f 6199 6198 5951
f 6191 6199 6190
f 5948 6200 6195
f 5952 6200 5948
f 6200 5952 5953
f 6201 6200 5953
f 5950 6197 5954
f 6197 6202 5954
f 5953 6203 6201
f 5955 6203 5953
f 6203 5955 5956
f 6204 6203 5956
f 5954 6202 5957
f 6202 6205 5957
f 5956 6206 6204
f 5958 6206 5956
f 6206 5958 5959
f 6207 6206 5959
f 5957 6205 5961
f 6205 6208 5961
f 5959 6209 6207
f 5962 6209 5959
f 6209 5962 5963
f 6210 6209 5963
f 5964 6211 6212
f 5965 5964 6212
f 6208 5964 5961
f 6211 5964 6208
f 5963 6213 6210
f 5966 6213 5963
f 6213 5966 5968
f 6214 6213 5968
f 5965 6212 5969
f 6212 6215 5969
f 5968 6216 6214
f 5970 6216 5968
f 5971 6217 5970
f 5970 6217 6216
f 5972 6218 5971
f 5971 6218 6217
f 6218 5972 5973
f 6219 6218 5973
f 6220 6221 6222
f 6220 5975 5976
f 6220 5976 6221
f 6221 5976 6223
f 6215 5976 5969
f 6223 5976 6215
f 5973 6224 6219
f 5977 6224 5973
f 5978 6225 5977
f 5977 6225 6224
f 5979 6226 5978
f 5978 6226 6225
f 6226 5979 5980
f 6227 6226 5980
f 5981 6228 6229
f 5982 5981 6229
f 6222 5983 6220
f 6222 6228 5983
f 6228 5981 5983
f 5975 6220 5983
f 5980 6230 6227
f 5984 6230 5980
f 5985 6231 5984
f 5984 6231 6230
f 5986 6232 5985
f 5985 6232 6231
f 5987 6233 5986
f 5986 6233 6232
f 5988 6234 5987
f 5987 6234 6233
f 5989 6235 5988
f 5988 6235 6234
f 5990 6236 5989
f 5989 6236 6235
f 6229 5990 5982
f 6236 5990 6229
f 6237 6238 6239
f 6237 6240 6241
f 6239 6240 6237
f 6241 6242 6243
f 6240 6242 6241
f 6242 6244 6243
f 6245 6246 6247
f 6245 6248 6249
f 6247 6248 6245
f 6238 6249 6248
f 6238 6237 6249
f 6237 6250 6249
f 6241 6251 6237
f 6251 6250 6237
f 6243 6252 6241
f 6252 6251 6241
f 6253 6243 6244
f 6253 6254 6243
f 6254 6252 6243
f 6253 6255 6254
f 6256 6246 6245
f 6257 6246 6256
f 6249 6258 6245
f 6258 6256 6245
f 6250 6259 6249
f 6259 6258 6249
f 6251 6260 6250
f 6260 6259 6250
f 6252 6261 6251
f 6261 6260 6251
f 6254 6262 6252
f 6262 6261 6252
f 6263 6254 6255
f 6262 6254 6263
f 6256 6264 6257
f 6264 6265 6266
f 6264 6256 6265
f 6256 6258 6265
f 6259 6267 6258
f 6267 6265 6258
f 6260 6268 6259
f 6268 6267 6259
f 6261 6269 6260
f 6269 6268 6260
f 6262 6270 6261
f 6270 6269 6261
f 6271 6262 6263
f 6271 6272 6262
f 6272 6270 6262
f 6271 6273 6272
f 6274 6266 6265
f 6275 6266 6274
f 6267 6276 6265
f 6276 6274 6265
f 6268 6277 6267
f 6277 6276 6267
f 6269 6278 6268
f 6278 6277 6268
f 6270 6279 6269
f 6279 6278 6269
f 6272 6280 6270
f 6280 6279 6270
f 6281 6272 6273
f 6280 6272 6281
f 6282 6275 6274
f 6283 6275 6282
f 6276 6284 6274
f 6284 6282 6274
f 5993 5992 6284
f 5993 6284 6277
f 6277 6284 6276
f 5994 5993 6277
f 6278 5994 6277
f 5996 5994 6278
f 6279 5996 6278
f 5998 5996 6279
f 5998 6279 6285
f 6285 6279 6280
f 6286 6280 6281
f 6286 6287 6280
f 6287 6285 6280
f 6286 6288 6287
f 6289 6283 6282
f 6290 6283 6289
f 6284 6291 6282
f 6291 6289 6282
f 5992 6000 6291
f 6284 5992 6291
f 5998 6285 6003
f 6005 6003 6285
f 6005 6285 6292
f 6292 6285 6287
f 6293 6287 6288
f 6293 6294 6287
f 6294 6292 6287
f 6293 6295 6294
f 6296 6290 6289
f 6297 6290 6296
f 6291 6298 6289
f 6298 6296 6289
f 6000 6007 6298
f 6291 6000 6298
f 6005 6292 6011
f 6013 6011 6292
f 6013 6292 6299
f 6299 6292 6294
f 6300 6294 6295
f 6300 6301 6294
f 6301 6299 6294
f 6300 6302 6301
f 6303 6297 6296
f 6304 6297 6303
f 6298 6305 6296
f 6305 6303 6296
f 6007 6015 6305
f 6298 6007 6305
f 6013 6299 6020
f 6022 6020 6299
f 6022 6299 6306
f 6306 6299 6301
f 6307 6301 6302
f 6306 6301 6307
f 6303 6308 6304
f 6308 6309 6310
f 6308 6303 6309
f 6303 6305 6309
f 6015 6024 6309
f 6305 6015 6309
f 6022 6306 6025
f 6306 6307 6311
f 6306 6311 6025
f 6025 6311 6026
f 6027 6026 6312
f 6026 6311 6312
f 6028 6027 6313
f 6027 6312 6313
f 6029 6028 6314
f 6028 6313 6314
f 6030 6029 6315
f 6029 6314 6315
f 6315 6031 6030
f 6316 6031 6315
f 6317 6310 6309
f 6318 6310 6317
f 6024 6032 6317
f 6309 6024 6317
f 6031 6316 6319
f 6033 6031 6319
f 6034 6033 6320
f 6033 6319 6320
f 6320 6035 6034
f 6321 6035 6320
f 6037 6318 6317
f 6037 6036 6318
f 6036 6322 6318
f 6032 6037 6317
f 6035 6321 6323
f 6038 6035 6323
f 6323 6040 6038
f 6324 6040 6323
f 6042 6325 6326
f 6041 6325 6042
f 6322 6036 6042
f 6326 6322 6042
f 6040 6324 6327
f 6043 6040 6327
f 6327 6044 6043
f 6328 6044 6327
f 6041 6045 6325
f 6325 6045 6329
f 6330 6046 6044
f 6330 6044 6331
f 6331 6044 6328
f 6046 6330 6047
f 6050 6049 6332
f 6050 6332 6333
f 6050 6333 6045
f 6045 6333 6329
f 6330 6331 6334
f 6047 6330 6334
f 6047 6334 6051
f 6051 6334 6335
f 6335 6052 6051
f 6336 6052 6335
f 6332 6337 6338
f 6332 6049 6337
f 6049 6053 6337
f 6333 6332 6338
f 6052 6336 6055
f 6336 6339 6055
f 6340 6056 6341
f 6340 6337 6056
f 6337 6053 6056
f 6340 6341 6342
f 6343 6057 6055
f 6343 6055 6344
f 6344 6055 6339
f 6057 6343 6058
f 6341 6345 6346
f 6341 6056 6345
f 6056 6059 6345
f 6342 6341 6346
f 6061 6343 6344
f 6061 6344 6062
f 6062 6344 6347
f 6058 6343 6061
f 6059 6063 6345
f 6345 6063 6348
f 6062 6347 6349
f 6064 6062 6349
f 6349 6065 6064
f 6350 6065 6349
f 6063 6066 6348
f 6348 6066 6351
f 6067 6352 6353
f 6068 6067 6353
f 6350 6067 6065
f 6352 6067 6350
f 6066 6354 6351
f 6069 6354 6066
f 6354 6069 6070
f 6355 6354 6070
f 6068 6353 6071
f 6353 6356 6071
f 6070 6072 6355
f 6355 6072 6357
f 6071 6356 6073
f 6356 6358 6073
f 6072 6074 6357
f 6357 6074 6359
f 6073 6358 6075
f 6358 6360 6075
f 6074 6076 6359
f 6359 6076 6361
f 6075 6360 6077
f 6360 6362 6077
f 6076 6079 6361
f 6361 6079 6363
f 6077 6362 6080
f 6362 6364 6080
f 6079 6365 6363
f 6081 6365 6079
f 6365 6081 6082
f 6366 6365 6082
f 6367 6368 6369
f 6367 6364 6368
f 6367 6083 6364
f 6083 6080 6364
f 6082 6084 6366
f 6366 6084 6370
f 6085 6367 6369
f 6085 6369 6086
f 6086 6369 6371
f 6083 6367 6085
f 6084 6087 6370
f 6370 6087 6372
f 6086 6371 6088
f 6371 6373 6088
f 6087 6089 6372
f 6372 6089 6374
f 6090 6375 6376
f 6091 6090 6376
f 6373 6090 6088
f 6375 6090 6373
f 6089 6093 6374
f 6374 6093 6377
f 6094 6378 6379
f 6095 6094 6379
f 6376 6094 6091
f 6378 6094 6376
f 6093 6380 6377
f 6096 6380 6093
f 6380 6096 6097
f 6381 6380 6097
f 6382 6383 6384
f 6382 6379 6383
f 6382 6098 6379
f 6098 6095 6379
f 6385 6097 6099
f 6385 6386 6097
f 6386 6381 6097
f 6099 6100 6385
f 6387 6388 6389
f 6384 6388 6387
f 6382 6384 6387
f 6382 6387 6102
f 6382 6102 6101
f 6098 6382 6101
f 6385 6390 6386
f 6391 6392 6390
f 6103 6391 6390
f 6103 6390 6385
f 6103 6385 6100
f 6103 6104 6391
f 6387 6389 6393
f 6102 6387 6393
f 6102 6393 6105
f 6105 6393 6394
f 6106 6105 6395
f 6105 6394 6395
f 6107 6106 6396
f 6106 6395 6396
f 6108 6107 6397
f 6107 6396 6397
f 6397 6109 6108
f 6398 6109 6397
f 6391 6399 6392
f 6104 6399 6391
f 6104 6110 6399
f 6110 6400 6399
f 6400 6110 6111
f 6401 6400 6111
f 6109 6398 6402
f 6112 6109 6402
f 6402 6113 6112
f 6403 6113 6402
f 6111 6404 6401
f 6114 6404 6111
f 6115 6405 6114
f 6114 6405 6404
f 6405 6115 6116
f 6406 6405 6116
f 6113 6403 6117
f 6403 6407 6117
f 6120 6408 6409
f 6119 6408 6120
f 6121 6120 6410
f 6120 6409 6410
f 6122 6121 6411
f 6121 6410 6411
f 6123 6122 6412
f 6122 6411 6412
f 6412 6125 6123
f 6413 6125 6412
f 6116 6126 6406
f 6406 6126 6414
f 6117 6407 6415
f 6127 6117 6415
f 6415 6128 6127
f 6416 6128 6415
f 6119 6129 6408
f 6408 6129 6417
f 6125 6413 6418
f 6130 6125 6418
f 6414 6126 6130
f 6418 6414 6130
f 6128 6416 6419
f 6131 6128 6419
f 6132 6420 6421
f 6132 6131 6420
f 6131 6419 6420
f 6420 6422 6421
f 6129 6133 6417
f 6417 6133 6423
f 6132 6421 6134
f 6421 6422 6424
f 6421 6424 6134
f 6134 6424 6135
f 6136 6135 6425
f 6135 6424 6425
f 6425 6137 6136
f 6426 6137 6425
f 6139 6427 6428
f 6138 6427 6139
f 6423 6133 6139
f 6428 6423 6139
f 6137 6426 6429
f 6140 6137 6429
f 6429 6142 6140
f 6430 6142 6429
f 6138 6143 6427
f 6427 6143 6431
f 6142 6430 6432
f 6144 6142 6432
f 6432 6145 6144
f 6433 6145 6432
f 6143 6146 6431
f 6431 6146 6434
f 6145 6433 6147
f 6433 6435 6147
f 6149 6436 6437
f 6148 6436 6149
f 6434 6146 6149
f 6437 6434 6149
f 6147 6435 6150
f 6435 6438 6150
f 6152 6439 6440
f 6151 6439 6152
f 6153 6152 6441
f 6152 6440 6441
f 6154 6153 6442
f 6153 6441 6442
f 6436 6148 6154
f 6442 6436 6154
f 6443 6444 6445
f 6444 6443 6446
f 6155 6447 6448
f 6156 6155 6448
f 6438 6155 6150
f 6447 6155 6438
f 6158 6449 6450
f 6157 6449 6158
f 6439 6151 6158
f 6450 6439 6158
f 6159 6443 6445
f 6159 6445 6160
f 6160 6445 6451
f 6443 6452 6446
f 6443 6159 6452
f 6159 6161 6452
f 6162 6453 6161
f 6161 6453 6452
f 6163 6454 6162
f 6162 6454 6453
f 6164 6455 6163
f 6163 6455 6454
f 6165 6456 6164
f 6164 6456 6455
f 6448 6165 6156
f 6456 6165 6448
f 6157 6166 6449
f 6449 6166 6457
f 6160 6451 6167
f 6451 6458 6167
f 6166 6168 6457
f 6457 6168 6459
f 6167 6458 6169
f 6458 6460 6169
f 6168 6170 6459
f 6459 6170 6461
f 6169 6460 6171
f 6460 6462 6171
f 6170 6172 6461
f 6461 6172 6463
f 6171 6462 6173
f 6462 6464 6173
f 6172 6465 6463
f 6174 6465 6172
f 6465 6174 6175
f 6466 6465 6175
f 6173 6464 6177
f 6464 6467 6177
f 6175 6468 6466
f 6178 6468 6175
f 6468 6178 6180
f 6469 6468 6180
f 6177 6467 6470
f 6181 6177 6470
f 6182 6181 6471
f 6181 6470 6471
f 6183 6182 6472
f 6182 6471 6472
f 6184 6183 6473
f 6183 6472 6473
f 6185 6184 6474
f 6184 6473 6474
f 6186 6185 6475
f 6185 6474 6475
f 6475 6187 6186
f 6476 6187 6475
f 6180 6477 6469
f 6188 6477 6180
f 6477 6188 6189
f 6478 6477 6189
f 6192 6479 6480
f 6191 6192 6480
f 6193 6481 6192
f 6192 6481 6479
f 6476 6193 6187
f 6481 6193 6476
f 6189 6482 6478
f 6194 6482 6189
f 6482 6194 6195
f 6483 6482 6195
f 6196 6484 6485
f 6197 6196 6485
f 6198 6486 6196
f 6196 6486 6484
f 6199 6487 6198
f 6198 6487 6486
f 6480 6199 6191
f 6487 6199 6480
f 6195 6488 6483
f 6200 6488 6195
f 6488 6200 6201
f 6489 6488 6201
f 6197 6485 6202
f 6485 6490 6202
f 6201 6491 6489
f 6203 6491 6201
f 6491 6203 6204
f 6492 6491 6204
f 6202 6490 6205
f 6490 6493 6205
f 6204 6494 6492
f 6206 6494 6204
f 6494 6206 6207
f 6495 6494 6207
f 6205 6493 6208
f 6493 6496 6208
f 6207 6497 6495
f 6209 6497 6207
f 6497 6209 6210
f 6498 6497 6210
f 6211 6499 6500
f 6212 6211 6500
f 6496 6211 6208
f 6499 6211 6496
f 6210 6501 6498
f 6213 6501 6210
f 6501 6213 6214
f 6502 6501 6214
f 6212 6500 6215
f 6500 6503 6215
f 6214 6504 6502
f 6216 6504 6214
f 6217 6505 6216
f 6216 6505 6504
f 6218 6506 6217
f 6217 6506 6505
f 6506 6218 6219
f 6507 6506 6219
f 6221 6508 6509
f 6222 6221 6509
f 6223 6510 6221
f 6221 6510 6508
f 6503 6223 6215
f 6510 6223 6503
f 6219 6511 6507
f 6224 6511 6219
f 6225 6512 6224
f 6224 6512 6511
f 6226 6513 6225
f 6225 6513 6512
f 6513 6226 6227
f 6514 6513 6227
f 6228 6515 6516
f 6229 6228 6516
f 6509 6228 6222
f 6515 6228 6509
f 6227 6517 6514
f 6230 6517 6227
f 6231 6518 6230
f 6230 6518 6517
f 6232 6519 6231
f 6231 6519 6518
f 6233 6520 6232
f 6232 6520 6519
f 6234 6521 6233
f 6233 6521 6520
f 6235 6522 6234
f 6234 6522 6521
f 6236 6523 6235
f 6235 6523 6522
f 6516 6236 6229
f 6523 6236 6516
f 6239 6524 6525
f 6238 6524 6239
f 6240 6239 6526
f 6239 6525 6526
f 6242 6240 6527
f 6240 6526 6527
f 6244 6528 6529
f 6244 6242 6528
f 6242 6527 6528
f 6529 6530 6531
f 6528 6530 6529
f 6530 6532 6531
f 6533 6534 6535
f 6533 6247 6246
f 6533 6535 6247
f 6535 6536 6247
f 6248 6247 6537
f 6247 6536 6537
f 6524 6238 6248
f 6537 6524 6248
f 6244 6529 6253
f 6255 6253 6529
f 6255 6529 6538
f 6538 6529 6531
f 6539 6531 6532
f 6538 6531 6539
f 6540 6534 6533
f 6541 6534 6540
f 6246 6257 6540
f 6533 6246 6540
f 6538 6542 6263
f 6255 6538 6263
f 6543 6538 6539
f 6542 6538 6543
f 6544 6541 6540
f 6545 6541 6544
f 6257 6264 6546
f 6257 6546 6540
f 6540 6546 6544
f 6264 6266 6546
f 6263 6542 6271
f 6273 6547 6548
f 6271 6547 6273
f 6271 6543 6547
f 6271 6542 6543
f 6547 6549 6548
f 6544 6550 6545
f 6550 6551 6552
f 6550 6544 6551
f 6544 6546 6551
f 6266 6275 6551
f 6546 6266 6551
f 6548 6553 6281
f 6273 6548 6281
f 6554 6548 6549
f 6554 6555 6548
f 6555 6553 6548
f 6554 6556 6555
f 6557 6552 6551
f 6558 6552 6557
f 6275 6283 6557
f 6551 6275 6557
f 6281 6553 6286
f 6288 6286 6553
f 6288 6553 6559
f 6559 6553 6555
f 6560 6555 6556
f 6559 6555 6560
f 6561 6558 6557
f 6562 6558 6561
f 6283 6290 6561
f 6557 6283 6561
f 6288 6559 6293
f 6295 6563 6564
f 6293 6563 6295
f 6293 6560 6563
f 6293 6559 6560
f 6563 6565 6564
f 6566 6562 6561
f 6567 6562 6566
f 6290 6297 6566
f 6561 6290 6566
f 6295 6564 6300
f 6564 6302 6300
f 6564 6565 6302
f 6565 6568 6302
f 6566 6569 6567
f 6569 6566 6297
f 6569 6297 6570
f 6570 6297 6304
f 6571 6572 6307
f 6571 6307 6568
f 6568 6307 6302
f 6571 6573 6572
f 6574 6304 6308
f 6574 6575 6304
f 6575 6570 6304
f 6308 6310 6574
f 6307 6572 6311
f 6572 6573 6576
f 6572 6576 6311
f 6311 6576 6312
f 6313 6312 6577
f 6312 6576 6577
f 6314 6313 6578
f 6313 6577 6578
f 6579 6578 6580
f 6579 6315 6578
f 6315 6314 6578
f 6315 6579 6316
f 6581 6575 6574
f 6582 6575 6581
f 6310 6318 6581
f 6574 6310 6581
f 6579 6580 6583
f 6316 6579 6583
f 6316 6583 6319
f 6319 6583 6584
f 6320 6319 6585
f 6319 6584 6585
f 6585 6321 6320
f 6586 6321 6585
f 6587 6582 6581
f 6588 6582 6587
f 6318 6322 6587
f 6581 6318 6587
f 6321 6586 6589
f 6323 6321 6589
f 6589 6324 6323
f 6590 6324 6589
f 6326 6588 6587
f 6326 6325 6588
f 6325 6591 6588
f 6322 6326 6587
f 6592 6327 6324
f 6592 6324 6593
f 6593 6324 6590
f 6327 6592 6328
f 6325 6329 6591
f 6591 6329 6594
f 6592 6593 6595
f 6595 6328 6592
f 6595 6596 6328
f 6596 6331 6328
f 6329 6333 6594
f 6594 6333 6597
f 6331 6596 6598
f 6334 6331 6598
f 6335 6334 6599
f 6334 6598 6599
f 6599 6336 6335
f 6600 6336 6599
f 6338 6337 6601
f 6338 6601 6602
f 6338 6602 6333
f 6333 6602 6597
f 6603 6604 6605
f 6603 6600 6604
f 6603 6339 6600
f 6339 6336 6600
f 6337 6340 6601
f 6601 6340 6342
f 6601 6342 6602
f 6602 6342 6606
f 6603 6605 6607
f 6607 6339 6603
f 6607 6608 6339
f 6608 6344 6339
f 6346 6609 6610
f 6345 6609 6346
f 6606 6342 6346
f 6610 6606 6346
f 6344 6608 6347
f 6608 6611 6347
f 6345 6348 6609
f 6609 6348 6612
f 6613 6349 6347
f 6613 6347 6614
f 6614 6347 6611
f 6349 6613 6350
f 6348 6351 6612
f 6612 6351 6615
f 6352 6613 6614
f 6352 6614 6353
f 6353 6614 6616
f 6350 6613 6352
f 6351 6617 6615
f 6354 6617 6351
f 6617 6354 6355
f 6618 6617 6355
f 6353 6616 6356
f 6616 6619 6356
f 6355 6357 6618
f 6618 6357 6620
f 6356 6619 6358
f 6619 6621 6358
f 6357 6359 6620
f 6620 6359 6622
f 6358 6621 6360
f 6621 6623 6360
f 6359 6361 6622
f 6622 6361 6624
f 6360 6623 6362
f 6623 6625 6362
f 6361 6363 6624
f 6624 6363 6626
f 6627 6628 6629
f 6627 6625 6628
f 6627 6364 6625
f 6364 6362 6625
f 6363 6630 6626
f 6365 6630 6363
f 6630 6365 6366
f 6631 6630 6366
f 6368 6627 6629
f 6368 6629 6369
f 6369 6629 6632
f 6364 6627 6368
f 6366 6370 6631
f 6631 6370 6633
f 6369 6632 6371
f 6632 6634 6371
f 6370 6372 6633
f 6633 6372 6635
f 6636 6637 6638
f 6636 6634 6637
f 6636 6373 6634
f 6373 6371 6634
f 6372 6374 6635
f 6635 6374 6639
f 6375 6636 6638
f 6375 6638 6376
f 6376 6638 6640
f 6373 6636 6375
f 6374 6377 6639
f 6639 6377 6641
f 6378 6642 6643
f 6379 6378 6643
f 6640 6378 6376
f 6642 6378 6640
f 6377 6644 6641
f 6380 6644 6377
f 6644 6380 6381
f 6645 6644 6381
f 6383 6646 6647
f 6384 6383 6647
f 6643 6383 6379
f 6646 6383 6643
f 6381 6386 6645
f 6645 6386 6648
f 6388 6649 6650
f 6389 6388 6650
f 6647 6388 6384
f 6649 6388 6647
f 6386 6651 6648
f 6390 6651 6386
f 6651 6390 6392
f 6652 6651 6392
f 6653 6393 6389
f 6653 6389 6654
f 6654 6389 6650
f 6655 6393 6653
f 6655 6656 6393
f 6656 6394 6393
f 6395 6394 6657
f 6394 6656 6657
f 6658 6657 6659
f 6658 6396 6657
f 6396 6395 6657
f 6396 6660 6397
f 6658 6660 6396
f 6397 6660 6398
f 6392 6661 6652
f 6399 6661 6392
f 6662 6663 6661
f 6662 6661 6400
f 6400 6661 6399
f 6400 6401 6662
f 6653 6654 6664
f 6655 6653 6664
f 6658 6659 6665
f 6660 6658 6665
f 6666 6660 6665
f 6667 6666 6668
f 6402 6666 6667
f 6402 6660 6666
f 6402 6398 6660
f 6402 6667 6403
f 6662 6669 6663
f 6401 6669 6662
f 6401 6404 6669
f 6404 6670 6669
f 6405 6671 6404
f 6404 6671 6670
f 6406 6672 6673
f 6406 6673 6405
f 6405 6673 6671
f 6673 6672 6674
f 6667 6668 6675
f 6675 6403 6667
f 6675 6676 6403
f 6676 6407 6403
f 6409 6408 6677
f 6678 6409 6677
f 6678 6679 6409
f 6679 6410 6409
f 6411 6410 6680
f 6410 6679 6680
f 6681 6680 6682
f 6681 6412 6680
f 6412 6411 6680
f 6412 6681 6413
f 6672 6683 6684
f 6672 6406 6683
f 6406 6414 6683
f 6674 6672 6684
f 6407 6676 6685
f 6415 6407 6685
f 6685 6416 6415
f 6686 6416 6685
f 6677 6687 6688
f 6677 6408 6687
f 6408 6417 6687
f 6678 6677 6688
f 6681 6682 6689
f 6413 6681 6689
f 6413 6689 6418
f 6418 6689 6690
f 6683 6414 6418
f 6690 6683 6418
f 6416 6686 6691
f 6419 6416 6691
f 6420 6419 6692
f 6419 6691 6692
f 6692 6422 6420
f 6693 6422 6692
f 6417 6423 6687
f 6687 6423 6694
f 6695 6424 6422
f 6695 6422 6696
f 6696 6422 6693
f 6424 6697 6425
f 6695 6697 6424
f 6425 6697 6426
f 6428 6698 6699
f 6427 6698 6428
f 6694 6423 6428
f 6699 6694 6428
f 6695 6696 6700
f 6697 6695 6700
f 6701 6697 6700
f 6702 6701 6703
f 6429 6701 6702
f 6429 6697 6701
f 6429 6426 6697
f 6429 6702 6430
f 6427 6431 6698
f 6698 6431 6704
f 6702 6703 6705
f 6706 6705 6707
f 6432 6705 6706
f 6432 6702 6705
f 6432 6430 6702
f 6432 6706 6433
f 6431 6434 6704
f 6704 6434 6708
f 6709 6706 6707
f 6710 6709 6707
f 6433 6709 6435
f 6706 6709 6433
f 6437 6711 6712
f 6436 6711 6437
f 6708 6434 6437
f 6712 6708 6437
f 6713 6714 6715
f 6714 6713 6716
f 6717 6709 6710
f 6718 6717 6710
f 6435 6717 6438
f 6709 6717 6435
f 6440 6719 6720
f 6439 6719 6440
f 6441 6440 6721
f 6440 6720 6721
f 6442 6441 6722
f 6441 6721 6722
f 6711 6436 6442
f 6722 6711 6442
f 6444 6713 6715
f 6444 6715 6445
f 6445 6715 6723
f 6446 6724 6725
f 6444 6446 6725
f 6444 6725 6716
f 6444 6716 6713
f 6725 6724 6726
f 6727 6728 6729
f 6718 6728 6727
f 6717 6718 6727
f 6717 6727 6448
f 6717 6448 6447
f 6438 6717 6447
f 6450 6730 6731
f 6449 6730 6450
f 6719 6439 6450
f 6731 6719 6450
f 6445 6723 6451
f 6723 6732 6451
f 6446 6452 6724
f 6724 6733 6726
f 6724 6452 6733
f 6452 6453 6733
f 6454 6734 6453
f 6453 6734 6733
f 6455 6735 6454
f 6454 6735 6734
f 6729 6456 6727
f 6729 6735 6456
f 6735 6455 6456
f 6448 6727 6456
f 6449 6457 6730
f 6730 6457 6736
f 6737 6738 6739
f 6737 6732 6738
f 6737 6458 6732
f 6458 6451 6732
f 6457 6459 6736
f 6736 6459 6740
f 6737 6739 6741
f 6741 6458 6737
f 6741 6742 6458
f 6742 6460 6458
f 6459 6461 6740
f 6740 6461 6743
f 6460 6742 6462
f 6742 6744 6462
f 6461 6463 6743
f 6743 6463 6745
f 6462 6744 6464
f 6744 6746 6464
f 6463 6747 6745
f 6465 6747 6463
f 6747 6465 6466
f 6748 6747 6466
f 6464 6746 6467
f 6746 6749 6467
f 6466 6750 6748
f 6468 6750 6466
f 6469 6751 6752
f 6469 6752 6468
f 6468 6752 6750
f 6752 6751 6753
f 6467 6749 6754
f 6470 6467 6754
f 6471 6470 6755
f 6470 6754 6755
f 6472 6471 6756
f 6471 6755 6756
f 6473 6472 6757
f 6472 6756 6757
f 6474 6473 6758
f 6473 6757 6758
f 6475 6474 6759
f 6474 6758 6759
f 6759 6476 6475
f 6760 6476 6759
f 6469 6477 6751
f 6751 6477 6478
f 6751 6478 6753
f 6753 6478 6761
f 6762 6763 6764
f 6762 6480 6479
f 6762 6479 6763
f 6763 6479 6765
f 6481 6766 6479
f 6479 6766 6765
f 6760 6481 6476
f 6766 6481 6760
f 6478 6767 6761
f 6482 6767 6478
f 6767 6482 6483
f 6768 6767 6483
f 6769 6770 6771
f 6769 6485 6484
f 6769 6484 6770
f 6770 6484 6772
f 6486 6773 6484
f 6484 6773 6772
f 6764 6487 6762
f 6764 6773 6487
f 6773 6486 6487
f 6480 6762 6487
f 6483 6774 6768
f 6488 6774 6483
f 6774 6488 6489
f 6775 6774 6489
f 6769 6771 6776
f 6776 6485 6769
f 6776 6777 6485
f 6777 6490 6485
f 6489 6778 6775
f 6491 6778 6489
f 6778 6491 6492
f 6779 6778 6492
f 6490 6777 6493
f 6777 6780 6493
f 6492 6781 6779
f 6494 6781 6492
f 6781 6494 6495
f 6782 6781 6495
f 6783 6784 6785
f 6783 6780 6784
f 6783 6496 6780
f 6496 6493 6780
f 6495 6786 6782
f 6497 6786 6495
f 6786 6497 6498
f 6787 6786 6498
f 6499 6783 6785
f 6499 6785 6500
f 6500 6785 6788
f 6496 6783 6499
f 6498 6789 6787
f 6501 6789 6498
f 6502 6790 6791
f 6502 6791 6501
f 6501 6791 6789
f 6791 6790 6792
f 6793 6794 6795
f 6793 6788 6794
f 6793 6503 6788
f 6503 6500 6788
f 6502 6504 6790
f 6790 6796 6792
f 6790 6504 6796
f 6504 6505 6796
f 6506 6797 6505
f 6505 6797 6796
f 6797 6506 6507
f 6798 6797 6507
f 6508 6799 6800
f 6509 6508 6800
f 6795 6510 6793
f 6795 6799 6510
f 6799 6508 6510
f 6503 6793 6510
f 6507 6801 6798
f 6511 6801 6507
f 6512 6802 6511
f 6511 6802 6801
f 6513 6803 6512
f 6512 6803 6802
f 6803 6513 6514
f 6804 6803 6514
f 6515 6805 6806
f 6516 6515 6806
f 6800 6515 6509
f 6805 6515 6800
f 6514 6807 6804
f 6517 6807 6514
f 6518 6808 6517
f 6517 6808 6807
f 6519 6809 6518
f 6518 6809 6808
f 6520 6810 6519
f 6519 6810 6809
f 6521 6811 6520
f 6520 6811 6810
f 6522 6812 6521
f 6521 6812 6811
f 6523 6813 6522
f 6522 6813 6812
f 6806 6523 6516
f 6813 6523 6806
f 6814 6815 6816
f 6814 6817 6818
f 6816 6817 6814
f 6817 6819 6818
f 6820 6821 6822
f 6820 6823 6824
f 6822 6823 6820
f 6824 6825 6826
f 6823 6825 6824
f 6815 6826 6825
f 6815 6814 6826
f 6814 6827 6826
f 6818 6828 6814
f 6828 6827 6814
f 6829 6818 6819
f 6829 6830 6818
f 6830 6828 6818
f 6829 6831 6830
f 6832 6821 6820
f 6833 6821 6832
f 6824 6834 6820
f 6834 6832 6820
f 6826 6835 6824
f 6835 6834 6824
f 6827 6836 6826
f 6836 6835 6826
f 6828 6837 6827
f 6837 6836 6827
f 6830 6838 6828
f 6838 6837 6828
f 6839 6830 6831
f 6838 6830 6839
f 6832 6840 6833
f 6840 6841 6842
f 6840 6832 6841
f 6832 6834 6841
f 6835 6843 6834
f 6843 6841 6834
f 6836 6844 6835
f 6844 6843 6835
f 6837 6845 6836
f 6845 6844 6836
f 6838 6846 6837
f 6846 6845 6837
f 6847 6838 6839
f 6846 6838 6847
f 6848 6842 6841
f 6849 6842 6848
f 6843 6850 6841
f 6850 6848 6841
f 6844 6851 6843
f 6851 6850 6843
f 6525 6524 6851
f 6525 6851 6845
f 6845 6851 6844
f 6526 6525 6845
f 6846 6526 6845
f 6846 6847 6852
f 6846 6852 6526
f 6526 6852 6527
f 6528 6527 6853
f 6527 6852 6853
f 6530 6528 6854
f 6528 6853 6854
f 6532 6855 6856
f 6532 6530 6855
f 6530 6854 6855
f 6855 6857 6856
f 6535 6849 6848
f 6535 6534 6849
f 6534 6858 6849
f 6536 6535 6848
f 6850 6536 6848
f 6537 6536 6850
f 6851 6537 6850
f 6524 6537 6851
f 6856 6859 6539
f 6532 6856 6539
f 6860 6856 6857
f 6859 6856 6860
f 6861 6862 6863
f 6861 6863 6858
f 6861 6858 6541
f 6541 6858 6534
f 6859 6864 6543
f 6539 6859 6543
f 6865 6859 6860
f 6864 6859 6865
f 6866 6862 6861
f 6867 6862 6866
f 6541 6545 6866
f 6861 6541 6866
f 6543 6864 6547
f 6549 6868 6869
f 6547 6868 6549
f 6547 6865 6868
f 6547 6864 6865
f 6868 6870 6869
f 6871 6867 6866
f 6872 6867 6871
f 6545 6550 6873
f 6545 6873 6866
f 6866 6873 6871
f 6550 6552 6873
f 6549 6869 6554
f 6869 6556 6554
f 6869 6870 6556
f 6870 6874 6556
f 6871 6875 6872
f 6875 6876 6877
f 6875 6871 6876
f 6871 6873 6876
f 6552 6558 6876
f 6873 6552 6876
f 6878 6879 6560
f 6878 6560 6874
f 6874 6560 6556
f 6878 6880 6879
f 6881 6877 6876
f 6882 6877 6881
f 6558 6562 6881
f 6876 6558 6881
f 6560 6879 6563
f 6879 6565 6563
f 6879 6880 6565
f 6880 6883 6565
f 6881 6884 6882
f 6884 6881 6562
f 6884 6562 6885
f 6885 6562 6567
f 6886 6887 6568
f 6886 6568 6883
f 6883 6568 6565
f 6886 6888 6887
f 6889 6567 6569
f 6889 6890 6567
f 6890 6885 6567
f 6569 6570 6889
f 6568 6887 6571
f 6887 6573 6571
f 6887 6888 6573
f 6888 6891 6573
f 6892 6890 6889
f 6893 6890 6892
f 6570 6575 6892
f 6889 6570 6892
f 6573 6891 6894
f 6576 6573 6894
f 6577 6576 6895
f 6576 6894 6895
f 6578 6577 6896
f 6577 6895 6896
f 6896 6580 6578
f 6897 6580 6896
f 6892 6898 6893
f 6898 6892 6575
f 6898 6575 6899
f 6899 6575 6582
f 6580 6897 6900
f 6583 6580 6900
f 6584 6583 6901
f 6583 6900 6901
f 6902 6901 6903
f 6902 6585 6901
f 6585 6584 6901
f 6585 6902 6586
f 6582 6588 6899
f 6899 6588 6904
f 6902 6903 6905
f 6906 6905 6907
f 6589 6905 6906
f 6589 6902 6905
f 6589 6586 6902
f 6589 6906 6590
f 6588 6591 6904
f 6904 6591 6908
f 6906 6907 6909
f 6909 6590 6906
f 6909 6910 6590
f 6910 6593 6590
f 6591 6594 6908
f 6908 6594 6911
f 6912 6595 6593
f 6912 6593 6913
f 6913 6593 6910
f 6595 6912 6596
f 6594 6597 6911
f 6911 6597 6914
f 6912 6913 6915
f 6596 6912 6915
f 6596 6915 6598
f 6598 6915 6916
f 6917 6916 6918
f 6917 6599 6916
f 6599 6598 6916
f 6599 6917 6600
f 6597 6602 6914
f 6914 6602 6919
f 6604 6917 6918
f 6604 6918 6605
f 6605 6918 6920
f 6600 6917 6604
f 6602 6606 6919
f 6919 6606 6921
f 6605 6920 6922
f 6607 6605 6922
f 6922 6608 6607
f 6923 6608 6922
f 6610 6924 6925
f 6609 6924 6610
f 6921 6606 6610
f 6925 6921 6610
f 6926 6927 6928
f 6926 6923 6927
f 6926 6611 6923
f 6611 6608 6923
f 6929 6612 6930
f 6929 6924 6612
f 6924 6609 6612
f 6929 6930 6931
f 6926 6928 6932
f 6932 6611 6926
f 6932 6933 6611
f 6933 6614 6611
f 6930 6615 6934
f 6612 6615 6930
f 6935 6931 6930
f 6934 6935 6930
f 6936 6937 6938
f 6936 6933 6937
f 6936 6616 6933
f 6616 6614 6933
f 6615 6617 6934
f 6934 6617 6618
f 6934 6618 6935
f 6935 6618 6939
f 6940 6936 6938
f 6941 6940 6938
f 6616 6940 6619
f 6936 6940 6616
f 6618 6620 6939
f 6939 6620 6942
f 6943 6940 6941
f 6944 6943 6941
f 6619 6943 6621
f 6940 6943 6619
f 6620 6622 6942
f 6942 6622 6945
f 6946 6943 6944
f 6947 6946 6944
f 6621 6946 6623
f 6943 6946 6621
f 6948 6624 6949
f 6948 6945 6624
f 6945 6622 6624
f 6948 6949 6950
f 6951 6946 6947
f 6952 6951 6947
f 6623 6951 6625
f 6946 6951 6623
f 6949 6626 6953
f 6624 6626 6949
f 6954 6950 6949
f 6953 6954 6949
f 6628 6951 6952
f 6628 6952 6629
f 6629 6952 6955
f 6625 6951 6628
f 6626 6630 6953
f 6953 6630 6631
f 6953 6631 6954
f 6954 6631 6956
f 6629 6955 6632
f 6955 6957 6632
f 6631 6633 6956
f 6956 6633 6958
f 6959 6960 6961
f 6959 6957 6960
f 6959 6634 6957
f 6634 6632 6957
f 6633 6635 6958
f 6958 6635 6962
f 6637 6959 6961
f 6637 6961 6638
f 6638 6961 6963
f 6634 6959 6637
f 6635 6639 6962
f 6962 6639 6964
f 6965 6966 6967
f 6965 6963 6966
f 6965 6640 6963
f 6640 6638 6963
f 6639 6641 6964
f 6964 6641 6968
f 6969 6970 6971
f 6967 6970 6969
f 6965 6967 6969
f 6965 6969 6643
f 6965 6643 6642
f 6640 6965 6642
f 6641 6972 6968
f 6644 6972 6641
f 6972 6644 6645
f 6973 6972 6645
f 6974 6975 6976
f 6971 6975 6974
f 6969 6971 6974
f 6969 6974 6647
f 6969 6647 6646
f 6643 6969 6646
f 6645 6648 6973
f 6973 6648 6977
f 6978 6979 6980
f 6976 6979 6978
f 6974 6976 6978
f 6974 6978 6650
f 6974 6650 6649
f 6647 6974 6649
f 6648 6981 6977
f 6651 6981 6648
f 6981 6651 6652
f 6982 6981 6652
f 6983 6978 6980
f 6984 6983 6980
f 6650 6983 6654
f 6978 6983 6650
f 6656 6655 6985
f 6656 6986 6657
f 6985 6986 6656
f 6657 6986 6659
f 6652 6987 6982
f 6661 6987 6652
f 6987 6661 6663
f 6988 6987 6663
f 6983 6984 6989
f 6654 6983 6989
f 6654 6989 6664
f 6664 6989 6990
f 6985 6655 6664
f 6985 6664 6991
f 6991 6664 6990
f 6986 6985 6991
f 6992 6986 6991
f 6659 6986 6992
f 6659 6992 6665
f 6665 6992 6993
f 6666 6665 6994
f 6665 6993 6994
f 6994 6668 6666
f 6995 6668 6994
f 6663 6996 6988
f 6669 6996 6663
f 6670 6997 6669
f 6669 6997 6996
f 6671 6998 6670
f 6670 6998 6997
f 6999 7000 6998
f 6999 6998 6673
f 6673 6998 6671
f 6999 6673 6674
f 7001 6675 6668
f 7001 6668 7002
f 7002 6668 6995
f 6675 7001 6676
f 6679 6678 7003
f 7004 6679 7003
f 7004 7005 6679
f 7005 6680 6679
f 6682 7006 7007
f 6682 6680 7006
f 6680 7005 7006
f 7006 7008 7007
f 6684 7000 6999
f 6684 6683 7000
f 6683 7009 7000
f 6684 6999 6674
f 7001 7002 7010
f 7011 7010 7012
f 6685 7010 7011
f 6685 7001 7010
f 6685 6676 7001
f 6685 7011 6686
f 6688 6687 7013
f 6688 7013 7014
f 6678 6688 7014
f 6678 7014 7015
f 6678 7015 7003
f 7004 7003 7015
f 6682 7007 6689
f 7007 7008 7016
f 7007 7016 6689
f 6689 7016 6690
f 7009 6683 6690
f 7016 7009 6690
f 7011 7012 7017
f 6686 7011 7017
f 6686 7017 6691
f 6691 7017 7018
f 7019 7018 7020
f 7019 6692 7018
f 6692 6691 7018
f 6692 7019 6693
f 7013 7021 7022
f 7013 6687 7021
f 6687 6694 7021
f 7014 7013 7022
f 7023 7019 7020
f 7024 7023 7020
f 6693 7023 6696
f 7019 7023 6693
f 6699 6698 7025
f 6699 7025 7026
f 6699 7026 6694
f 6694 7026 7021
f 7023 7024 7027
f 7028 7027 7029
f 6700 7027 7028
f 6700 7023 7027
f 6700 6696 7023
f 6700 7030 6701
f 7028 7030 6700
f 6701 7030 6703
f 7025 7031 7032
f 7025 6698 7031
f 6698 6704 7031
f 7026 7025 7032
f 7028 7029 7033
f 7030 7028 7033
f 7034 7030 7033
f 7035 7034 7036
f 6705 7034 7035
f 6705 7030 7034
f 6705 6703 7030
f 6705 7035 6707
f 6704 6708 7031
f 7031 6708 7037
f 7038 7039 7040
f 7039 7038 7041
f 7042 7035 7036
f 7043 7042 7036
f 6707 7042 6710
f 7035 7042 6707
f 6712 6711 7044
f 6712 7044 7045
f 6712 7045 6708
f 6708 7045 7037
f 6714 7046 7047
f 6715 6714 7047
f 6716 7048 7038
f 6716 7038 7046
f 6716 7046 6714
f 7046 7038 7040
f 7049 7041 7038
f 7049 7038 7050
f 7050 7038 7048
f 7049 7050 7051
f 7052 7042 7043
f 7053 7052 7043
f 6710 7052 6718
f 7042 7052 6710
f 6720 7054 7055
f 6719 7054 6720
f 6721 6720 7056
f 6720 7055 7056
f 6722 6721 7057
f 6721 7056 7057
f 7044 6711 6722
f 7044 6722 7058
f 7058 6722 7057
f 7045 7044 7058
f 6715 7047 6723
f 7047 7059 6723
f 6716 6725 7048
f 6726 7048 6725
f 6726 7060 7048
f 7060 7050 7048
f 7061 7051 7050
f 7061 7050 7062
f 7062 7050 7060
f 7062 7063 7064
f 7061 7062 7064
f 7053 7064 7063
f 7052 7053 7063
f 7052 7063 6729
f 7052 6729 6728
f 6718 7052 6728
f 6731 7065 7066
f 6730 7065 6731
f 7054 6719 6731
f 7066 7054 6731
f 6723 7059 6732
f 7059 7067 6732
f 6726 6733 7060
f 6734 7060 6733
f 7062 7060 6734
f 6735 7062 6734
f 7063 7062 6735
f 6729 7063 6735
f 6730 6736 7065
f 7065 6736 7068
f 6738 7069 6739
f 6738 7070 7069
f 6738 6732 7070
f 6732 7067 7070
f 6736 6740 7068
f 7068 6740 7071
f 7072 6741 7073
f 6741 6739 7073
f 7073 6739 7069
f 7074 7073 7069
f 7069 7070 7074
f 6741 7072 6742
f 6740 6743 7071
f 7071 6743 7075
f 7072 7073 7076
f 7076 6742 7072
f 7076 7077 6742
f 7077 6744 6742
f 6743 6745 7075
f 7075 6745 7078
f 6744 7077 6746
f 7077 7079 6746
f 6745 7080 7078
f 6747 7080 6745
f 7080 6747 6748
f 7081 7080 6748
f 6746 7079 6749
f 7079 7082 6749
f 6748 7083 7081
f 6750 7083 6748
f 6752 7084 6750
f 6750 7084 7083
f 7084 6752 6753
f 7085 7084 6753
f 6749 7082 7086
f 6754 6749 7086
f 6755 6754 7087
f 6754 7086 7087
f 6756 6755 7088
f 6755 7087 7088
f 6757 6756 7089
f 6756 7088 7089
f 6758 6757 7090
f 6757 7089 7090
f 7091 7090 7092
f 7091 6759 7090
f 6759 6758 7090
f 6759 7091 6760
f 7093 6761 7094
f 7093 7085 6761
f 7085 6753 6761
f 7093 7094 7095
f 6763 7096 7097
f 6764 6763 7097
f 6765 7098 6763
f 6763 7098 7096
f 7092 6766 7091
f 7092 7098 6766
f 7098 6765 6766
f 6760 7091 6766
f 6761 6767 7094
f 7094 6767 6768
f 7094 6768 7095
f 7095 6768 7099
f 6770 7100 7101
f 6771 6770 7101
f 6772 7102 6770
f 6770 7102 7100
f 6773 7103 6772
f 6772 7103 7102
f 7097 6773 6764
f 7103 6773 7097
f 6768 7104 7099
f 6774 7104 6768
f 7104 6774 6775
f 7105 7104 6775
f 7106 6776 6771
f 7106 6771 7107
f 7107 6771 7101
f 6776 7106 6777
f 6775 7108 7105
f 6778 7108 6775
f 7108 6778 6779
f 7109 7108 6779
f 7110 7106 7107
f 7111 7110 7107
f 6777 7110 6780
f 7106 7110 6777
f 6779 7112 7109
f 6781 7112 6779
f 7112 6781 6782
f 7113 7112 6782
f 6784 7110 7111
f 6784 7111 6785
f 6785 7111 7114
f 6780 7110 6784
f 6782 7115 7113
f 6786 7115 6782
f 7115 6786 6787
f 7116 7115 6787
f 7117 7118 7119
f 7117 7114 7118
f 7117 6788 7114
f 6788 6785 7114
f 6787 7120 7116
f 6789 7120 6787
f 6791 7121 6789
f 6789 7121 7120
f 7121 6791 6792
f 7122 7121 6792
f 7123 7124 7125
f 7119 7124 7123
f 7117 7119 7123
f 7117 7123 6795
f 7117 6795 6794
f 6788 7117 6794
f 6792 7126 7122
f 6796 7126 6792
f 6797 7127 6796
f 6796 7127 7126
f 7127 6797 6798
f 7128 7127 6798
f 7129 7130 7131
f 7125 7130 7129
f 7123 7125 7129
f 7123 7129 6800
f 7123 6800 6799
f 6795 7123 6799
f 6798 7132 7128
f 6801 7132 6798
f 6802 7133 6801
f 6801 7133 7132
f 6803 7134 6802
f 6802 7134 7133
f 6804 7135 7136
f 6804 7136 6803
f 6803 7136 7134
f 7136 7135 7137
f 6805 7129 7131
f 6805 7131 6806
f 6806 7131 7138
f 6800 7129 6805
f 6804 6807 7135
f 7135 7139 7137
f 7135 6807 7139
f 6807 6808 7139
f 6809 7140 6808
f 6808 7140 7139
f 6810 7141 6809
f 6809 7141 7140
f 6811 7142 6810
f 6810 7142 7141
f 6812 7143 6811
f 6811 7143 7142
f 6813 7144 6812
f 6812 7144 7143
f 7138 6813 6806
f 7144 6813 7138
f 6816 7145 7146
f 6815 7145 6816
f 6817 6816 7147
f 6816 7146 7147
f 6819 7148 7149
f 6819 6817 7148
f 6817 7147 7148
f 7148 7150 7149
f 7151 7152 7153
f 7151 6822 6821
f 7151 7153 6822
f 7153 7154 6822
f 6823 6822 7155
f 6822 7154 7155
f 6825 6823 7156
f 6823 7155 7156
f 7145 6815 6825
f 7156 7145 6825
f 6819 7149 6829
f 6831 7157 7158
f 6829 7157 6831
f 6829 7150 7157
f 6829 7149 7150
f 7157 7159 7158
f 7160 7152 7151
f 7161 7152 7160
f 6821 6833 7160
f 7151 6821 7160
f 7158 7162 6839
f 6831 7158 6839
f 7163 7158 7159
f 7162 7158 7163
f 7164 7161 7160
f 7165 7161 7164
f 6833 6840 7166
f 6833 7166 7160
f 7160 7166 7164
f 6840 6842 7166
f 7162 7167 6847
f 6839 7162 6847
f 7168 7162 7163
f 7167 7162 7168
f 7164 7169 7165
f 7169 7170 7171
f 7169 7164 7170
f 7164 7166 7170
f 6842 6849 7170
f 7166 6842 7170
f 6847 7167 6852
f 7167 7168 7172
f 7167 7172 6852
f 6852 7172 6853
f 6854 6853 7173
f 6853 7172 7173
f 6855 6854 7174
f 6854 7173 7174
f 7174 6857 6855
f 7175 6857 7174
f 7176 7171 7170
f 7177 7171 7176
f 6849 6858 7176
f 7170 6849 7176
f 7178 7179 6860
f 7178 6860 7175
f 7175 6860 6857
f 7178 7180 7179
f 6863 7177 7176
f 6863 6862 7177
f 6862 7181 7177
f 6858 6863 7176
f 7179 7182 6865
f 6860 7179 6865
f 7183 7179 7180
f 7182 7179 7183
f 7184 7185 7186
f 7184 7186 7181
f 7184 7181 6867
f 6867 7181 6862
f 6865 7182 6868
f 7182 6870 6868
f 7182 7183 6870
f 7183 7187 6870
f 7188 7185 7184
f 7189 7185 7188
f 6867 6872 7188
f 7184 6867 7188
f 7190 7191 6874
f 7190 6874 7187
f 7187 6874 6870
f 7190 7192 7191
f 7188 7193 7189
f 7194 7195 7193
f 6875 7194 7193
f 6875 7193 7188
f 6875 7188 6872
f 6875 6877 7194
f 6874 7191 6878
f 7191 6880 6878
f 7191 7192 6880
f 7192 7196 6880
f 7194 7197 7195
f 7197 7194 6877
f 7197 6877 7198
f 7198 6877 6882
f 7199 7200 6883
f 7199 6883 7196
f 7196 6883 6880
f 7199 7201 7200
f 7202 6882 6884
f 7202 7203 6882
f 7203 7198 6882
f 6884 6885 7202
f 6883 7200 6886
f 7200 6888 6886
f 7200 7201 6888
f 7201 7204 6888
f 7202 7205 7203
f 7205 7202 6885
f 7205 6885 7206
f 7206 6885 6890
f 7207 7208 6891
f 7207 6891 7204
f 7204 6891 6888
f 7207 7209 7208
f 6890 6893 7206
f 7206 6893 7210
f 6891 7208 6894
f 7208 7209 7211
f 7208 7211 6894
f 6894 7211 6895
f 7212 7211 7213
f 7212 6896 7211
f 6896 6895 7211
f 6896 7212 6897
f 7214 6893 6898
f 7214 7215 6893
f 7215 7210 6893
f 6898 6899 7214
f 7212 7213 7216
f 6897 7212 7216
f 6897 7216 6900
f 6900 7216 7217
f 6901 6900 7218
f 6900 7217 7218
f 7218 6903 6901
f 7219 6903 7218
f 7214 7220 7215
f 7220 7214 6899
f 7220 6899 7221
f 7221 6899 6904
f 6903 7219 7222
f 6905 6903 7222
f 7222 6907 6905
f 7223 6907 7222
f 6904 6908 7221
f 7221 6908 7224
f 7225 6909 6907
f 7225 6907 7226
f 7226 6907 7223
f 6909 7225 6910
f 7227 6911 7228
f 7227 7224 6911
f 7224 6908 6911
f 7227 7228 7229
f 7225 7226 7230
f 7230 6910 7225
f 7230 7231 6910
f 7231 6913 6910
f 7228 7232 7233
f 7228 6911 7232
f 6911 6914 7232
f 7229 7228 7233
f 7234 6915 6913
f 7234 6913 7235
f 7235 6913 7231
f 7236 6915 7234
f 7236 7237 6915
f 7237 6916 6915
f 7237 6918 6916
f 7238 6918 7237
f 6914 6919 7232
f 7232 6919 7239
f 7234 7235 7240
f 7236 7234 7240
f 6918 7238 6920
f 7238 7241 6920
f 6919 6921 7239
f 7239 6921 7242
f 7243 6922 6920
f 7243 6920 7244
f 7244 6920 7241
f 6922 7243 6923
f 6925 6924 7245
f 6925 7245 7246
f 6925 7246 6921
f 6921 7246 7242
f 7247 7248 7244
f 7248 6928 7244
f 6927 7243 7244
f 6927 7244 6928
f 6927 6923 7243
f 7248 7247 7249
f 6924 6929 7245
f 7245 6929 6931
f 7245 6931 7246
f 7246 6931 7250
f 6928 7248 6932
f 7248 6933 6932
f 7248 7249 6933
f 7249 7251 6933
f 6931 6935 7250
f 7250 6935 7252
f 6937 7253 7254
f 6938 6937 7254
f 7251 6937 6933
f 7253 6937 7251
f 7255 6939 7256
f 7255 7252 6939
f 7252 6935 6939
f 7255 7256 7257
f 6938 7254 6941
f 7254 7258 6941
f 7256 6942 7259
f 6939 6942 7256
f 7260 7257 7256
f 7259 7260 7256
f 6941 7258 6944
f 7258 7261 6944
f 7259 6945 7262
f 6942 6945 7259
f 7263 7260 7259
f 7262 7263 7259
f 6944 7261 6947
f 7261 7264 6947
f 6945 6948 7262
f 7262 6948 6950
f 7262 6950 7263
f 7263 6950 7265
f 6947 7264 6952
f 7264 7266 6952
f 6950 6954 7265
f 7265 6954 7267
f 6952 7266 6955
f 7266 7268 6955
f 6954 6956 7267
f 7267 6956 7269
f 7270 7271 7272
f 7270 7268 7271
f 7270 6957 7268
f 6957 6955 7268
f 6956 6958 7269
f 7269 6958 7273
f 6960 7270 7272
f 6960 7272 6961
f 6961 7272 7274
f 6957 7270 6960
f 6958 6962 7273
f 7273 6962 7275
f 7276 7277 7278
f 7276 7274 7277
f 7276 6963 7274
f 6963 6961 7274
f 7279 6964 7280
f 7279 7275 6964
f 7275 6962 6964
f 7279 7280 7281
f 6966 7276 7278
f 6966 7278 6967
f 6967 7278 7282
f 6963 7276 6966
f 7280 6968 7283
f 6964 6968 7280
f 7284 7281 7280
f 7284 7280 7285
f 7285 7280 7283
f 7284 7285 7286
f 7287 7288 7289
f 7287 6971 6970
f 7287 6970 7288
f 7288 6970 7290
f 7282 6970 6967
f 7290 6970 7282
f 6968 6972 7283
f 6973 7283 6972
f 6973 7291 7283
f 7291 7285 7283
f 7292 7286 7285
f 7291 7292 7285
f 6975 7287 7289
f 6975 7289 6976
f 6976 7289 7293
f 6971 7287 6975
f 7291 6977 7294
f 6973 6977 7291
f 7295 7292 7291
f 7294 7295 7291
f 6979 7296 7297
f 6980 6979 7297
f 7293 6979 6976
f 7296 6979 7293
f 6977 6981 7294
f 7294 6981 6982
f 7294 6982 7295
f 7295 6982 7298
f 7299 7300 7301
f 7299 7302 7303
f 7300 7299 7303
f 7302 7297 7303
f 7302 6984 7297
f 6984 6980 7297
f 6982 7304 7298
f 6987 7304 6982
f 7304 6987 6988
f 7305 7304 6988
f 7306 7307 7308
f 7306 7309 7310
f 7307 7306 7310
f 7301 7310 7309
f 7301 7309 7299
f 7299 7309 7311
f 7312 7313 7302
f 7312 7302 7311
f 7311 7302 7299
f 6984 7302 7313
f 6984 7313 6989
f 6989 7313 7314
f 6990 6989 7315
f 6989 7314 7315
f 6991 6990 7316
f 6990 7315 7316
f 6992 6991 7317
f 6991 7316 7317
f 7318 7317 7319
f 7318 6993 7317
f 6993 6992 7317
f 6993 7320 6994
f 7318 7320 6993
f 6994 7320 6995
f 6988 7321 7305
f 6996 7321 6988
f 6997 7322 6996
f 6996 7322 7321
f 6998 7323 6997
f 6997 7323 7322
f 7323 6998 7000
f 7324 7323 7000
f 7325 7326 7327
f 7328 7306 7308
f 7327 7329 7325
f 7309 7306 7328
f 7330 7309 7328
f 7311 7309 7330
f 7331 7311 7330
f 7312 7311 7331
f 7318 7319 7332
f 7320 7318 7332
f 7333 7320 7332
f 7333 6995 7320
f 7333 7334 6995
f 7334 7002 6995
f 7335 7336 7337
f 7335 7005 7004
f 7335 7337 7005
f 7337 7338 7005
f 7006 7005 7339
f 7005 7338 7339
f 7339 7008 7006
f 7340 7008 7339
f 7341 7009 7342
f 7341 7324 7009
f 7324 7000 7009
f 7343 7341 7342
f 7326 7344 7327
f 7329 7327 7344
f 7345 7010 7002
f 7345 7002 7346
f 7346 7002 7334
f 7010 7345 7012
f 7015 7336 7335
f 7015 7014 7336
f 7014 7347 7336
f 7004 7015 7335
f 7008 7340 7348
f 7016 7008 7348
f 7342 7009 7016
f 7342 7016 7349
f 7349 7016 7348
f 7343 7342 7349
f 7345 7346 7350
f 7012 7345 7350
f 7012 7350 7017
f 7017 7350 7351
f 7352 7351 7353
f 7352 7018 7351
f 7018 7017 7351
f 7018 7352 7020
f 7022 7354 7355
f 7021 7354 7022
f 7347 7014 7022
f 7355 7347 7022
f 7352 7353 7356
f 7356 7020 7352
f 7356 7357 7020
f 7357 7024 7020
f 7021 7026 7354
f 7354 7026 7358
f 7024 7357 7359
f 7027 7024 7359
f 7359 7029 7027
f 7360 7029 7359
f 7032 7031 7361
f 7032 7361 7362
f 7032 7362 7026
f 7026 7362 7358
f 7363 7364 7365
f 7033 7363 7366
f 7033 7360 7363
f 7033 7029 7360
f 7364 7363 7360
f 7033 7367 7034
f 7366 7367 7033
f 7034 7367 7036
f 7361 7368 7369
f 7361 7031 7368
f 7031 7037 7368
f 7362 7361 7369
f 7039 7370 7371
f 7040 7039 7371
f 7041 7372 7363
f 7041 7363 7370
f 7041 7370 7039
f 7370 7363 7365
f 7366 7363 7373
f 7373 7363 7372
f 7367 7366 7374
f 7374 7366 7373
f 7036 7374 7043
f 7367 7374 7036
f 7037 7045 7368
f 7368 7045 7375
f 7046 7376 7377
f 7047 7046 7377
f 7371 7046 7040
f 7376 7046 7371
f 7041 7049 7372
f 7051 7372 7049
f 7051 7378 7372
f 7378 7373 7372
f 7374 7373 7379
f 7379 7373 7378
f 7043 7379 7053
f 7374 7379 7043
f 7055 7054 7380
f 7381 7055 7380
f 7381 7382 7055
f 7382 7056 7055
f 7057 7056 7383
f 7056 7382 7383
f 7058 7057 7384
f 7057 7383 7384
f 7375 7045 7058
f 7384 7375 7058
f 7047 7377 7059
f 7377 7385 7059
f 7051 7061 7378
f 7064 7378 7061
f 7379 7378 7064
f 7053 7379 7064
f 7066 7065 7386
f 7066 7386 7387
f 7054 7066 7387
f 7054 7387 7388
f 7054 7388 7380
f 7381 7380 7388
f 7059 7385 7067
f 7385 7389 7067
f 7386 7390 7391
f 7386 7065 7390
f 7065 7068 7390
f 7387 7386 7391
f 7392 7393 7394
f 7392 7389 7393
f 7392 7070 7389
f 7070 7067 7389
f 7068 7071 7390
f 7390 7071 7395
f 7074 7392 7394
f 7074 7394 7073
f 7073 7394 7396
f 7070 7392 7074
f 7071 7075 7395
f 7395 7075 7397
f 7073 7396 7398
f 7076 7073 7398
f 7398 7077 7076
f 7399 7077 7398
f 7075 7078 7397
f 7397 7078 7400
f 7077 7399 7079
f 7399 7401 7079
f 7078 7402 7400
f 7080 7402 7078
f 7081 7403 7404
f 7081 7404 7080
f 7080 7404 7402
f 7404 7403 7405
f 7079 7401 7082
f 7401 7406 7082
f 7081 7083 7403
f 7403 7407 7405
f 7403 7083 7407
f 7083 7084 7407
f 7407 7084 7085
f 7408 7407 7085
f 7082 7406 7409
f 7086 7082 7409
f 7087 7086 7410
f 7086 7409 7410
f 7088 7087 7411
f 7087 7410 7411
f 7089 7088 7412
f 7088 7411 7412
f 7090 7089 7413
f 7089 7412 7413
f 7413 7092 7090
f 7414 7092 7413
f 7085 7415 7408
f 7093 7415 7085
f 7415 7093 7095
f 7416 7415 7095
f 7417 7418 7419
f 7417 7097 7096
f 7417 7096 7418
f 7418 7096 7420
f 7098 7421 7096
f 7096 7421 7420
f 7414 7098 7092
f 7421 7098 7414
f 7422 7099 7423
f 7422 7416 7099
f 7416 7095 7099
f 7422 7423 7424
f 7425 7426 7427
f 7425 7101 7100
f 7425 7100 7426
f 7426 7100 7428
f 7102 7429 7100
f 7100 7429 7428
f 7419 7103 7417
f 7419 7429 7103
f 7429 7102 7103
f 7097 7417 7103
f 7099 7104 7423
f 7423 7104 7105
f 7423 7105 7424
f 7424 7105 7430
f 7431 7425 7427
f 7432 7431 7427
f 7101 7431 7107
f 7425 7431 7101
f 7105 7433 7430
f 7108 7433 7105
f 7433 7108 7109
f 7434 7433 7109
f 7435 7431 7432
f 7436 7435 7432
f 7107 7435 7111
f 7431 7435 7107
f 7109 7437 7434
f 7112 7437 7109
f 7437 7112 7113
f 7438 7437 7113
f 7439 7435 7436
f 7440 7439 7436
f 7111 7439 7114
f 7435 7439 7111
f 7113 7441 7438
f 7115 7441 7113
f 7441 7115 7116
f 7442 7441 7116
f 7443 7444 7445
f 7440 7444 7443
f 7439 7440 7443
f 7439 7443 7119
f 7439 7119 7118
f 7114 7439 7118
f 7116 7446 7442
f 7120 7446 7116
f 7121 7447 7120
f 7120 7447 7446
f 7447 7121 7122
f 7448 7447 7122
f 7124 7443 7445
f 7124 7445 7125
f 7125 7445 7449
f 7119 7443 7124
f 7122 7450 7448
f 7126 7450 7122
f 7127 7451 7126
f 7126 7451 7450
f 7128 7452 7453
f 7128 7453 7127
f 7127 7453 7451
f 7453 7452 7454
f 7130 7455 7456
f 7131 7130 7456
f 7449 7130 7125
f 7455 7130 7449
f 7128 7132 7452
f 7452 7457 7454
f 7452 7132 7457
f 7132 7133 7457
f 7134 7458 7133
f 7133 7458 7457
f 7136 7459 7134
f 7134 7459 7458
f 7137 7460 7461
f 7137 7461 7136
f 7136 7461 7459
f 7461 7460 7462
f 7131 7456 7138
f 7456 7463 7138
f 7137 7139 7460
f 7460 7464 7462
f 7460 7139 7464
f 7139 7140 7464
f 7141 7465 7140
f 7140 7465 7464
f 7142 7466 7141
f 7141 7466 7465
f 7143 7467 7142
f 7142 7467 7466
f 7144 7468 7143
f 7143 7468 7467
f 7463 7144 7138
f 7468 7144 7463
f 7146 7145 7469
f 7470 7146 7469
f 7470 7471 7146
f 7471 7147 7146
f 7148 7147 7472
f 7147 7471 7472
f 7150 7473 7474
f 7150 7148 7473
f 7148 7472 7473
f 7473 7475 7474
f 7476 7477 7478
f 7476 7153 7152
f 7476 7478 7153
f 7478 7479 7153
f 7154 7153 7480
f 7153 7479 7480
f 7155 7154 7481
f 7154 7480 7481
f 7156 7155 7482
f 7155 7481 7482
f 7469 7145 7156
f 7469 7156 7483
f 7483 7156 7482
f 7470 7469 7483
f 7150 7474 7157
f 7159 7484 7485
f 7157 7484 7159
f 7157 7475 7484
f 7157 7474 7475
f 7484 7486 7485
f 7487 7477 7476
f 7488 7477 7487
f 7152 7161 7487
f 7476 7152 7487
f 7485 7489 7163
f 7159 7485 7163
f 7490 7485 7486
f 7489 7485 7490
f 7487 7491 7488
f 7491 7487 7161
f 7491 7161 7492
f 7492 7161 7165
f 7489 7493 7168
f 7163 7489 7168
f 7494 7489 7490
f 7493 7489 7494
f 7495 7165 7169
f 7495 7496 7165
f 7496 7492 7165
f 7169 7171 7495
f 7168 7493 7172
f 7493 7494 7497
f 7493 7497 7172
f 7172 7497 7173
f 7174 7173 7498
f 7173 7497 7498
f 7498 7175 7174
f 7499 7175 7498
f 7500 7496 7495
f 7501 7496 7500
f 7171 7177 7500
f 7495 7171 7500
f 7175 7499 7502
f 7178 7175 7502
f 7502 7180 7178
f 7503 7180 7502
f 7500 7504 7501
f 7504 7500 7177
f 7504 7177 7505
f 7505 7177 7181
f 7180 7503 7183
f 7503 7506 7183
f 7186 7507 7508
f 7185 7507 7186
f 7505 7181 7186
f 7508 7505 7186
f 7183 7506 7187
f 7506 7509 7187
f 7185 7189 7507
f 7507 7189 7510
f 7187 7509 7511
f 7190 7187 7511
f 7511 7192 7190
f 7512 7192 7511
f 7189 7513 7510
f 7193 7513 7189
f 7513 7193 7195
f 7514 7513 7195
f 7192 7512 7196
f 7512 7515 7196
f 7516 7195 7197
f 7516 7517 7195
f 7517 7514 7195
f 7197 7198 7516
f 7196 7515 7518
f 7199 7196 7518
f 7518 7201 7199
f 7519 7201 7518
f 7516 7520 7517
f 7520 7516 7198
f 7520 7198 7521
f 7521 7198 7203
f 7201 7519 7204
f 7519 7522 7204
f 7523 7203 7205
f 7523 7524 7203
f 7524 7521 7203
f 7205 7206 7523
f 7204 7522 7525
f 7207 7204 7525
f 7525 7209 7207
f 7526 7209 7525
f 7523 7527 7524
f 7527 7523 7206
f 7527 7206 7528
f 7528 7206 7210
f 7529 7211 7209
f 7529 7209 7530
f 7530 7209 7526
f 7211 7529 7213
f 7210 7215 7528
f 7528 7215 7531
f 7529 7530 7532
f 7213 7529 7532
f 7213 7532 7216
f 7216 7532 7533
f 7217 7216 7534
f 7216 7533 7534
f 7535 7534 7536
f 7535 7218 7534
f 7218 7217 7534
f 7218 7535 7219
f 7215 7537 7531
f 7220 7537 7215
f 7537 7220 7221
f 7538 7537 7221
f 7535 7536 7539
f 7540 7539 7541
f 7222 7539 7540
f 7222 7535 7539
f 7222 7219 7535
f 7222 7540 7223
f 7221 7224 7538
f 7538 7224 7542
f 7540 7541 7543
f 7543 7223 7540
f 7543 7544 7223
f 7544 7226 7223
f 7224 7545 7542
f 7227 7545 7224
f 7545 7227 7229
f 7546 7545 7229
f 7547 7230 7226
f 7547 7226 7548
f 7548 7226 7544
f 7230 7547 7231
f 7233 7232 7549
f 7233 7549 7550
f 7233 7550 7229
f 7229 7550 7546
f 7547 7548 7551
f 7551 7231 7547
f 7551 7552 7231
f 7552 7235 7231
f 7237 7236 7553
f 7237 7553 7238
f 7549 7239 7554
f 7232 7239 7549
f 7555 7550 7549
f 7554 7555 7549
f 7556 7240 7235
f 7556 7235 7557
f 7557 7235 7552
f 7240 7553 7236
f 7240 7556 7553
f 7556 7558 7553
f 7238 7558 7241
f 7553 7558 7238
f 7554 7242 7559
f 7239 7242 7554
f 7560 7555 7554
f 7559 7560 7554
f 7556 7557 7561
f 7561 7562 7563
f 7561 7563 7556
f 7556 7563 7558
f 7241 7563 7244
f 7558 7563 7241
f 7559 7564 7565
f 7559 7242 7564
f 7242 7246 7564
f 7560 7559 7565
f 7566 7563 7562
f 7567 7566 7562
f 7244 7568 7247
f 7244 7563 7568
f 7563 7566 7568
f 7247 7568 7249
f 7246 7250 7564
f 7564 7250 7569
f 7570 7566 7567
f 7571 7570 7567
f 7568 7566 7572
f 7572 7566 7570
f 7249 7572 7251
f 7568 7572 7249
f 7250 7252 7569
f 7569 7252 7573
f 7574 7570 7571
f 7575 7574 7571
f 7253 7574 7254
f 7253 7572 7574
f 7572 7570 7574
f 7251 7572 7253
f 7252 7576 7573
f 7255 7576 7252
f 7576 7255 7257
f 7577 7576 7257
f 7578 7574 7575
f 7579 7578 7575
f 7254 7578 7258
f 7574 7578 7254
f 7257 7260 7577
f 7577 7260 7580
f 7581 7578 7579
f 7582 7581 7579
f 7258 7581 7261
f 7578 7581 7258
f 7260 7263 7580
f 7580 7263 7583
f 7584 7581 7582
f 7585 7584 7582
f 7261 7584 7264
f 7581 7584 7261
f 7263 7265 7583
f 7583 7265 7586
f 7587 7584 7585
f 7588 7587 7585
f 7264 7587 7266
f 7584 7587 7264
f 7265 7267 7586
f 7586 7267 7589
f 7590 7587 7588
f 7591 7590 7588
f 7266 7590 7268
f 7587 7590 7266
f 7592 7269 7593
f 7592 7589 7269
f 7589 7267 7269
f 7592 7593 7594
f 7271 7590 7591
f 7271 7591 7272
f 7272 7591 7595
f 7268 7590 7271
f 7593 7273 7596
f 7269 7273 7593
f 7597 7594 7593
f 7597 7593 7598
f 7598 7593 7596
f 7597 7598 7599
f 7600 7601 7602
f 7600 7595 7601
f 7600 7274 7595
f 7274 7272 7595
f 7596 7275 7603
f 7273 7275 7596
f 7598 7596 7604
f 7604 7596 7603
f 7605 7599 7598
f 7604 7605 7598
f 7606 7607 7608
f 7602 7607 7606
f 7600 7602 7606
f 7600 7606 7278
f 7600 7278 7277
f 7274 7600 7277
f 7275 7279 7603
f 7281 7603 7279
f 7281 7609 7603
f 7609 7604 7603
f 7610 7605 7604
f 7609 7610 7604
f 7611 7606 7608
f 7612 7611 7608
f 7278 7611 7282
f 7606 7611 7278
f 7281 7284 7609
f 7609 7284 7286
f 7609 7286 7610
f 7610 7286 7613
f 7288 7614 7615
f 7289 7288 7615
f 7612 7290 7611
f 7612 7614 7290
f 7614 7288 7290
f 7282 7611 7290
f 7286 7292 7613
f 7613 7292 7616
f 7617 7618 7619
f 7617 7615 7618
f 7617 7293 7615
f 7293 7289 7615
f 7292 7295 7616
f 7616 7295 7620
f 7621 7622 7623
f 7619 7622 7621
f 7617 7619 7621
f 7617 7621 7297
f 7617 7297 7296
f 7293 7617 7296
f 7624 7298 7625
f 7624 7620 7298
f 7620 7295 7298
f 7624 7625 7626
f 7300 7627 7628
f 7301 7300 7628
f 7623 7303 7621
f 7623 7627 7303
f 7627 7300 7303
f 7297 7621 7303
f 7298 7304 7625
f 7305 7629 7630
f 7304 7305 7630
f 7304 7630 7626
f 7304 7626 7625
f 7630 7629 7631
f 7307 7632 7308
f 7633 7632 7307
f 7633 7307 7634
f 7634 7307 7310
f 7628 7310 7301
f 7634 7310 7628
f 7313 7312 7635
f 7313 7636 7314
f 7635 7636 7313
f 7314 7637 7315
f 7636 7637 7314
f 7315 7638 7316
f 7637 7638 7315
f 7316 7639 7317
f 7638 7639 7316
f 7317 7639 7319
f 7305 7321 7629
f 7629 7640 7631
f 7629 7321 7640
f 7321 7322 7640
f 7323 7641 7322
f 7322 7641 7640
f 7324 7642 7643
f 7324 7643 7323
f 7323 7643 7641
f 7642 7644 7645
f 7643 7642 7645
f 7644 7326 7325
f 7644 7325 7645
f 7645 7325 7646
f 7647 7648 7646
f 7647 7646 7325
f 7647 7325 7329
f 7647 7329 7649
f 7647 7649 7328
f 7647 7328 7308
f 7647 7308 7632
f 7647 7632 7648
f 7632 7633 7648
f 7650 7649 7651
f 7649 7650 7328
f 7330 7328 7650
f 7331 7330 7652
f 7330 7650 7652
f 7635 7312 7331
f 7635 7331 7653
f 7653 7331 7652
f 7636 7635 7653
f 7654 7636 7653
f 7637 7636 7654
f 7655 7637 7654
f 7638 7637 7655
f 7656 7638 7655
f 7639 7638 7656
f 7657 7639 7656
f 7319 7639 7657
f 7319 7657 7332
f 7332 7657 7658
f 7659 7658 7660
f 7659 7333 7658
f 7333 7332 7658
f 7333 7659 7334
f 7337 7336 7661
f 7662 7337 7661
f 7662 7663 7337
f 7663 7338 7337
f 7339 7338 7664
f 7338 7663 7664
f 7340 7665 7666
f 7340 7339 7665
f 7339 7664 7665
f 7324 7341 7642
f 7666 7665 7667
f 7343 7642 7341
f 7343 7668 7642
f 7668 7644 7642
f 7326 7644 7668
f 7326 7668 7669
f 7326 7669 7344
f 7669 7668 7670
f 7649 7329 7344
f 7649 7344 7671
f 7671 7344 7669
f 7651 7649 7671
f 7659 7660 7672
f 7672 7334 7659
f 7672 7673 7334
f 7673 7346 7334
f 7661 7674 7675
f 7661 7336 7674
f 7336 7347 7674
f 7662 7661 7675
f 7340 7666 7348
f 7666 7667 7676
f 7666 7676 7348
f 7348 7676 7349
f 7668 7343 7349
f 7668 7349 7677
f 7677 7349 7676
f 7670 7668 7677
f 7678 7350 7346
f 7678 7346 7679
f 7679 7346 7673
f 7350 7680 7351
f 7678 7680 7350
f 7351 7680 7353
f 7355 7354 7681
f 7355 7681 7682
f 7355 7682 7347
f 7347 7682 7674
f 7678 7679 7683
f 7680 7678 7683
f 7684 7680 7683
f 7353 7680 7684
f 7353 7684 7356
f 7356 7684 7685
f 7685 7357 7356
f 7686 7357 7685
f 7681 7687 7688
f 7681 7354 7687
f 7354 7358 7687
f 7682 7681 7688
f 7689 7359 7357
f 7689 7357 7690
f 7690 7357 7686
f 7359 7689 7360
f 7358 7362 7687
f 7687 7362 7691
f 7364 7689 7690
f 7364 7690 7365
f 7365 7690 7692
f 7360 7689 7364
f 7369 7368 7693
f 7369 7693 7694
f 7369 7694 7362
f 7362 7694 7691
f 7370 7695 7696
f 7371 7370 7696
f 7692 7370 7365
f 7695 7370 7692
f 7693 7697 7698
f 7693 7368 7697
f 7368 7375 7697
f 7694 7693 7698
f 7699 7700 7701
f 7699 7377 7376
f 7699 7376 7700
f 7700 7376 7702
f 7696 7376 7371
f 7702 7376 7696
f 7382 7703 7704
f 7381 7703 7382
f 7383 7382 7705
f 7382 7704 7705
f 7384 7383 7706
f 7383 7705 7706
f 7697 7375 7384
f 7706 7697 7384
f 7707 7699 7701
f 7708 7707 7701
f 7377 7707 7385
f 7699 7707 7377
f 7388 7709 7710
f 7387 7709 7388
f 7703 7381 7388
f 7710 7703 7388
f 7711 7707 7708
f 7712 7711 7708
f 7385 7711 7389
f 7707 7711 7385
f 7391 7390 7713
f 7391 7713 7714
f 7391 7714 7387
f 7387 7714 7709
f 7393 7711 7712
f 7393 7712 7394
f 7394 7712 7715
f 7389 7711 7393
f 7713 7716 7717
f 7713 7390 7716
f 7390 7395 7716
f 7714 7713 7717
f 7394 7715 7396
f 7715 7718 7396
f 7395 7397 7716
f 7716 7397 7719
f 7720 7398 7396
f 7720 7396 7721
f 7721 7396 7718
f 7398 7720 7399
f 7722 7400 7723
f 7722 7719 7400
f 7719 7397 7400
f 7722 7723 7724
f 7720 7721 7725
f 7725 7399 7720
f 7725 7726 7399
f 7726 7401 7399
f 7400 7402 7723
f 7723 7727 7724
f 7723 7402 7727
f 7402 7404 7727
f 7727 7404 7405
f 7728 7727 7405
f 7401 7726 7406
f 7726 7729 7406
f 7730 7731 7732
f 7730 7733 7734
f 7732 7733 7730
f 7733 7735 7734
f 7405 7736 7728
f 7407 7736 7405
f 7736 7407 7408
f 7737 7736 7408
f 7406 7729 7738
f 7409 7406 7738
f 7410 7409 7739
f 7409 7738 7739
f 7731 7730 7411
f 7731 7411 7739
f 7739 7411 7410
f 7412 7411 7730
f 7734 7412 7730
f 7734 7413 7412
f 7734 7740 7413
f 7734 7735 7740
f 7740 7741 7413
f 7413 7741 7414
f 7408 7742 7737
f 7415 7742 7408
f 7742 7415 7416
f 7743 7742 7416
f 7744 7745 7746
f 7744 7419 7418
f 7744 7418 7745
f 7745 7418 7747
f 7420 7748 7418
f 7418 7748 7747
f 7740 7421 7741
f 7740 7748 7421
f 7748 7420 7421
f 7414 7741 7421
f 7416 7749 7743
f 7422 7749 7416
f 7749 7422 7424
f 7750 7749 7424
f 7426 7751 7752
f 7427 7426 7752
f 7428 7753 7426
f 7426 7753 7751
f 7746 7429 7744
f 7746 7753 7429
f 7753 7428 7429
f 7419 7744 7429
f 7754 7430 7755
f 7754 7750 7430
f 7750 7424 7430
f 7754 7755 7756
f 7427 7752 7432
f 7752 7757 7432
f 7430 7433 7755
f 7434 7758 7759
f 7433 7434 7759
f 7433 7759 7756
f 7433 7756 7755
f 7759 7758 7760
f 7432 7757 7436
f 7757 7761 7436
f 7434 7437 7758
f 7438 7762 7763
f 7437 7438 7763
f 7437 7763 7760
f 7437 7760 7758
f 7763 7762 7764
f 7765 7766 7767
f 7765 7761 7766
f 7765 7440 7761
f 7440 7436 7761
f 7438 7441 7762
f 7442 7768 7769
f 7441 7442 7769
f 7441 7769 7764
f 7441 7764 7762
f 7769 7768 7770
f 7444 7765 7767
f 7444 7767 7445
f 7445 7767 7771
f 7440 7765 7444
f 7442 7446 7768
f 7768 7772 7770
f 7768 7446 7772
f 7446 7447 7772
f 7448 7773 7774
f 7448 7774 7447
f 7447 7774 7772
f 7774 7773 7775
f 7445 7771 7449
f 7771 7776 7449
f 7448 7450 7773
f 7773 7777 7775
f 7773 7450 7777
f 7450 7451 7777
f 7453 7778 7451
f 7451 7778 7777
f 7454 7779 7780
f 7454 7780 7453
f 7453 7780 7778
f 7780 7779 7781
f 7455 7782 7783
f 7456 7455 7783
f 7776 7455 7449
f 7782 7455 7776
f 7454 7457 7779
f 7779 7784 7781
f 7779 7457 7784
f 7457 7458 7784
f 7459 7785 7458
f 7458 7785 7784
f 7461 7786 7459
f 7459 7786 7785
f 7462 7787 7788
f 7462 7788 7461
f 7461 7788 7786
f 7787 7789 7790
f 7788 7787 7790
f 7789 7791 7792
f 7790 7789 7792
f 7791 7793 7794
f 7792 7791 7794
f 7793 7795 7796
f 7794 7793 7796
f 7795 7783 7796
f 7795 7463 7783
f 7463 7456 7783
f 7462 7464 7787
f 7465 7787 7464
f 7789 7787 7465
f 7466 7789 7465
f 7791 7789 7466
f 7467 7791 7466
f 7793 7791 7467
f 7468 7793 7467
f 7795 7793 7468
f 7463 7795 7468
f 7471 7470 7797
f 7798 7471 7797
f 7798 7799 7471
f 7799 7472 7471
f 7473 7472 7800
f 7472 7799 7800
f 7475 7801 7802
f 7475 7473 7801
f 7473 7800 7801
f 7801 7803 7802
f 7478 7804 7805
f 7477 7804 7478
f 7479 7478 7806
f 7478 7805 7806
f 7480 7479 7807
f 7479 7806 7807
f 7481 7480 7808
f 7480 7807 7808
f 7482 7481 7809
f 7481 7808 7809
f 7483 7482 7810
f 7482 7809 7810
f 7797 7470 7483
f 7797 7483 7811
f 7811 7483 7810
f 7798 7797 7811
f 7475 7802 7484
f 7802 7486 7484
f 7802 7803 7486
f 7803 7812 7486
f 7477 7488 7804
f 7804 7488 7813
f 7486 7812 7490
f 7812 7814 7490
f 7815 7488 7491
f 7815 7816 7488
f 7816 7813 7488
f 7491 7492 7815
f 7817 7818 7494
f 7817 7494 7814
f 7814 7494 7490
f 7817 7819 7818
f 7815 7820 7816
f 7820 7815 7492
f 7820 7492 7821
f 7821 7492 7496
f 7494 7818 7497
f 7818 7498 7497
f 7818 7822 7498
f 7818 7819 7822
f 7822 7823 7498
f 7498 7823 7499
f 7496 7501 7821
f 7821 7501 7824
f 7823 7822 7825
f 7499 7823 7825
f 7499 7825 7502
f 7502 7825 7826
f 7826 7503 7502
f 7827 7503 7826
f 7501 7828 7824
f 7504 7828 7501
f 7828 7504 7505
f 7829 7828 7505
f 7503 7827 7506
f 7827 7830 7506
f 7508 7831 7832
f 7507 7831 7508
f 7829 7505 7508
f 7832 7829 7508
f 7833 7834 7509
f 7833 7509 7830
f 7830 7509 7506
f 7833 7835 7834
f 7507 7510 7831
f 7831 7510 7836
f 7509 7834 7511
f 7834 7512 7511
f 7834 7835 7512
f 7835 7837 7512
f 7838 7510 7513
f 7838 7839 7510
f 7839 7836 7510
f 7513 7514 7838
f 7512 7837 7515
f 7837 7840 7515
f 7838 7841 7839
f 7841 7838 7514
f 7841 7514 7842
f 7842 7514 7517
f 7515 7840 7843
f 7518 7515 7843
f 7843 7519 7518
f 7844 7519 7843
f 7517 7845 7842
f 7520 7845 7517
f 7845 7520 7521
f 7846 7845 7521
f 7519 7844 7522
f 7844 7847 7522
f 7521 7524 7846
f 7846 7524 7848
f 7849 7525 7522
f 7849 7522 7850
f 7850 7522 7847
f 7525 7849 7526
f 7524 7851 7848
f 7527 7851 7524
f 7851 7527 7528
f 7852 7851 7528
f 7849 7850 7853
f 7853 7526 7849
f 7853 7854 7526
f 7854 7530 7526
f 7855 7531 7856
f 7855 7852 7531
f 7852 7528 7531
f 7855 7856 7857
f 7530 7854 7858
f 7532 7530 7858
f 7859 7858 7860
f 7859 7533 7858
f 7533 7532 7858
f 7533 7861 7534
f 7859 7861 7533
f 7534 7861 7536
f 7531 7537 7856
f 7856 7537 7538
f 7856 7538 7857
f 7857 7538 7862
f 7859 7860 7863
f 7861 7859 7863
f 7864 7861 7863
f 7865 7864 7866
f 7539 7864 7865
f 7539 7861 7864
f 7539 7536 7861
f 7539 7865 7541
f 7867 7542 7868
f 7867 7862 7542
f 7862 7538 7542
f 7867 7868 7869
f 7865 7866 7870
f 7871 7870 7872
f 7543 7870 7871
f 7543 7865 7870
f 7543 7541 7865
f 7543 7871 7544
f 7542 7545 7868
f 7546 7873 7874
f 7545 7546 7874
f 7545 7874 7869
f 7545 7869 7868
f 7874 7873 7875
f 7876 7871 7872
f 7877 7876 7872
f 7544 7876 7548
f 7871 7876 7544
f 7873 7550 7878
f 7546 7550 7873
f 7879 7875 7873
f 7878 7879 7873
f 7876 7877 7880
f 7881 7880 7882
f 7551 7880 7881
f 7551 7876 7880
f 7551 7548 7876
f 7551 7881 7552
f 7878 7555 7883
f 7550 7555 7878
f 7884 7879 7878
f 7883 7884 7878
f 7881 7882 7885
f 7885 7552 7881
f 7885 7886 7552
f 7886 7557 7552
f 7883 7887 7888
f 7883 7555 7887
f 7555 7560 7887
f 7884 7883 7888
f 7889 7561 7557
f 7889 7557 7890
f 7890 7557 7886
f 7561 7889 7562
f 7565 7564 7891
f 7565 7891 7892
f 7565 7892 7560
f 7560 7892 7887
f 7893 7889 7890
f 7894 7893 7890
f 7562 7893 7567
f 7889 7893 7562
f 7891 7569 7895
f 7564 7569 7891
f 7896 7892 7891
f 7895 7896 7891
f 7897 7893 7894
f 7898 7897 7894
f 7567 7897 7571
f 7893 7897 7567
f 7895 7573 7899
f 7569 7573 7895
f 7900 7896 7895
f 7899 7900 7895
f 7901 7897 7898
f 7902 7901 7898
f 7571 7901 7575
f 7897 7901 7571
f 7573 7576 7899
f 7577 7903 7904
f 7576 7577 7904
f 7576 7904 7900
f 7576 7900 7899
f 7904 7903 7905
f 7906 7901 7902
f 7907 7906 7902
f 7575 7906 7579
f 7901 7906 7575
f 7903 7580 7908
f 7577 7580 7903
f 7909 7905 7903
f 7908 7909 7903
f 7906 7907 7910
f 7910 7579 7906
f 7910 7911 7579
f 7911 7582 7579
f 7908 7583 7912
f 7580 7583 7908
f 7913 7909 7908
f 7912 7913 7908
f 7582 7911 7585
f 7911 7914 7585
f 7912 7586 7915
f 7583 7586 7912
f 7916 7913 7912
f 7915 7916 7912
f 7585 7914 7588
f 7914 7917 7588
f 7915 7589 7918
f 7586 7589 7915
f 7919 7916 7915
f 7918 7919 7915
f 7920 7921 7922
f 7920 7917 7921
f 7920 7591 7917
f 7591 7588 7917
f 7589 7592 7918
f 7594 7923 7924
f 7592 7594 7924
f 7592 7924 7919
f 7592 7919 7918
f 7923 7925 7926
f 7924 7923 7926
f 7926 7925 7927
f 7928 7920 7922
f 7929 7928 7922
f 7591 7928 7595
f 7920 7928 7591
f 7594 7597 7923
f 7930 7925 7923
f 7930 7923 7599
f 7930 7599 7931
f 7597 7599 7923
f 7927 7925 7930
f 7932 7933 7934
f 7929 7933 7932
f 7928 7929 7932
f 7928 7932 7602
f 7928 7602 7601
f 7595 7928 7601
f 7935 7936 7937
f 7935 7937 7931
f 7935 7931 7605
f 7605 7931 7599
f 7607 7932 7934
f 7607 7934 7608
f 7608 7934 7938
f 7602 7932 7607
f 7939 7936 7935
f 7940 7936 7939
f 7605 7610 7939
f 7935 7605 7939
f 7941 7942 7943
f 7941 7938 7942
f 7941 7612 7938
f 7612 7608 7938
f 7944 7940 7939
f 7945 7940 7944
f 7610 7613 7944
f 7939 7610 7944
f 7614 7941 7943
f 7614 7943 7615
f 7615 7943 7946
f 7612 7941 7614
f 7947 7945 7944
f 7948 7945 7947
f 7613 7616 7947
f 7944 7613 7947
f 7618 7949 7950
f 7619 7618 7950
f 7946 7618 7615
f 7949 7618 7946
f 7947 7951 7948
f 7951 7947 7616
f 7951 7616 7952
f 7952 7616 7620
f 7622 7953 7954
f 7623 7622 7954
f 7950 7622 7619
f 7953 7622 7950
f 7620 7955 7952
f 7624 7955 7620
f 7955 7624 7626
f 7956 7955 7626
f 7627 7957 7958
f 7628 7627 7958
f 7954 7627 7623
f 7957 7627 7954
f 7626 7959 7956
f 7630 7959 7626
f 7959 7630 7631
f 7960 7959 7631
f 7961 7962 7963
f 7961 7633 7634
f 7961 7634 7962
f 7962 7634 7964
f 7958 7634 7628
f 7964 7634 7958
f 7631 7965 7960
f 7640 7965 7631
f 7641 7966 7640
f 7640 7966 7965
f 7643 7967 7641
f 7641 7967 7966
f 7645 7968 7643
f 7643 7968 7967
f 7646 7969 7645
f 7645 7969 7968
f 7963 7648 7961
f 7963 7969 7648
f 7969 7646 7648
f 7633 7961 7648
f 7650 7651 7970
f 7650 7971 7652
f 7970 7971 7650
f 7972 7652 7971
f 7972 7973 7652
f 7973 7653 7652
f 7654 7653 7974
f 7653 7973 7974
f 7655 7654 7975
f 7654 7974 7975
f 7656 7655 7976
f 7655 7975 7976
f 7977 7976 7978
f 7977 7657 7976
f 7657 7656 7976
f 7657 7979 7658
f 7977 7979 7657
f 7658 7979 7660
f 7663 7662 7980
f 7981 7663 7980
f 7981 7982 7663
f 7982 7664 7663
f 7665 7664 7983
f 7664 7982 7983
f 7983 7667 7665
f 7984 7667 7983
f 7669 7670 7985
f 7669 7986 7671
f 7985 7986 7669
f 7671 7986 7987
f 7651 7671 7987
f 7651 7987 7988
f 7651 7988 7970
f 7971 7970 7988
f 7989 7971 7988
f 7972 7971 7989
f 7977 7978 7990
f 7979 7977 7990
f 7991 7979 7990
f 7992 7991 7993
f 7672 7991 7992
f 7672 7979 7991
f 7672 7660 7979
f 7672 7992 7673
f 7675 7674 7994
f 7675 7994 7995
f 7662 7675 7995
f 7662 7995 7996
f 7662 7996 7980
f 7981 7980 7996
f 7667 7984 7997
f 7676 7667 7997
f 7998 7997 7999
f 7998 7677 7997
f 7677 7676 7997
f 7677 7998 8000
f 7670 7677 8000
f 7670 8000 8001
f 7670 8001 7985
f 7986 7985 8001
f 8002 7986 8001
f 7987 7986 8002
f 7992 7993 8003
f 8003 7673 7992
f 8003 8004 7673
f 8004 7679 7673
f 7994 8005 8006
f 7994 7674 8005
f 7674 7682 8005
f 7995 7994 8006
f 7998 7999 8007
f 8000 7998 8007
f 8008 7683 7679
f 8008 7679 8009
f 8009 7679 8004
f 8010 7683 8008
f 8010 8011 7683
f 8011 7684 7683
f 8012 8011 8013
f 8012 7685 8011
f 7685 7684 8011
f 7685 8012 7686
f 7688 7687 8014
f 7688 8014 8015
f 7688 8015 7682
f 7682 8015 8005
f 8008 8009 8016
f 8010 8008 8016
f 8012 8013 8017
f 8017 7686 8012
f 8017 8018 7686
f 8018 7690 7686
f 8014 7691 8019
f 7687 7691 8014
f 8020 8015 8014
f 8019 8020 8014
f 7690 8018 7692
f 8018 8021 7692
f 8019 8022 8023
f 8019 7691 8022
f 7691 7694 8022
f 8020 8019 8023
f 7695 8024 8025
f 7696 7695 8025
f 8021 7695 7692
f 8024 7695 8021
f 7698 7697 8026
f 7698 8026 8027
f 7698 8027 7694
f 7694 8027 8022
f 7700 8028 7701
f 8029 8028 7700
f 8029 7700 8030
f 8030 7700 7702
f 8025 7702 7696
f 8030 7702 8025
f 7704 7703 8031
f 8032 7704 8031
f 8032 8033 7704
f 8033 7705 7704
f 7706 7705 8034
f 7705 8033 8034
f 8026 7697 7706
f 8026 7706 8035
f 8035 7706 8034
f 8027 8026 8035
f 8028 8036 8037
f 8028 8037 7701
f 7701 8037 7708
f 8029 8036 8028
f 7710 7709 8038
f 7710 8038 8039
f 7703 7710 8039
f 7703 8039 8040
f 7703 8040 8031
f 8032 8031 8040
f 7708 8037 7712
f 8037 8041 7712
f 8038 8042 8043
f 8038 7709 8042
f 7709 7714 8042
f 8039 8038 8043
f 7712 8041 7715
f 8041 8044 7715
f 7717 7716 8045
f 7717 8045 8046
f 7717 8046 7714
f 7714 8046 8042
f 7715 8044 7718
f 8044 8047 7718
f 8045 7719 8048
f 7716 7719 8045
f 8049 8046 8045
f 8048 8049 8045
f 7718 8047 7721
f 8047 8050 7721
f 7719 7722 8048
f 8048 7722 7724
f 8048 7724 8049
f 8049 7724 8051
f 7721 8050 8052
f 7725 7721 8052
f 8052 7726 7725
f 8053 7726 8052
f 7724 8054 8051
f 7727 8054 7724
f 8054 7727 7728
f 8055 8054 7728
f 8056 8057 7729
f 8056 7729 8053
f 8053 7729 7726
f 8057 8058 8059
f 8056 8058 8057
f 8059 7732 7731
f 8059 8058 7732
f 8058 8060 7732
f 7733 7732 8061
f 7732 8060 8061
f 8061 7735 7733
f 8062 7735 8061
f 7728 8063 8055
f 7736 8063 7728
f 8063 7736 7737
f 8064 8063 7737
f 7729 8057 7738
f 7739 7738 8057
f 8059 7739 8057
f 7731 7739 8059
f 8065 8066 8067
f 8065 8062 8066
f 8065 7740 8062
f 7740 7735 8062
f 7737 8068 8064
f 7742 8068 7737
f 7743 8069 8070
f 7743 8070 7742
f 7742 8070 8068
f 8070 8069 8071
f 8072 8073 8074
f 8072 8075 8076
f 8073 8072 8076
f 8075 7746 7745
f 8075 7745 8076
f 8076 7745 8077
f 7747 8078 7745
f 7745 8078 8077
f 8067 7748 8065
f 8067 8078 7748
f 8078 7747 7748
f 7740 8065 7748
f 7743 7749 8069
f 7750 8079 8080
f 7749 7750 8080
f 7749 8080 8071
f 7749 8071 8069
f 8080 8079 8081
f 7751 8072 8074
f 7751 8074 7752
f 7752 8074 8082
f 7753 8072 7751
f 8075 8072 7753
f 7746 8075 7753
f 7750 7754 8079
f 8079 7754 7756
f 8079 7756 8081
f 8081 7756 8083
f 7752 8082 7757
f 8082 8084 7757
f 7756 8085 8083
f 7759 8085 7756
f 8085 7759 7760
f 8086 8085 7760
f 7757 8084 7761
f 8084 8087 7761
f 7760 8088 8086
f 7763 8088 7760
f 8088 7763 7764
f 8089 8088 7764
f 7766 8090 8091
f 7767 7766 8091
f 8087 7766 7761
f 8090 7766 8087
f 7764 8092 8089
f 7769 8092 7764
f 7770 8093 8094
f 7770 8094 7769
f 7769 8094 8092
f 8094 8093 8095
f 7767 8091 7771
f 8091 8096 7771
f 7770 7772 8093
f 8093 8097 8095
f 8093 7772 8097
f 7772 7774 8097
f 7775 8098 8099
f 7775 8099 7774
f 7774 8099 8097
f 8099 8098 8100
f 8101 8102 8103
f 8101 8096 8102
f 8101 7776 8096
f 7776 7771 8096
f 7775 7777 8098
f 8098 8104 8100
f 8098 7777 8104
f 7777 7778 8104
f 7780 8105 7778
f 7778 8105 8104
f 7781 8106 8107
f 7781 8107 7780
f 7780 8107 8105
f 8107 8106 8108
f 7782 8101 8103
f 7782 8103 7783
f 7783 8103 8109
f 7776 8101 7782
f 7781 7784 8106
f 8106 8110 8108
f 8106 7784 8110
f 7784 7785 8110
f 7786 8111 7785
f 7785 8111 8110
f 7788 8112 7786
f 7786 8112 8111
f 7790 8113 7788
f 7788 8113 8112
f 7792 8114 7790
f 7790 8114 8113
f 7794 8115 7792
f 7792 8115 8114
f 7796 8116 7794
f 7794 8116 8115
f 8109 7796 7783
f 8116 7796 8109
f 7799 8117 8118
f 7798 8117 7799
f 7800 7799 8119
f 7799 8118 8119
f 7801 7800 8120
f 7800 8119 8120
f 7803 8121 8122
f 7803 7801 8121
f 7801 8120 8121
f 8121 8123 8122
f 7805 8124 8125
f 7804 8124 7805
f 7806 7805 8126
f 7805 8125 8126
f 7807 7806 8127
f 7806 8126 8127
f 7808 7807 8128
f 7807 8127 8128
f 7809 7808 8129
f 7808 8128 8129
f 7810 7809 8130
f 7809 8129 8130
f 7811 7810 8131
f 7810 8130 8131
f 8117 7798 7811
f 8131 8117 7811
f 8122 8132 7812
f 7803 8122 7812
f 8133 8122 8123
f 8132 8122 8133
f 7804 7813 8124
f 8124 7813 8134
f 8132 8135 7814
f 7812 8132 7814
f 8136 8132 8133
f 8135 8132 8136
f 7813 7816 8134
f 8134 7816 8137
f 7814 8135 7817
f 7819 8138 8139
f 7817 8138 7819
f 7817 8136 8138
f 7817 8135 8136
f 8138 8140 8139
f 7816 8141 8137
f 7820 8141 7816
f 8141 7820 7821
f 8142 8141 7821
f 8139 8143 7822
f 7819 8139 7822
f 8144 8139 8140
f 8143 8139 8144
f 7821 7824 8142
f 8142 7824 8145
f 7822 8143 7825
f 8143 8144 8146
f 8143 8146 7825
f 7825 8146 7826
f 8146 7827 7826
f 8147 7827 8146
f 8148 7824 7828
f 8148 8149 7824
f 8149 8145 7824
f 7828 7829 8148
f 7827 8147 7830
f 8147 8150 7830
f 7832 7831 8151
f 8148 8152 8149
f 8152 8148 8153
f 8148 7829 8153
f 7832 8151 8153
f 7832 8153 7829
f 8154 7833 7830
f 8154 7830 8155
f 8155 7830 8150
f 7833 8154 7835
f 8151 8156 8157
f 8151 7831 8156
f 7831 7836 8156
f 8153 8151 8157
f 8154 8155 8158
f 8158 7835 8154
f 8158 8159 7835
f 8159 7837 7835
f 7836 7839 8156
f 8156 7839 8160
f 7837 8159 7840
f 8159 8161 7840
f 7839 8162 8160
f 7841 8162 7839
f 8162 7841 7842
f 8163 8162 7842
f 8164 7843 7840
f 8164 7840 8165
f 8165 7840 8161
f 7843 8164 7844
f 7842 8166 8163
f 7845 8166 7842
f 8166 7845 7846
f 8167 8166 7846
f 8168 8164 8165
f 8169 8168 8165
f 7844 8168 7847
f 8164 8168 7844
f 8170 7848 8171
f 8170 8167 7848
f 8167 7846 7848
f 8170 8171 8172
f 8168 8169 8173
f 8173 7847 8168
f 8173 8174 7847
f 8174 7850 7847
f 7848 7851 8171
f 8171 7851 7852
f 8171 7852 8172
f 8172 7852 8175
f 8176 7853 7850
f 8176 7850 8177
f 8177 7850 8174
f 7853 8176 7854
f 7852 8178 8175
f 7855 8178 7852
f 8178 7855 7857
f 8179 8178 7857
f 8180 8176 8177
f 8181 8180 8177
f 7854 8182 7858
f 7854 8176 8182
f 8176 8180 8182
f 7858 8182 7860
f 8183 7862 8184
f 8183 8179 7862
f 8179 7857 7862
f 8183 8184 8185
f 8180 8181 8186
f 8182 8180 8186
f 8187 8182 8186
f 8188 8187 8189
f 7863 8187 8188
f 7863 8182 8187
f 7863 7860 8182
f 7863 8190 7864
f 8188 8190 7863
f 7864 8190 7866
f 7862 7867 8184
f 8184 7867 7869
f 8184 7869 8185
f 8185 7869 8191
f 8188 8189 8192
f 8190 8188 8192
f 8193 8190 8192
f 8194 8193 8195
f 7870 8193 8194
f 7870 8190 8193
f 7870 7866 8190
f 7870 8194 7872
f 7869 8196 8191
f 7874 8196 7869
f 8196 7874 7875
f 8197 8196 7875
f 8198 8194 8195
f 8199 8198 8195
f 7872 8198 7877
f 8194 8198 7872
f 8200 7879 8201
f 8200 8197 7879
f 8197 7875 7879
f 8200 8201 8202
f 8198 8199 8203
f 8204 8203 8205
f 7880 8203 8204
f 7880 8198 8203
f 7880 7877 8198
f 7880 8204 7882
f 8201 7884 8206
f 7879 7884 8201
f 8207 8202 8201
f 8206 8207 8201
f 8204 8205 8208
f 7882 8204 8208
f 7882 8208 7885
f 7885 8208 8209
f 8209 7886 7885
f 8210 7886 8209
f 7888 7887 8211
f 7888 8211 8212
f 7884 7888 8212
f 7884 8212 8213
f 7884 8213 8206
f 8207 8206 8213
f 7886 8210 7890
f 8210 8214 7890
f 8211 7892 8215
f 7887 7892 8211
f 8216 8212 8211
f 8215 8216 8211
f 7890 8214 7894
f 8214 8217 7894
f 8215 7896 8218
f 7892 7896 8215
f 8219 8216 8215
f 8218 8219 8215
f 7894 8217 7898
f 8217 8220 7898
f 8218 7900 8221
f 7896 7900 8218
f 8222 8219 8218
f 8221 8222 8218
f 8223 8224 8225
f 8223 8220 8224
f 8223 7902 8220
f 7902 7898 8220
f 7900 7904 8221
f 7905 8226 8227
f 7904 7905 8227
f 7904 8227 8222
f 7904 8222 8221
f 8227 8226 8228
f 8223 8225 8229
f 8229 7902 8223
f 8229 8230 7902
f 8230 7907 7902
f 8226 7909 8231
f 7905 7909 8226
f 8232 8228 8226
f 8231 8232 8226
f 8233 7910 7907
f 8233 7907 8234
f 8234 7907 8230
f 7910 8233 7911
f 8231 7913 8235
f 7909 7913 8231
f 8236 8232 8231
f 8235 8236 8231
f 8237 8233 8234
f 8238 8237 8234
f 7911 8237 7914
f 8233 8237 7911
f 8235 7916 8239
f 7913 7916 8235
f 8240 8236 8235
f 8239 8240 8235
f 8241 8237 8238
f 8242 8241 8238
f 7914 8241 7917
f 8237 8241 7914
f 8239 7919 8243
f 7916 7919 8239
f 8244 8240 8239
f 8243 8244 8239
f 8245 8246 8247
f 8242 8246 8245
f 8241 8242 8245
f 8241 8245 7922
f 8241 7922 7921
f 7917 8241 7921
f 7919 7924 8243
f 8243 7924 7926
f 8243 7926 8248
f 8243 8248 8244
f 8248 7926 8249
f 7926 7927 8249
f 8245 8247 8250
f 8250 7922 8245
f 8250 8251 7922
f 8251 7929 7922
f 8252 8253 8254
f 8248 8252 8254
f 8249 8252 8248
f 8249 7931 8252
f 8249 7930 7931
f 7927 7930 8249
f 7933 8255 8256
f 7934 7933 8256
f 8251 7933 7929
f 8255 7933 8251
f 7937 8253 8252
f 7937 7936 8253
f 7936 8257 8253
f 7931 7937 8252
f 7934 8256 7938
f 8256 8258 7938
f 7936 7940 8257
f 8257 7940 8259
f 7942 8260 8261
f 7943 7942 8261
f 8258 7942 7938
f 8260 7942 8258
f 7940 7945 8259
f 8259 7945 8262
f 8263 8264 8265
f 8263 8261 8264
f 8263 7946 8261
f 7946 7943 8261
f 7945 7948 8262
f 8262 7948 8266
f 8267 8268 8269
f 8265 8268 8267
f 8263 8265 8267
f 8263 8267 7950
f 8263 7950 7949
f 7946 8263 7949
f 7948 8270 8266
f 7951 8270 7948
f 8270 7951 7952
f 8271 8270 7952
f 8272 8273 8274
f 8269 8273 8272
f 8267 8269 8272
f 8267 8272 7954
f 8267 7954 7953
f 7950 8267 7953
f 7952 8275 8271
f 7955 8275 7952
f 8275 7955 7956
f 8276 8275 7956
f 8277 8278 8279
f 8274 8278 8277
f 8272 8274 8277
f 8272 8277 7958
f 8272 7958 7957
f 7954 8272 7957
f 7956 8280 8276
f 7959 8280 7956
f 8280 7959 7960
f 8281 8280 7960
f 8282 8283 8284
f 8282 8285 8286
f 8283 8282 8286
f 8285 7963 7962
f 8285 7962 8286
f 8286 7962 8287
f 8279 7964 8277
f 8279 8287 7964
f 8287 7962 7964
f 7958 8277 7964
f 7960 8288 8281
f 7965 8288 7960
f 7966 8289 7965
f 7965 8289 8288
f 7967 8290 7966
f 7966 8290 8289
f 8284 7968 8282
f 8284 8290 7968
f 8290 7967 7968
f 7969 8282 7968
f 8285 8282 7969
f 7963 8285 7969
f 7973 7972 8291
f 7973 8292 7974
f 8291 8292 7973
f 7974 8293 7975
f 8292 8293 7974
f 7975 8294 7976
f 8293 8294 7975
f 7976 8294 7978
f 7982 7981 8295
f 7982 8296 7983
f 8295 8296 7982
f 7983 8296 7984
f 7988 7987 8297
f 8298 7988 8297
f 8298 8299 7988
f 8299 7989 7988
f 8291 7972 7989
f 8291 7989 8300
f 8300 7989 8299
f 8292 8291 8300
f 8301 8292 8300
f 8293 8292 8301
f 8302 8293 8301
f 8294 8293 8302
f 8303 8294 8302
f 7978 8294 8303
f 7978 8303 7990
f 7990 8303 8304
f 8305 8304 8306
f 8305 7991 8304
f 7991 7990 8304
f 7991 8305 7993
f 7996 7995 8307
f 7996 8307 8308
f 7981 7996 8308
f 7981 8308 8309
f 7981 8309 8295
f 8296 8295 8309
f 8310 8296 8309
f 7984 8296 8310
f 7984 8310 7997
f 7997 8310 8311
f 7999 8312 8313
f 7999 7997 8312
f 7997 8311 8312
f 8314 8001 8000
f 8315 8313 8312
f 8316 8001 8314
f 8316 8317 8001
f 8317 8002 8001
f 8297 7987 8002
f 8297 8002 8318
f 8318 8002 8317
f 8298 8297 8318
f 8305 8306 8319
f 8320 8319 8321
f 8003 8319 8320
f 8003 8305 8319
f 8003 7993 8305
f 8003 8320 8004
f 8006 8005 8322
f 8006 8322 8323
f 7995 8006 8323
f 7995 8323 8324
f 7995 8324 8307
f 8308 8307 8324
f 7999 8313 8007
f 8313 8315 8007
f 8315 8325 8007
f 8314 8000 8007
f 8314 8007 8325
f 8316 8314 8325
f 8320 8321 8326
f 8326 8004 8320
f 8326 8327 8004
f 8327 8009 8004
f 8011 8010 8328
f 8011 8328 8013
f 8322 8015 8329
f 8005 8015 8322
f 8330 8323 8322
f 8329 8330 8322
f 8331 8016 8009
f 8331 8009 8332
f 8332 8009 8327
f 8016 8328 8010
f 8016 8331 8328
f 8331 8333 8328
f 8013 8334 8017
f 8013 8328 8334
f 8328 8333 8334
f 8017 8334 8018
f 8329 8335 8336
f 8329 8015 8335
f 8015 8020 8335
f 8330 8329 8336
f 8331 8332 8337
f 8333 8331 8337
f 8338 8333 8337
f 8338 8339 8340
f 8338 8340 8333
f 8333 8340 8334
f 8018 8340 8021
f 8334 8340 8018
f 8023 8022 8341
f 8023 8341 8342
f 8023 8342 8020
f 8020 8342 8335
f 8024 8340 8339
f 8024 8339 8025
f 8025 8339 8343
f 8021 8340 8024
f 8341 8027 8344
f 8022 8027 8341
f 8345 8342 8341
f 8344 8345 8341
f 8030 8346 8347
f 8029 8030 8347
f 8343 8030 8025
f 8346 8030 8343
f 8033 8032 8348
f 8033 8349 8034
f 8348 8349 8033
f 8034 8350 8035
f 8349 8350 8034
f 8035 8350 8351
f 8027 8035 8351
f 8027 8351 8352
f 8027 8352 8344
f 8345 8344 8352
f 8353 8354 8355
f 8353 8037 8036
f 8353 8036 8354
f 8354 8036 8356
f 8347 8036 8029
f 8356 8036 8347
f 8040 8357 8358
f 8039 8357 8040
f 8348 8032 8040
f 8348 8040 8359
f 8359 8040 8358
f 8349 8348 8359
f 8360 8349 8359
f 8350 8349 8360
f 8361 8350 8360
f 8351 8350 8361
f 8362 8353 8355
f 8363 8362 8355
f 8037 8362 8041
f 8353 8362 8037
f 8043 8042 8364
f 8043 8364 8365
f 8043 8365 8039
f 8039 8365 8357
f 8366 8362 8363
f 8367 8366 8363
f 8041 8366 8044
f 8362 8366 8041
f 8364 8368 8369
f 8364 8042 8368
f 8042 8046 8368
f 8365 8364 8369
f 8366 8367 8370
f 8370 8044 8366
f 8370 8371 8044
f 8371 8047 8044
f 8046 8049 8368
f 8368 8049 8372
f 8047 8371 8050
f 8371 8373 8050
f 8049 8051 8372
f 8372 8051 8374
f 8375 8376 8377
f 8052 8375 8378
f 8052 8373 8375
f 8052 8050 8373
f 8376 8375 8373
f 8052 8378 8053
f 8051 8379 8374
f 8054 8379 8051
f 8379 8054 8055
f 8380 8379 8055
f 8375 8377 8381
f 8378 8375 8381
f 8382 8378 8381
f 8053 8378 8382
f 8053 8382 8056
f 8056 8382 8383
f 8058 8056 8384
f 8056 8383 8384
f 8060 8058 8385
f 8058 8384 8385
f 8061 8060 8386
f 8060 8385 8386
f 8386 8062 8061
f 8387 8062 8386
f 8055 8388 8380
f 8063 8388 8055
f 8064 8389 8390
f 8064 8390 8063
f 8063 8390 8388
f 8390 8389 8391
f 8392 8393 8394
f 8392 8395 8396
f 8393 8392 8396
f 8395 8067 8066
f 8395 8066 8396
f 8396 8066 8397
f 8387 8066 8062
f 8397 8066 8387
f 8064 8068 8389
f 8389 8398 8391
f 8389 8068 8398
f 8068 8070 8398
f 8398 8070 8071
f 8399 8398 8071
f 8400 8401 8402
f 8400 8074 8073
f 8400 8073 8401
f 8401 8073 8403
f 8076 8404 8073
f 8073 8404 8403
f 8394 8077 8392
f 8394 8404 8077
f 8404 8076 8077
f 8078 8392 8077
f 8395 8392 8078
f 8067 8395 8078
f 8071 8405 8399
f 8080 8405 8071
f 8405 8080 8081
f 8406 8405 8081
f 8407 8400 8402
f 8408 8407 8402
f 8074 8407 8082
f 8400 8407 8074
f 8409 8083 8410
f 8409 8406 8083
f 8406 8081 8083
f 8409 8410 8411
f 8407 8408 8412
f 8412 8082 8407
f 8412 8413 8082
f 8413 8084 8082
f 8083 8085 8410
f 8086 8414 8415
f 8085 8086 8415
f 8085 8415 8411
f 8085 8411 8410
f 8415 8414 8416
f 8417 8418 8419
f 8417 8413 8418
f 8417 8087 8413
f 8087 8084 8413
f 8086 8088 8414
f 8089 8420 8421
f 8088 8089 8421
f 8088 8421 8416
f 8088 8416 8414
f 8421 8420 8422
f 8090 8417 8419
f 8090 8419 8091
f 8091 8419 8423
f 8087 8417 8090
f 8089 8092 8420
f 8420 8424 8422
f 8420 8092 8424
f 8092 8094 8424
f 8095 8425 8426
f 8095 8426 8094
f 8094 8426 8424
f 8426 8425 8427
f 8091 8423 8096
f 8423 8428 8096
f 8095 8097 8425
f 8425 8429 8427
f 8425 8097 8429
f 8097 8099 8429
f 8100 8430 8431
f 8100 8431 8099
f 8099 8431 8429
f 8431 8430 8432
f 8102 8433 8434
f 8103 8102 8434
f 8428 8102 8096
f 8433 8102 8428
f 8100 8104 8430
f 8430 8435 8432
f 8430 8104 8435
f 8104 8105 8435
f 8107 8436 8105
f 8105 8436 8435
f 8108 8437 8438
f 8108 8438 8107
f 8107 8438 8436
f 8437 8439 8440
f 8438 8437 8440
f 8439 8441 8442
f 8440 8439 8442
f 8442 8441 8443
f 8444 8445 8446
f 8444 8447 8448
f 8445 8444 8448
f 8447 8449 8450
f 8448 8447 8450
f 8449 8434 8450
f 8449 8109 8434
f 8109 8103 8434
f 8108 8110 8437
f 8111 8437 8110
f 8439 8437 8111
f 8112 8439 8111
f 8441 8439 8112
f 8441 8451 8443
f 8441 8112 8451
f 8112 8113 8451
f 8446 8114 8444
f 8446 8451 8114
f 8451 8113 8114
f 8115 8444 8114
f 8447 8444 8115
f 8116 8447 8115
f 8449 8447 8116
f 8109 8449 8116
f 8118 8117 8452
f 8453 8118 8452
f 8453 8454 8118
f 8454 8119 8118
f 8120 8119 8455
f 8119 8454 8455
f 8121 8120 8456
f 8120 8455 8456
f 8456 8123 8121
f 8457 8123 8456
f 8125 8124 8458
f 8459 8125 8458
f 8459 8460 8125
f 8460 8126 8125
f 8127 8126 8461
f 8126 8460 8461
f 8128 8127 8462
f 8127 8461 8462
f 8129 8128 8463
f 8128 8462 8463
f 8130 8129 8464
f 8129 8463 8464
f 8131 8130 8465
f 8130 8464 8465
f 8452 8117 8131
f 8452 8131 8466
f 8466 8131 8465
f 8453 8452 8466
f 8467 8468 8133
f 8467 8133 8457
f 8457 8133 8123
f 8467 8469 8468
f 8458 8470 8471
f 8458 8124 8470
f 8124 8134 8470
f 8459 8458 8471
f 8468 8472 8136
f 8133 8468 8136
f 8473 8468 8469
f 8472 8468 8473
f 8134 8137 8470
f 8470 8137 8474
f 8136 8472 8138
f 8140 8475 8476
f 8138 8475 8140
f 8138 8473 8475
f 8138 8472 8473
f 8475 8477 8476
f 8137 8478 8474
f 8141 8478 8137
f 8478 8141 8142
f 8479 8478 8142
f 8476 8480 8144
f 8140 8476 8144
f 8481 8476 8477
f 8480 8476 8481
f 8142 8145 8479
f 8479 8145 8482
f 8144 8480 8146
f 8480 8147 8146
f 8480 8481 8147
f 8481 8483 8147
f 8484 8149 8485
f 8484 8482 8149
f 8482 8145 8149
f 8484 8485 8486
f 8147 8483 8150
f 8483 8487 8150
f 8149 8152 8485
f 8485 8152 8153
f 8485 8153 8486
f 8486 8153 8488
f 8150 8487 8155
f 8487 8489 8155
f 8157 8156 8490
f 8157 8490 8491
f 8157 8491 8153
f 8153 8491 8488
f 8492 8158 8155
f 8492 8155 8493
f 8493 8155 8489
f 8158 8492 8159
f 8490 8160 8494
f 8156 8160 8490
f 8495 8491 8490
f 8494 8495 8490
f 8496 8492 8493
f 8497 8496 8493
f 8159 8496 8161
f 8492 8496 8159
f 8160 8162 8494
f 8494 8162 8163
f 8494 8163 8495
f 8495 8163 8498
f 8496 8497 8499
f 8499 8161 8496
f 8499 8500 8161
f 8500 8165 8161
f 8163 8501 8498
f 8166 8501 8163
f 8501 8166 8167
f 8502 8501 8167
f 8165 8500 8169
f 8500 8503 8169
f 8167 8504 8502
f 8170 8504 8167
f 8504 8170 8172
f 8505 8504 8172
f 8506 8173 8169
f 8506 8169 8507
f 8507 8169 8503
f 8173 8506 8174
f 8508 8175 8509
f 8508 8505 8175
f 8505 8172 8175
f 8508 8509 8510
f 8511 8506 8507
f 8512 8511 8507
f 8174 8511 8177
f 8506 8511 8174
f 8175 8178 8509
f 8179 8513 8514
f 8178 8179 8514
f 8178 8514 8510
f 8178 8510 8509
f 8514 8513 8515
f 8516 8511 8512
f 8517 8516 8512
f 8177 8516 8181
f 8511 8516 8177
f 8179 8183 8513
f 8185 8518 8519
f 8183 8185 8519
f 8183 8519 8515
f 8183 8515 8513
f 8519 8518 8520
f 8516 8517 8521
f 8522 8521 8523
f 8186 8521 8522
f 8186 8516 8521
f 8186 8181 8516
f 8186 8524 8187
f 8522 8524 8186
f 8187 8524 8189
f 8518 8191 8525
f 8185 8191 8518
f 8526 8520 8518
f 8526 8518 8527
f 8527 8518 8525
f 8526 8527 8528
f 8522 8523 8529
f 8529 8530 8531
f 8529 8531 8522
f 8522 8531 8524
f 8189 8532 8192
f 8189 8524 8532
f 8524 8531 8532
f 8192 8533 8193
f 8532 8533 8192
f 8193 8533 8195
f 8191 8196 8525
f 8197 8525 8196
f 8197 8534 8525
f 8534 8527 8525
f 8535 8528 8527
f 8535 8527 8536
f 8536 8527 8534
f 8535 8536 8537
f 8531 8530 8538
f 8532 8531 8538
f 8539 8532 8538
f 8539 8540 8541
f 8539 8541 8532
f 8532 8541 8533
f 8195 8541 8199
f 8533 8541 8195
f 8197 8200 8534
f 8202 8534 8200
f 8202 8542 8534
f 8542 8536 8534
f 8543 8537 8536
f 8543 8536 8544
f 8544 8536 8542
f 8543 8544 8545
f 8546 8541 8540
f 8547 8546 8540
f 8199 8548 8203
f 8199 8541 8548
f 8541 8546 8548
f 8203 8548 8205
f 8542 8207 8549
f 8202 8207 8542
f 8550 8551 8544
f 8550 8544 8549
f 8549 8544 8542
f 8545 8544 8551
f 8546 8547 8552
f 8552 8553 8554
f 8552 8554 8546
f 8546 8554 8548
f 8205 8555 8208
f 8205 8548 8555
f 8548 8554 8555
f 8208 8556 8209
f 8555 8556 8208
f 8209 8556 8210
f 8213 8212 8557
f 8213 8557 8558
f 8207 8213 8558
f 8207 8558 8559
f 8207 8559 8549
f 8550 8549 8559
f 8554 8553 8560
f 8560 8561 8562
f 8560 8562 8554
f 8554 8562 8555
f 8556 8555 8563
f 8563 8555 8562
f 8210 8563 8214
f 8556 8563 8210
f 8557 8216 8564
f 8212 8216 8557
f 8565 8558 8557
f 8564 8565 8557
f 8566 8562 8561
f 8567 8566 8561
f 8563 8562 8568
f 8568 8562 8566
f 8214 8568 8217
f 8563 8568 8214
f 8564 8219 8569
f 8216 8219 8564
f 8570 8565 8564
f 8569 8570 8564
f 8571 8566 8567
f 8572 8571 8567
f 8568 8566 8573
f 8573 8566 8571
f 8217 8573 8220
f 8568 8573 8217
f 8569 8222 8574
f 8219 8222 8569
f 8575 8570 8569
f 8574 8575 8569
f 8576 8571 8572
f 8577 8576 8572
f 8224 8576 8225
f 8224 8573 8576
f 8573 8571 8576
f 8220 8573 8224
f 8222 8227 8574
f 8228 8578 8579
f 8227 8228 8579
f 8227 8579 8575
f 8227 8575 8574
f 8579 8578 8580
f 8581 8576 8577
f 8582 8581 8577
f 8225 8583 8229
f 8225 8576 8583
f 8576 8581 8583
f 8229 8583 8230
f 8578 8232 8584
f 8228 8232 8578
f 8585 8580 8578
f 8584 8585 8578
f 8581 8582 8586
f 8586 8587 8588
f 8586 8588 8581
f 8581 8588 8583
f 8230 8588 8234
f 8583 8588 8230
f 8584 8236 8589
f 8232 8236 8584
f 8590 8585 8584
f 8589 8590 8584
f 8591 8588 8587
f 8592 8591 8587
f 8234 8591 8238
f 8588 8591 8234
f 8589 8240 8593
f 8236 8240 8589
f 8594 8590 8589
f 8593 8594 8589
f 8595 8596 8597
f 8592 8596 8595
f 8592 8595 8591
f 8591 8595 8598
f 8238 8598 8242
f 8591 8598 8238
f 8599 8600 8601
f 8593 8601 8602
f 8593 8244 8601
f 8593 8240 8244
f 8244 8599 8601
f 8594 8593 8602
f 8595 8597 8603
f 8246 8604 8247
f 8246 8595 8604
f 8246 8598 8595
f 8595 8603 8604
f 8242 8598 8246
f 8605 8606 8607
f 8600 8605 8607
f 8600 8599 8605
f 8599 8608 8605
f 8244 8248 8608
f 8599 8244 8608
f 8609 8250 8247
f 8609 8247 8610
f 8610 8247 8604
f 8250 8609 8251
f 8611 8606 8605
f 8612 8606 8611
f 8254 8253 8611
f 8254 8611 8608
f 8608 8611 8605
f 8248 8254 8608
f 8613 8614 8615
f 8614 8613 8616
f 8255 8609 8610
f 8255 8610 8256
f 8256 8610 8617
f 8251 8609 8255
f 8618 8612 8611
f 8619 8612 8618
f 8253 8257 8618
f 8611 8253 8618
f 8613 8615 8620
f 8620 8621 8613
f 8621 8622 8613
f 8623 8616 8613
f 8623 8613 8622
f 8623 8622 8624
f 8256 8617 8258
f 8617 8625 8258
f 8626 8619 8618
f 8627 8619 8626
f 8257 8259 8626
f 8618 8257 8626
f 8628 8622 8621
f 8629 8628 8621
f 8630 8624 8622
f 8628 8630 8622
f 8260 8631 8632
f 8261 8260 8632
f 8625 8260 8258
f 8631 8260 8625
f 8626 8633 8627
f 8633 8626 8259
f 8633 8259 8634
f 8634 8259 8262
f 8628 8629 8635
f 8630 8628 8635
f 8636 8637 8638
f 8636 8265 8264
f 8636 8264 8637
f 8637 8264 8639
f 8632 8264 8261
f 8639 8264 8632
f 8262 8266 8634
f 8634 8266 8640
f 8641 8642 8643
f 8638 8642 8641
f 8636 8638 8641
f 8636 8641 8269
f 8636 8269 8268
f 8265 8636 8268
f 8266 8644 8640
f 8270 8644 8266
f 8644 8270 8271
f 8645 8644 8271
f 8646 8647 8648
f 8646 8649 8650
f 8647 8646 8650
f 8643 8650 8649
f 8641 8643 8649
f 8641 8649 8274
f 8641 8274 8273
f 8269 8641 8273
f 8271 8651 8645
f 8275 8651 8271
f 8651 8275 8276
f 8652 8651 8276
f 8653 8654 8655
f 8648 8654 8653
f 8648 8653 8646
f 8646 8653 8656
f 8278 8656 8279
f 8278 8649 8656
f 8649 8646 8656
f 8274 8649 8278
f 8276 8657 8652
f 8280 8657 8276
f 8281 8658 8659
f 8281 8659 8280
f 8280 8659 8657
f 8658 8660 8661
f 8659 8658 8661
f 8660 8662 8663
f 8661 8660 8663
f 8662 8284 8283
f 8662 8283 8663
f 8663 8283 8664
f 8655 8286 8653
f 8655 8664 8286
f 8664 8283 8286
f 8287 8653 8286
f 8656 8653 8287
f 8279 8656 8287
f 8281 8288 8658
f 8289 8658 8288
f 8660 8658 8289
f 8290 8660 8289
f 8662 8660 8290
f 8284 8662 8290
f 8299 8298 8665
f 8299 8666 8300
f 8665 8666 8299
f 8300 8667 8301
f 8666 8667 8300
f 8301 8668 8302
f 8667 8668 8301
f 8302 8669 8303
f 8668 8669 8302
f 8303 8670 8304
f 8669 8670 8303
f 8304 8670 8306
f 8309 8308 8671
f 8672 8309 8671
f 8672 8673 8309
f 8673 8310 8309
f 8311 8310 8674
f 8310 8673 8674
f 8312 8311 8675
f 8311 8674 8675
f 8675 8315 8312
f 8676 8315 8675
f 8317 8316 8677
f 8317 8678 8318
f 8677 8678 8317
f 8318 8678 8679
f 8298 8318 8679
f 8298 8679 8680
f 8298 8680 8665
f 8666 8665 8680
f 8681 8666 8680
f 8667 8666 8681
f 8682 8667 8681
f 8668 8667 8682
f 8683 8668 8682
f 8669 8668 8683
f 8684 8669 8683
f 8670 8669 8684
f 8685 8670 8684
f 8686 8685 8687
f 8319 8685 8686
f 8319 8670 8685
f 8319 8306 8670
f 8319 8686 8321
f 8324 8323 8688
f 8324 8688 8689
f 8308 8324 8689
f 8308 8689 8690
f 8308 8690 8671
f 8672 8671 8690
f 8315 8676 8691
f 8325 8315 8691
f 8677 8316 8325
f 8677 8325 8692
f 8692 8325 8691
f 8678 8677 8692
f 8693 8678 8692
f 8679 8678 8693
f 8686 8687 8694
f 8695 8694 8696
f 8326 8694 8695
f 8326 8686 8694
f 8326 8321 8686
f 8326 8695 8327
f 8688 8330 8697
f 8323 8330 8688
f 8698 8689 8688
f 8697 8698 8688
f 8699 8695 8696
f 8700 8699 8696
f 8327 8699 8332
f 8695 8699 8327
f 8336 8335 8701
f 8336 8701 8702
f 8330 8336 8702
f 8330 8702 8703
f 8330 8703 8697
f 8698 8697 8703
f 8704 8699 8700
f 8705 8704 8700
f 8332 8706 8337
f 8332 8699 8706
f 8699 8704 8706
f 8337 8707 8338
f 8706 8707 8337
f 8338 8707 8339
f 8701 8342 8708
f 8335 8342 8701
f 8709 8702 8701
f 8708 8709 8701
f 8710 8704 8705
f 8711 8710 8705
f 8712 8713 8706
f 8712 8706 8710
f 8710 8706 8704
f 8713 8714 8715
f 8713 8715 8706
f 8706 8715 8707
f 8339 8715 8343
f 8707 8715 8339
f 8708 8345 8716
f 8342 8345 8708
f 8717 8709 8708
f 8716 8717 8708
f 8718 8719 8720
f 8711 8719 8718
f 8711 8718 8710
f 8710 8718 8721
f 8722 8712 8710
f 8722 8710 8723
f 8723 8710 8721
f 8714 8722 8723
f 8715 8714 8723
f 8715 8723 8347
f 8715 8347 8346
f 8343 8715 8346
f 8352 8351 8724
f 8352 8724 8725
f 8345 8352 8725
f 8345 8725 8726
f 8345 8726 8716
f 8717 8716 8726
f 8727 8718 8720
f 8728 8727 8720
f 8354 8727 8355
f 8354 8721 8727
f 8721 8718 8727
f 8356 8721 8354
f 8723 8721 8356
f 8347 8723 8356
f 8358 8357 8729
f 8730 8358 8729
f 8730 8731 8358
f 8731 8359 8358
f 8360 8359 8732
f 8359 8731 8732
f 8361 8360 8733
f 8360 8732 8733
f 8724 8351 8361
f 8724 8361 8734
f 8734 8361 8733
f 8725 8724 8734
f 8735 8727 8728
f 8736 8735 8728
f 8355 8735 8363
f 8727 8735 8355
f 8729 8737 8738
f 8729 8357 8737
f 8357 8365 8737
f 8730 8729 8738
f 8739 8735 8736
f 8740 8739 8736
f 8363 8739 8367
f 8735 8739 8363
f 8369 8368 8741
f 8369 8741 8742
f 8369 8742 8365
f 8365 8742 8737
f 8743 8739 8740
f 8744 8743 8740
f 8367 8745 8370
f 8367 8739 8745
f 8739 8743 8745
f 8370 8745 8371
f 8741 8372 8746
f 8368 8372 8741
f 8747 8742 8741
f 8746 8747 8741
f 8748 8743 8744
f 8749 8748 8744
f 8745 8743 8750
f 8750 8743 8748
f 8371 8750 8373
f 8745 8750 8371
f 8746 8374 8751
f 8372 8374 8746
f 8752 8747 8746
f 8751 8752 8746
f 8753 8748 8749
f 8754 8753 8749
f 8376 8753 8377
f 8376 8750 8753
f 8750 8748 8753
f 8373 8750 8376
f 8374 8379 8751
f 8380 8755 8756
f 8379 8380 8756
f 8379 8756 8752
f 8379 8752 8751
f 8756 8755 8757
f 8753 8754 8758
f 8377 8753 8758
f 8377 8758 8381
f 8381 8758 8759
f 8382 8381 8760
f 8381 8759 8760
f 8383 8382 8761
f 8382 8760 8761
f 8384 8383 8762
f 8383 8761 8762
f 8385 8384 8763
f 8384 8762 8763
f 8764 8763 8765
f 8764 8386 8763
f 8386 8385 8763
f 8386 8764 8387
f 8380 8388 8755
f 8755 8766 8757
f 8755 8388 8766
f 8388 8390 8766
f 8766 8390 8391
f 8767 8766 8391
f 8768 8769 8770
f 8768 8771 8772
f 8769 8768 8772
f 8771 8773 8774
f 8772 8771 8774
f 8773 8394 8393
f 8773 8393 8774
f 8774 8393 8775
f 8396 8776 8393
f 8393 8776 8775
f 8765 8397 8764
f 8765 8776 8397
f 8776 8396 8397
f 8387 8764 8397
f 8391 8777 8767
f 8398 8777 8391
f 8399 8778 8779
f 8399 8779 8398
f 8398 8779 8777
f 8779 8778 8780
f 8401 8768 8770
f 8401 8770 8402
f 8402 8770 8781
f 8403 8768 8401
f 8771 8768 8403
f 8404 8771 8403
f 8773 8771 8404
f 8394 8773 8404
f 8399 8405 8778
f 8406 8782 8783
f 8405 8406 8783
f 8405 8783 8780
f 8405 8780 8778
f 8783 8782 8784
f 8402 8781 8408
f 8781 8785 8408
f 8406 8409 8782
f 8411 8786 8787
f 8409 8411 8787
f 8409 8787 8784
f 8409 8784 8782
f 8787 8786 8788
f 8789 8412 8408
f 8789 8408 8790
f 8790 8408 8785
f 8412 8789 8413
f 8411 8415 8786
f 8416 8791 8792
f 8415 8416 8792
f 8415 8792 8788
f 8415 8788 8786
f 8792 8791 8793
f 8418 8789 8790
f 8418 8790 8419
f 8419 8790 8794
f 8413 8789 8418
f 8416 8421 8791
f 8422 8795 8796
f 8421 8422 8796
f 8421 8796 8793
f 8421 8793 8791
f 8796 8795 8797
f 8419 8794 8423
f 8794 8798 8423
f 8422 8424 8795
f 8795 8799 8797
f 8795 8424 8799
f 8424 8426 8799
f 8427 8800 8801
f 8427 8801 8426
f 8426 8801 8799
f 8801 8800 8802
f 8803 8804 8805
f 8803 8798 8804
f 8803 8428 8798
f 8428 8423 8798
f 8427 8429 8800
f 8800 8806 8802
f 8800 8429 8806
f 8429 8431 8806
f 8432 8807 8808
f 8432 8808 8431
f 8431 8808 8806
f 8807 8809 8810
f 8808 8807 8810
f 8809 8811 8812
f 8810 8809 8812
f 8812 8811 8813
f 8814 8815 8816
f 8814 8817 8818
f 8815 8814 8818
f 8805 8818 8817
f 8803 8805 8817
f 8803 8817 8434
f 8803 8434 8433
f 8428 8803 8433
f 8432 8435 8807
f 8436 8807 8435
f 8809 8807 8436
f 8438 8809 8436
f 8811 8809 8438
f 8811 8819 8813
f 8811 8438 8819
f 8438 8440 8819
f 8442 8820 8440
f 8440 8820 8819
f 8443 8821 8822
f 8443 8822 8442
f 8442 8822 8820
f 8821 8446 8445
f 8821 8445 8822
f 8822 8445 8823
f 8816 8448 8814
f 8816 8823 8448
f 8823 8445 8448
f 8450 8814 8448
f 8817 8814 8450
f 8434 8817 8450
f 8443 8451 8821
f 8446 8821 8451
f 8454 8453 8824
f 8825 8454 8824
f 8825 8826 8454
f 8826 8455 8454
f 8456 8455 8827
f 8455 8826 8827
f 8457 8828 8829
f 8457 8456 8828
f 8456 8827 8828
f 8828 8830 8829
f 8460 8831 8832
f 8459 8831 8460
f 8461 8460 8833
f 8460 8832 8833
f 8462 8461 8834
f 8461 8833 8834
f 8463 8462 8835
f 8462 8834 8835
f 8464 8463 8836
f 8463 8835 8836
f 8465 8464 8837
f 8464 8836 8837
f 8466 8465 8838
f 8465 8837 8838
f 8824 8453 8466
f 8824 8466 8839
f 8839 8466 8838
f 8825 8824 8839
f 8457 8829 8467
f 8469 8840 8841
f 8467 8840 8469
f 8467 8830 8840
f 8467 8829 8830
f 8840 8842 8841
f 8471 8843 8844
f 8470 8843 8471
f 8831 8459 8471
f 8844 8831 8471
f 8841 8845 8473
f 8469 8841 8473
f 8846 8841 8842
f 8845 8841 8846
f 8470 8474 8843
f 8843 8474 8847
f 8473 8845 8475
f 8845 8477 8475
f 8845 8846 8477
f 8846 8848 8477
f 8474 8849 8847
f 8478 8849 8474
f 8849 8478 8479
f 8850 8849 8479
f 8477 8848 8481
f 8848 8851 8481
f 8479 8482 8850
f 8850 8482 8852
f 8481 8851 8483
f 8851 8853 8483
f 8482 8854 8852
f 8484 8854 8482
f 8854 8484 8486
f 8855 8854 8486
f 8483 8853 8487
f 8853 8856 8487
f 8857 8488 8858
f 8857 8855 8488
f 8855 8486 8488
f 8857 8858 8859
f 8487 8856 8489
f 8856 8860 8489
f 8858 8491 8861
f 8488 8491 8858
f 8862 8859 8858
f 8862 8858 8863
f 8863 8858 8861
f 8862 8863 8864
f 8489 8860 8493
f 8860 8865 8493
f 8861 8866 8867
f 8861 8491 8866
f 8491 8495 8866
f 8863 8861 8867
f 8868 8863 8867
f 8864 8863 8868
f 8493 8865 8497
f 8865 8869 8497
f 8870 8498 8871
f 8870 8866 8498
f 8866 8495 8498
f 8870 8871 8872
f 8873 8499 8497
f 8873 8497 8874
f 8874 8497 8869
f 8499 8873 8500
f 8498 8501 8871
f 8502 8875 8876
f 8501 8502 8876
f 8501 8876 8872
f 8501 8872 8871
f 8876 8875 8877
f 8878 8873 8874
f 8879 8878 8874
f 8500 8878 8503
f 8873 8878 8500
f 8502 8504 8875
f 8505 8880 8881
f 8504 8505 8881
f 8504 8881 8877
f 8504 8877 8875
f 8881 8880 8882
f 8883 8878 8879
f 8884 8883 8879
f 8503 8883 8507
f 8878 8883 8503
f 8505 8508 8880
f 8510 8885 8886
f 8508 8510 8886
f 8508 8886 8882
f 8508 8882 8880
f 8886 8885 8887
f 8888 8883 8884
f 8889 8888 8884
f 8507 8888 8512
f 8883 8888 8507
f 8510 8514 8885
f 8515 8890 8891
f 8514 8515 8891
f 8514 8891 8887
f 8514 8887 8885
f 8891 8890 8892
f 8893 8888 8889
f 8894 8893 8889
f 8512 8893 8517
f 8888 8893 8512
f 8515 8519 8890
f 8520 8895 8896
f 8519 8520 8896
f 8519 8896 8892
f 8519 8892 8890
f 8896 8895 8897
f 8898 8893 8894
f 8899 8898 8894
f 8517 8900 8521
f 8517 8893 8900
f 8893 8898 8900
f 8521 8900 8523
f 8520 8526 8895
f 8528 8901 8902
f 8526 8528 8902
f 8526 8902 8897
f 8526 8897 8895
f 8901 8903 8904
f 8902 8901 8904
f 8903 8905 8906
f 8904 8903 8906
f 8905 8907 8908
f 8906 8905 8908
f 8907 8909 8910
f 8908 8907 8910
f 8899 8910 8909
f 8899 8909 8898
f 8898 8909 8911
f 8900 8898 8912
f 8912 8898 8911
f 8523 8913 8529
f 8523 8900 8913
f 8900 8912 8913
f 8529 8913 8530
f 8528 8535 8901
f 8537 8901 8535
f 8537 8914 8901
f 8914 8903 8901
f 8905 8903 8915
f 8915 8903 8914
f 8907 8905 8916
f 8916 8905 8915
f 8909 8907 8917
f 8917 8907 8916
f 8911 8909 8918
f 8918 8909 8917
f 8912 8911 8919
f 8919 8911 8918
f 8913 8912 8920
f 8920 8912 8919
f 8530 8921 8538
f 8530 8913 8921
f 8913 8920 8921
f 8538 8922 8539
f 8921 8922 8538
f 8539 8922 8540
f 8537 8543 8914
f 8545 8914 8543
f 8545 8923 8914
f 8923 8915 8914
f 8916 8915 8924
f 8924 8915 8923
f 8917 8916 8925
f 8925 8916 8924
f 8918 8917 8926
f 8926 8917 8925
f 8919 8918 8927
f 8927 8918 8926
f 8920 8919 8928
f 8928 8919 8927
f 8921 8920 8929
f 8929 8920 8928
f 8922 8921 8930
f 8930 8921 8929
f 8540 8930 8547
f 8922 8930 8540
f 8551 8550 8931
f 8551 8923 8545
f 8551 8931 8923
f 8931 8932 8923
f 8924 8923 8933
f 8933 8923 8932
f 8934 8935 8925
f 8934 8925 8933
f 8933 8925 8924
f 8926 8925 8935
f 8936 8926 8935
f 8927 8926 8936
f 8937 8927 8936
f 8928 8927 8937
f 8938 8928 8937
f 8938 8939 8940
f 8938 8940 8928
f 8928 8940 8929
f 8930 8929 8941
f 8941 8929 8940
f 8547 8942 8552
f 8547 8930 8942
f 8930 8941 8942
f 8552 8942 8553
f 8559 8558 8943
f 8559 8931 8550
f 8559 8943 8931
f 8943 8944 8931
f 8945 8946 8932
f 8945 8932 8944
f 8944 8932 8931
f 8933 8932 8946
f 8947 8933 8946
f 8934 8933 8947
f 8940 8939 8948
f 8941 8940 8948
f 8949 8941 8948
f 8949 8950 8951
f 8949 8951 8941
f 8941 8951 8942
f 8553 8952 8560
f 8553 8942 8952
f 8942 8951 8952
f 8560 8952 8561
f 8943 8565 8953
f 8558 8565 8943
f 8944 8943 8954
f 8954 8943 8953
f 8955 8945 8944
f 8954 8955 8944
f 8956 8951 8950
f 8957 8956 8950
f 8952 8951 8958
f 8958 8951 8956
f 8561 8958 8567
f 8952 8958 8561
f 8953 8570 8959
f 8565 8570 8953
f 8954 8953 8960
f 8960 8953 8959
f 8961 8955 8954
f 8960 8961 8954
f 8962 8956 8957
f 8963 8962 8957
f 8958 8956 8964
f 8964 8956 8962
f 8567 8964 8572
f 8958 8964 8567
f 8959 8575 8965
f 8570 8575 8959
f 8960 8959 8966
f 8966 8959 8965
f 8967 8961 8960
f 8967 8960 8968
f 8968 8960 8966
f 8967 8968 8969
f 8970 8962 8963
f 8971 8970 8963
f 8964 8962 8972
f 8972 8962 8970
f 8572 8972 8577
f 8964 8972 8572
f 8575 8579 8965
f 8580 8965 8579
f 8580 8973 8965
f 8973 8966 8965
f 8968 8966 8974
f 8974 8966 8973
f 8975 8969 8968
f 8974 8975 8968
f 8970 8971 8976
f 8976 8977 8978
f 8976 8978 8970
f 8970 8978 8972
f 8577 8978 8582
f 8972 8978 8577
f 8973 8585 8979
f 8580 8585 8973
f 8974 8973 8980
f 8980 8973 8979
f 8981 8975 8974
f 8980 8981 8974
f 8982 8978 8977
f 8983 8982 8977
f 8582 8984 8586
f 8582 8978 8984
f 8978 8982 8984
f 8586 8984 8587
f 8979 8590 8985
f 8585 8590 8979
f 8980 8979 8986
f 8986 8979 8985
f 8987 8981 8980
f 8986 8987 8980
f 8988 8982 8983
f 8989 8988 8983
f 8984 8982 8990
f 8990 8982 8988
f 8587 8990 8592
f 8984 8990 8587
f 8991 8992 8993
f 8991 8994 8995
f 8993 8994 8991
f 8985 8994 8996
f 8985 8594 8994
f 8985 8590 8594
f 8594 8995 8994
f 8986 8985 8996
f 8997 8986 8996
f 8987 8986 8997
f 8998 8988 8989
f 8999 8998 8989
f 8596 8998 8597
f 8596 8990 8998
f 8990 8988 8998
f 8592 8990 8596
f 9000 9001 9002
f 8992 9000 9002
f 8991 9000 8992
f 8991 8600 9000
f 8991 8601 8600
f 8602 8601 8991
f 8995 8602 8991
f 8594 8602 8995
f 8998 8999 9003
f 9004 9003 9005
f 8603 9003 9004
f 8603 8998 9003
f 8603 8597 8998
f 8603 9004 8604
f 8607 9001 9000
f 8607 8606 9001
f 8606 9006 9001
f 8600 8607 9000
f 9007 9008 9009
f 9007 9010 9011
f 9008 9007 9011
f 9011 9010 9012
f 9013 9004 9005
f 9014 9013 9005
f 8604 9013 8610
f 9004 9013 8604
f 8606 8612 9006
f 9006 8612 9015
f 9007 9009 9016
f 8614 9017 8615
f 8614 9007 9017
f 8614 9010 9007
f 9007 9016 9017
f 8616 9018 9019
f 8614 8616 9019
f 8614 9019 9012
f 8614 9012 9010
f 9019 9018 9020
f 9021 9013 9014
f 9022 9021 9014
f 8610 9021 8617
f 9013 9021 8610
f 8612 8619 9015
f 9015 8619 9023
f 9024 8620 8615
f 9024 8615 9025
f 9025 8615 9017
f 8623 9018 8616
f 8621 8620 9024
f 8624 9026 9027
f 8623 8624 9027
f 8623 9027 9020
f 8623 9020 9018
f 9027 9026 9028
f 9029 9021 9022
f 9030 9029 9022
f 8617 9029 8625
f 9021 9029 8617
f 8619 8627 9023
f 9023 8627 9031
f 9024 9025 9032
f 9032 8621 9024
f 9032 9033 8621
f 9033 8629 8621
f 9026 8630 9034
f 8624 8630 9026
f 9035 9028 9026
f 9035 9026 9036
f 9036 9026 9034
f 9036 9037 9038
f 9035 9036 9038
f 9037 9039 9040
f 9038 9037 9040
f 9030 9040 9039
f 9029 9030 9039
f 9029 9039 8632
f 9029 8632 8631
f 8625 9029 8631
f 8627 9041 9031
f 8633 9041 8627
f 9041 8633 8634
f 9042 9041 8634
f 9043 8635 8629
f 9043 8629 9044
f 9044 8629 9033
f 8635 9034 8630
f 8635 9043 9034
f 9043 9045 9034
f 9036 9034 9046
f 9046 9034 9045
f 8637 9046 8638
f 8637 9037 9046
f 9037 9036 9046
f 8639 9037 8637
f 9039 9037 8639
f 8632 9039 8639
f 8634 8640 9042
f 9042 8640 9047
f 9048 9043 9044
f 9049 9048 9044
f 9045 9043 9050
f 9050 9043 9048
f 8642 9050 8643
f 8642 9046 9050
f 9046 9045 9050
f 8638 9046 8642
f 8640 9051 9047
f 8644 9051 8640
f 9051 8644 8645
f 9052 9051 8645
f 9053 9054 9055
f 9049 9054 9053
f 9048 9049 9053
f 9048 9053 8648
f 9048 8648 8647
f 8650 9048 8647
f 9050 9048 8650
f 8643 9050 8650
f 8645 9056 9052
f 8651 9056 8645
f 8652 9057 9058
f 8652 9058 8651
f 8651 9058 9056
f 9058 9057 9059
f 9060 9061 9062
f 9055 9061 9060
f 9053 9055 9060
f 9053 9060 8655
f 9053 8655 8654
f 8648 9053 8654
f 8652 8657 9057
f 9057 9063 9059
f 9057 8657 9063
f 8657 8659 9063
f 8661 9064 8659
f 8659 9064 9063
f 8663 9065 8661
f 8661 9065 9064
f 9062 8664 9060
f 9062 9065 8664
f 9065 8663 8664
f 8655 9060 8664
f 8673 8672 9066
f 9067 8673 9066
f 9067 9068 8673
f 9068 8674 8673
f 8675 8674 9069
f 8674 9068 9069
f 9069 8676 8675
f 9070 8676 9069
f 8680 8679 9071
f 8680 9072 8681
f 9071 9072 8680
f 8681 9073 8682
f 9072 9073 8681
f 8682 9074 8683
f 9073 9074 8682
f 8683 9075 8684
f 9074 9075 8683
f 8684 9076 8685
f 9075 9076 8684
f 8685 9076 8687
f 8690 8689 9077
f 8690 9077 9078
f 8672 8690 9078
f 8672 9078 9079
f 8672 9079 9066
f 9067 9066 9079
f 8676 9070 9080
f 8691 8676 9080
f 9081 9080 9082
f 9081 8692 9080
f 8692 8691 9080
f 8692 9083 8693
f 9081 9083 8692
f 8693 9083 9084
f 8679 8693 9084
f 8679 9084 9085
f 8679 9085 9071
f 9072 9071 9085
f 9086 9072 9085
f 9073 9072 9086
f 9087 9073 9086
f 9074 9073 9087
f 9088 9074 9087
f 9075 9074 9088
f 9089 9075 9088
f 9076 9075 9089
f 9090 9076 9089
f 9091 9090 9092
f 8694 9090 9091
f 8694 9076 9090
f 8694 8687 9076
f 8694 9091 8696
f 9077 8698 9093
f 8689 8698 9077
f 9094 9078 9077
f 9093 9094 9077
f 9081 9082 9095
f 9083 9081 9095
f 9096 9083 9095
f 9084 9083 9096
f 9097 9091 9092
f 9098 9097 9092
f 8696 9097 8700
f 9091 9097 8696
f 8703 8702 9099
f 8703 9093 8698
f 8703 9099 9093
f 9099 9100 9093
f 9101 9094 9093
f 9100 9101 9093
f 9102 9097 9098
f 9103 9102 9098
f 8700 9102 8705
f 9097 9102 8700
f 9099 8709 9104
f 8702 8709 9099
f 9105 9106 9100
f 9105 9100 9104
f 9104 9100 9099
f 9101 9100 9106
f 9107 9102 9103
f 9108 9107 9103
f 8705 9107 8711
f 9102 9107 8705
f 8713 8712 9109
f 8713 9109 8714
f 9104 8717 9110
f 8709 8717 9104
f 9111 9105 9104
f 9110 9111 9104
f 9112 9113 9114
f 9108 9113 9112
f 9107 9108 9112
f 9107 9112 8720
f 9107 8720 8719
f 8711 9107 8719
f 8712 8722 9109
f 8714 9109 8722
f 8726 8725 9115
f 8726 9110 8717
f 8726 9115 9110
f 9115 9116 9110
f 9117 9111 9110
f 9116 9117 9110
f 9118 9119 9120
f 9114 9119 9118
f 9114 9118 9112
f 9112 9118 9121
f 8720 9121 8728
f 9112 9121 8720
f 8731 8730 9122
f 9123 8731 9122
f 9123 9124 8731
f 9124 8732 8731
f 8733 8732 9125
f 8732 9124 9125
f 8734 8733 9126
f 8733 9125 9126
f 9115 8725 8734
f 9115 8734 9127
f 9127 8734 9126
f 9116 9115 9127
f 9128 9116 9127
f 9117 9116 9128
f 9129 9118 9120
f 9130 9129 9120
f 9121 9118 9131
f 9131 9118 9129
f 8728 9131 8736
f 9121 9131 8728
f 8738 8737 9132
f 8738 9132 9133
f 8730 8738 9133
f 8730 9133 9134
f 8730 9134 9122
f 9123 9122 9134
f 9135 9129 9130
f 9136 9135 9130
f 9131 9129 9137
f 9137 9129 9135
f 8736 9137 8740
f 9131 9137 8736
f 9132 8742 9138
f 8737 8742 9132
f 9139 9133 9132
f 9138 9139 9132
f 9140 9135 9136
f 9141 9140 9136
f 9137 9135 9142
f 9142 9135 9140
f 8740 9142 8744
f 9137 9142 8740
f 9138 9143 9144
f 9138 8742 9143
f 8742 8747 9143
f 9139 9138 9144
f 9145 9140 9141
f 9146 9145 9141
f 9142 9140 9147
f 9147 9140 9145
f 8744 9147 8749
f 9142 9147 8744
f 9148 8752 9149
f 9148 9143 8752
f 9143 8747 8752
f 9148 9149 9150
f 9145 9146 9151
f 9147 9145 9151
f 9152 9147 9151
f 9147 8754 8749
f 9147 9153 8754
f 9147 9152 9153
f 9154 8754 9153
f 9154 9155 9156
f 9153 9155 9154
f 9156 9157 9158
f 9155 9157 9156
f 9158 9159 9160
f 9157 9159 9158
f 9159 9161 9160
f 8752 8756 9149
f 9149 8756 8757
f 9149 8757 9150
f 9150 8757 9162
f 8754 9154 8758
f 8759 8758 9154
f 9156 8759 9154
f 8760 8759 9156
f 9158 8760 9156
f 9163 9164 9165
f 9158 8761 8760
f 8761 9158 9160
f 8761 9160 8762
f 9161 8762 9160
f 8762 9161 9166
f 9164 9166 9161
f 9166 9164 9163
f 8762 9167 8763
f 9166 9167 8762
f 8763 9167 8765
f 8757 9168 9162
f 8766 9168 8757
f 8767 9169 9170
f 8767 9170 8766
f 8766 9170 9168
f 9170 9169 9171
f 9172 9173 9174
f 9172 8770 8769
f 9172 8769 9173
f 9173 8769 9175
f 8772 9176 8769
f 8769 9176 9175
f 9165 8774 9163
f 9165 9176 8774
f 9176 8772 8774
f 8775 9163 8774
f 9166 9163 8775
f 8776 9166 8775
f 9167 9166 8776
f 8765 9167 8776
f 8767 8777 9169
f 9169 9177 9171
f 9169 8777 9177
f 8777 8779 9177
f 9177 8779 8780
f 9178 9177 8780
f 9179 9172 9174
f 9180 9179 9174
f 8770 9179 8781
f 9172 9179 8770
f 8780 9181 9178
f 8783 9181 8780
f 8784 9182 9183
f 8784 9183 8783
f 8783 9183 9181
f 9183 9182 9184
f 9185 9179 9180
f 9186 9185 9180
f 8781 9185 8785
f 9179 9185 8781
f 8784 8787 9182
f 8788 9187 9188
f 8787 8788 9188
f 8787 9188 9184
f 8787 9184 9182
f 9188 9187 9189
f 9185 9186 9190
f 9190 8785 9185
f 9190 9191 8785
f 9191 8790 8785
f 8788 8792 9187
f 8793 9192 9193
f 8792 8793 9193
f 8792 9193 9189
f 8792 9189 9187
f 9192 9194 9195
f 9193 9192 9195
f 9195 9194 9196
f 8790 9191 8794
f 9191 9197 8794
f 8793 8796 9192
f 8797 9192 8796
f 8797 9198 9192
f 9198 9194 9192
f 9199 9196 9194
f 9199 9194 9200
f 9200 9194 9198
f 9199 9200 9201
f 9202 9203 9204
f 9202 9197 9203
f 9202 8798 9197
f 8798 8794 9197
f 8797 8799 9198
f 8801 9198 8799
f 9200 9198 8801
f 8802 9205 9206
f 8801 8802 9206
f 8801 9206 9201
f 8801 9201 9200
f 9205 9207 9208
f 9206 9205 9208
f 9207 9209 9210
f 9208 9207 9210
f 9210 9209 9211
f 9212 9213 9214
f 9212 9215 9216
f 9213 9212 9216
f 9215 9217 9218
f 9216 9215 9218
f 9204 9218 9217
f 9202 9204 9217
f 9202 9217 8805
f 9202 8805 8804
f 8798 9202 8804
f 8802 8806 9205
f 8808 9205 8806
f 9207 9205 8808
f 8810 9207 8808
f 9209 9207 8810
f 9209 9219 9211
f 9209 8810 9219
f 8810 8812 9219
f 8813 9220 9221
f 8813 9221 8812
f 8812 9221 9219
f 9220 9222 9223
f 9221 9220 9223
f 9222 9224 9225
f 9223 9222 9225
f 9214 9225 9224
f 9214 9224 9212
f 9212 9224 9226
f 8815 9226 8816
f 8815 9215 9226
f 9215 9212 9226
f 8818 9215 8815
f 9217 9215 8818
f 8805 9217 8818
f 8813 8819 9220
f 8820 9220 8819
f 9222 9220 8820
f 8822 9222 8820
f 9224 9222 8822
f 8823 9224 8822
f 9226 9224 8823
f 8816 9226 8823
f 8826 9227 9228
f 8825 9227 8826
f 8827 8826 9229
f 8826 9228 9229
f 8828 8827 9230
f 8827 9229 9230
f 8830 9231 9232
f 8830 8828 9231
f 8828 9230 9231
f 9231 9233 9232
f 8832 8831 9234
f 9235 8832 9234
f 9235 9236 8832
f 9236 8833 8832
f 8834 8833 9237
f 8833 9236 9237
f 8835 8834 9238
f 8834 9237 9238
f 8836 8835 9239
f 8835 9238 9239
f 8837 8836 9240
f 8836 9239 9240
f 8838 8837 9241
f 8837 9240 9241
f 8839 8838 9242
f 8838 9241 9242
f 9227 8825 8839
f 9242 9227 8839
f 8830 9232 8840
f 8842 9243 9244
f 8840 9243 8842
f 8840 9233 9243
f 8840 9232 9233
f 9243 9245 9244
f 8844 9246 9247
f 8843 9246 8844
f 9234 8831 8844
f 9234 8844 9248
f 9248 8844 9247
f 9235 9234 9248
f 9244 9249 8846
f 8842 9244 8846
f 9250 9244 9245
f 9249 9244 9250
f 9251 8847 9252
f 9251 9246 8847
f 9246 8843 8847
f 9251 9252 9253
f 9249 9254 8848
f 8846 9249 8848
f 9255 9249 9250
f 9254 9249 9255
f 8847 8849 9252
f 9252 8849 8850
f 9252 8850 9253
f 9253 8850 9256
f 9254 9257 8851
f 8848 9254 8851
f 9258 9254 9255
f 9257 9254 9258
f 9259 8852 9260
f 9259 9256 8852
f 9256 8850 8852
f 9259 9260 9261
f 9257 9262 8853
f 8851 9257 8853
f 9263 9257 9258
f 9262 9257 9263
f 8852 8854 9260
f 9260 8854 8855
f 9260 8855 9261
f 9261 8855 9264
f 9262 9265 9266
f 9262 9266 8853
f 8853 9266 8856
f 9263 9265 9262
f 8855 9267 9264
f 8857 9267 8855
f 9267 8857 8859
f 9268 9267 8859
f 9269 9270 9271
f 9269 9266 9270
f 9269 8860 9266
f 8860 8856 9266
f 8859 9272 9268
f 8862 9272 8859
f 8864 9273 9274
f 8864 9274 8862
f 8862 9274 9272
f 9274 9273 9275
f 9276 9269 9271
f 9277 9276 9271
f 8860 9276 8865
f 9269 9276 8860
f 8867 8866 9278
f 9279 8867 9278
f 9279 9280 8867
f 9280 8868 8867
f 9273 8864 8868
f 9273 8868 9281
f 9281 8868 9280
f 9275 9273 9281
f 9282 9283 9284
f 9277 9283 9282
f 9277 9282 9276
f 9276 9282 9285
f 8865 9285 8869
f 9276 9285 8865
f 8866 8870 9278
f 8872 9286 9287
f 8870 8872 9287
f 8870 9287 9279
f 8870 9279 9278
f 9287 9286 9288
f 9289 9282 9284
f 9290 9289 9284
f 9285 9282 9291
f 9291 9282 9289
f 8869 9291 8874
f 9285 9291 8869
f 8872 8876 9286
f 8877 9292 9293
f 8876 8877 9293
f 8876 9293 9288
f 8876 9288 9286
f 9293 9292 9294
f 9295 9289 9290
f 9296 9295 9290
f 9291 9289 9297
f 9297 9289 9295
f 8874 9297 8879
f 9291 9297 8874
f 8877 8881 9292
f 8882 9298 9299
f 8881 8882 9299
f 8881 9299 9294
f 8881 9294 9292
f 9298 9300 9301
f 9299 9298 9301
f 9301 9300 9302
f 9303 9295 9296
f 9304 9303 9296
f 9297 9295 9305
f 9305 9295 9303
f 8879 9305 8884
f 9297 9305 8879
f 8882 8886 9298
f 8887 9298 8886
f 8887 9306 9298
f 9306 9300 9298
f 9307 9302 9300
f 9307 9300 9308
f 9308 9300 9306
f 9308 9309 9310
f 9307 9308 9310
f 9309 9311 9312
f 9310 9309 9312
f 9311 9313 9314
f 9312 9311 9314
f 9304 9314 9313
f 9304 9313 9303
f 9303 9313 9315
f 9305 9303 9316
f 9316 9303 9315
f 8884 9316 8889
f 9305 9316 8884
f 8887 8891 9306
f 8892 9306 8891
f 8892 9317 9306
f 9317 9308 9306
f 9309 9308 9318
f 9318 9308 9317
f 9311 9309 9319
f 9319 9309 9318
f 9313 9311 9320
f 9320 9311 9319
f 9315 9313 9321
f 9321 9313 9320
f 9316 9315 9322
f 9322 9315 9321
f 8889 9322 8894
f 9316 9322 8889
f 8892 8896 9317
f 8897 9317 8896
f 8897 9323 9317
f 9323 9318 9317
f 9319 9318 9324
f 9324 9318 9323
f 9320 9319 9325
f 9325 9319 9324
f 9321 9320 9326
f 9326 9320 9325
f 9322 9321 9327
f 9327 9321 9326
f 8894 9327 8899
f 9322 9327 8894
f 8897 8902 9323
f 8904 9323 8902
f 9324 9323 8904
f 8906 9324 8904
f 9325 9324 8906
f 8908 9325 8906
f 9326 9325 8908
f 8910 9326 8908
f 9327 9326 8910
f 8899 9327 8910
f 8935 8934 9328
f 8935 9329 8936
f 9328 9329 8935
f 8936 9330 8937
f 9329 9330 8936
f 8937 9331 8938
f 9330 9331 8937
f 8938 9331 8939
f 8946 8945 9332
f 8946 9333 8947
f 9332 9333 8946
f 8947 9333 9334
f 8934 8947 9334
f 8934 9334 9335
f 8934 9335 9328
f 9329 9328 9335
f 9336 9329 9335
f 9336 9337 9338
f 9336 9338 9329
f 9329 9338 9330
f 9331 9330 9339
f 9339 9330 9338
f 8939 9340 8948
f 8939 9331 9340
f 9331 9339 9340
f 8948 9341 8949
f 9340 9341 8948
f 8949 9341 8950
f 9332 8955 9342
f 8945 8955 9332
f 9333 9332 9343
f 9343 9332 9342
f 9344 9334 9333
f 9343 9344 9333
f 9338 9337 9345
f 9345 9346 9347
f 9345 9347 9338
f 9338 9347 9339
f 9340 9339 9348
f 9348 9339 9347
f 9341 9340 9349
f 9349 9340 9348
f 8950 9349 8957
f 9341 9349 8950
f 9342 8961 9350
f 8955 8961 9342
f 9343 9342 9351
f 9351 9342 9350
f 9352 9344 9343
f 9351 9352 9343
f 9353 9347 9346
f 9354 9353 9346
f 9348 9347 9355
f 9355 9347 9353
f 9349 9348 9356
f 9356 9348 9355
f 8957 9356 8963
f 9349 9356 8957
f 8961 8967 9350
f 8969 9350 8967
f 8969 9357 9350
f 9357 9351 9350
f 9358 9352 9351
f 9357 9358 9351
f 9359 9360 9361
f 9354 9360 9359
f 9354 9359 9353
f 9353 9359 9362
f 9355 9353 9363
f 9363 9353 9362
f 9356 9355 9364
f 9364 9355 9363
f 8963 9364 8971
f 9356 9364 8963
f 9357 8975 9365
f 8969 8975 9357
f 9366 9358 9357
f 9366 9357 9367
f 9367 9357 9365
f 9367 9368 9369
f 9366 9367 9369
f 9361 9369 9368
f 9361 9368 9359
f 9359 9368 9370
f 9362 9359 9371
f 9371 9359 9370
f 9363 9362 9372
f 9372 9362 9371
f 9364 9363 9373
f 9373 9363 9372
f 8971 9374 8976
f 8971 9364 9374
f 9364 9373 9374
f 8976 9374 8977
f 9365 8981 9375
f 8975 8981 9365
f 9367 9365 9376
f 9376 9365 9375
f 9368 9367 9377
f 9377 9367 9376
f 9370 9368 9378
f 9378 9368 9377
f 9371 9370 9379
f 9379 9370 9378
f 9372 9371 9380
f 9380 9371 9379
f 9373 9372 9381
f 9381 9372 9380
f 9374 9373 9382
f 9382 9373 9381
f 8977 9382 8983
f 9374 9382 8977
f 9383 9384 9385
f 9383 9386 9387
f 9385 9386 9383
f 9387 9388 9389
f 9386 9388 9387
f 9389 9390 9391
f 9388 9390 9389
f 9390 9392 9391
f 9375 8987 9393
f 8981 8987 9375
f 9376 9375 9394
f 9394 9375 9393
f 9377 9376 9395
f 9395 9376 9394
f 9378 9377 9396
f 9396 9377 9395
f 9379 9378 9397
f 9397 9378 9396
f 9380 9379 9398
f 9398 9379 9397
f 9381 9380 9399
f 9399 9380 9398
f 9382 9381 9400
f 9400 9381 9399
f 8983 9400 8989
f 9382 9400 8983
f 9401 9384 9383
f 9402 9384 9401
f 8993 8992 9401
f 8993 9401 9387
f 9387 9401 9383
f 8994 8993 9387
f 9389 8994 9387
f 8996 8994 9389
f 9391 8996 9389
f 9391 9392 9403
f 9391 9403 8996
f 8996 9403 8997
f 8987 8997 9403
f 8987 9403 9404
f 8987 9404 9393
f 9405 9404 9403
f 9394 9393 9406
f 9406 9393 9404
f 9395 9394 9407
f 9407 9394 9406
f 9396 9395 9408
f 9408 9395 9407
f 9397 9396 9409
f 9409 9396 9408
f 9398 9397 9410
f 9410 9397 9409
f 9399 9398 9411
f 9411 9398 9410
f 9400 9399 9412
f 9412 9399 9411
f 8989 9412 8999
f 9400 9412 8989
f 9413 9414 9415
f 9402 9413 9415
f 9401 9413 9402
f 9401 9001 9413
f 9401 9002 9001
f 8992 9002 9401
f 9404 9405 9416
f 9416 9417 9418
f 9416 9418 9404
f 9404 9418 9406
f 9407 9406 9419
f 9419 9406 9418
f 9408 9407 9420
f 9420 9407 9419
f 9409 9408 9421
f 9421 9408 9420
f 9410 9409 9422
f 9422 9409 9421
f 9411 9410 9423
f 9423 9410 9422
f 9412 9411 9424
f 9424 9411 9423
f 8999 9425 9003
f 8999 9412 9425
f 9412 9424 9425
f 9003 9425 9005
f 9426 9414 9413
f 9427 9414 9426
f 9001 9006 9426
f 9413 9001 9426
f 9418 9417 9428
f 9008 9429 9009
f 9008 9418 9429
f 9008 9419 9418
f 9418 9428 9429
f 9011 9419 9008
f 9420 9419 9011
f 9012 9420 9011
f 9012 9430 9420
f 9430 9421 9420
f 9422 9421 9431
f 9431 9421 9430
f 9423 9422 9432
f 9432 9422 9431
f 9424 9423 9433
f 9433 9423 9432
f 9425 9424 9434
f 9434 9424 9433
f 9005 9434 9014
f 9425 9434 9005
f 9435 9427 9426
f 9436 9427 9435
f 9006 9015 9435
f 9426 9006 9435
f 9437 9016 9009
f 9437 9009 9438
f 9438 9009 9429
f 9016 9437 9017
f 9012 9019 9430
f 9020 9430 9019
f 9020 9439 9430
f 9439 9431 9430
f 9432 9431 9440
f 9440 9431 9439
f 9433 9432 9441
f 9441 9432 9440
f 9434 9433 9442
f 9442 9433 9441
f 9014 9442 9022
f 9434 9442 9014
f 9435 9443 9436
f 9443 9435 9015
f 9443 9015 9444
f 9444 9015 9023
f 9437 9438 9445
f 9445 9017 9437
f 9445 9446 9017
f 9446 9025 9017
f 9020 9027 9439
f 9028 9439 9027
f 9028 9447 9439
f 9447 9440 9439
f 9441 9440 9448
f 9448 9440 9447
f 9442 9441 9449
f 9449 9441 9448
f 9022 9449 9030
f 9442 9449 9022
f 9023 9031 9444
f 9444 9031 9450
f 9451 9032 9025
f 9451 9025 9452
f 9452 9025 9446
f 9032 9451 9033
f 9028 9035 9447
f 9038 9447 9035
f 9448 9447 9038
f 9040 9448 9038
f 9449 9448 9040
f 9030 9449 9040
f 9031 9453 9450
f 9041 9453 9031
f 9453 9041 9042
f 9454 9453 9042
f 9455 9451 9452
f 9456 9455 9452
f 9033 9455 9044
f 9451 9455 9033
f 9457 9047 9458
f 9457 9454 9047
f 9454 9042 9047
f 9457 9458 9459
f 9460 9455 9456
f 9461 9460 9456
f 9044 9460 9049
f 9455 9460 9044
f 9047 9051 9458
f 9052 9462 9463
f 9051 9052 9463
f 9051 9463 9459
f 9051 9459 9458
f 9463 9462 9464
f 9465 9466 9467
f 9461 9466 9465
f 9460 9461 9465
f 9460 9465 9055
f 9460 9055 9054
f 9049 9460 9054
f 9052 9056 9462
f 9462 9468 9464
f 9462 9056 9468
f 9056 9058 9468
f 9059 9469 9470
f 9059 9470 9058
f 9058 9470 9468
f 9469 9471 9472
f 9470 9469 9472
f 9471 9473 9474
f 9472 9471 9474
f 9467 9474 9473
f 9465 9467 9473
f 9465 9473 9062
f 9465 9062 9061
f 9055 9465 9061
f 9059 9063 9469
f 9064 9469 9063
f 9471 9469 9064
f 9065 9471 9064
f 9473 9471 9065
f 9062 9473 9065
f 9068 9067 9475
f 9068 9476 9069
f 9475 9476 9068
f 9069 9476 9070
f 9079 9078 9477
f 9079 9475 9067
f 9079 9477 9475
f 9477 9478 9475
f 9476 9475 9479
f 9479 9475 9478
f 9070 9480 9080
f 9070 9476 9480
f 9476 9479 9480
f 9080 9480 9082
f 9085 9084 9481
f 9085 9482 9086
f 9481 9482 9085
f 9086 9483 9087
f 9482 9483 9086
f 9087 9484 9088
f 9483 9484 9087
f 9088 9485 9089
f 9484 9485 9088
f 9089 9486 9090
f 9485 9486 9089
f 9090 9486 9092
f 9477 9094 9487
f 9078 9094 9477
f 9478 9477 9488
f 9488 9477 9487
f 9479 9478 9489
f 9489 9478 9488
f 9490 9491 9480
f 9490 9480 9489
f 9489 9480 9479
f 9082 9480 9491
f 9082 9491 9095
f 9095 9491 9492
f 9096 9095 9493
f 9095 9492 9493
f 9084 9096 9493
f 9084 9493 9494
f 9084 9494 9481
f 9495 9494 9493
f 9482 9481 9496
f 9496 9481 9494
f 9483 9482 9497
f 9497 9482 9496
f 9484 9483 9498
f 9498 9483 9497
f 9485 9484 9499
f 9499 9484 9498
f 9486 9485 9500
f 9500 9485 9499
f 9092 9500 9098
f 9486 9500 9092
f 9487 9101 9501
f 9094 9101 9487
f 9488 9487 9502
f 9502 9487 9501
f 9489 9488 9503
f 9503 9488 9502
f 9504 9490 9489
f 9503 9504 9489
f 9505 9494 9495
f 9506 9505 9495
f 9496 9494 9507
f 9507 9494 9505
f 9497 9496 9508
f 9508 9496 9507
f 9498 9497 9509
f 9509 9497 9508
f 9499 9498 9510
f 9510 9498 9509
f 9500 9499 9511
f 9511 9499 9510
f 9098 9511 9103
f 9500 9511 9098
f 9106 9105 9512
f 9106 9501 9101
f 9106 9512 9501
f 9512 9513 9501
f 9502 9501 9514
f 9514 9501 9513
f 9515 9516 9503
f 9515 9503 9514
f 9514 9503 9502
f 9504 9503 9516
f 9517 9518 9519
f 9506 9518 9517
f 9506 9517 9505
f 9505 9517 9520
f 9507 9505 9521
f 9521 9505 9520
f 9522 9523 9508
f 9522 9508 9521
f 9521 9508 9507
f 9523 9524 9525
f 9523 9525 9508
f 9508 9525 9509
f 9510 9509 9526
f 9526 9509 9525
f 9511 9510 9527
f 9527 9510 9526
f 9103 9527 9108
f 9511 9527 9103
f 9512 9111 9528
f 9105 9111 9512
f 9513 9512 9529
f 9529 9512 9528
f 9530 9531 9514
f 9530 9514 9529
f 9529 9514 9513
f 9515 9514 9531
f 9532 9517 9519
f 9533 9532 9519
f 9520 9517 9534
f 9534 9517 9532
f 9535 9536 9521
f 9535 9521 9534
f 9534 9521 9520
f 9522 9521 9536
f 9537 9525 9524
f 9538 9537 9524
f 9526 9525 9539
f 9539 9525 9537
f 9113 9539 9114
f 9113 9527 9539
f 9527 9526 9539
f 9108 9527 9113
f 9528 9117 9540
f 9111 9117 9528
f 9541 9542 9529
f 9541 9529 9540
f 9540 9529 9528
f 9530 9529 9542
f 9532 9533 9543
f 9534 9532 9543
f 9544 9534 9543
f 9535 9534 9544
f 9545 9537 9538
f 9546 9545 9538
f 9119 9545 9120
f 9119 9539 9545
f 9539 9537 9545
f 9114 9539 9119
f 9124 9123 9547
f 9124 9548 9125
f 9547 9548 9124
f 9125 9549 9126
f 9548 9549 9125
f 9126 9550 9127
f 9549 9550 9126
f 9127 9551 9128
f 9550 9551 9127
f 9128 9540 9117
f 9128 9551 9540
f 9551 9552 9540
f 9553 9541 9540
f 9552 9553 9540
f 9554 9545 9546
f 9555 9554 9546
f 9120 9554 9130
f 9545 9554 9120
f 9134 9133 9556
f 9134 9556 9557
f 9123 9134 9557
f 9123 9557 9558
f 9123 9558 9547
f 9548 9547 9558
f 9559 9548 9558
f 9549 9548 9559
f 9560 9549 9559
f 9550 9549 9560
f 9561 9550 9560
f 9551 9550 9561
f 9562 9551 9561
f 9552 9551 9562
f 9563 9552 9562
f 9553 9552 9563
f 9564 9554 9555
f 9565 9564 9555
f 9130 9564 9136
f 9554 9564 9130
f 9556 9139 9566
f 9133 9139 9556
f 9567 9557 9556
f 9566 9567 9556
f 9568 9564 9565
f 9569 9568 9565
f 9136 9568 9141
f 9564 9568 9136
f 9144 9143 9570
f 9144 9570 9571
f 9139 9144 9571
f 9139 9571 9572
f 9139 9572 9566
f 9567 9566 9572
f 9573 9568 9569
f 9574 9573 9569
f 9141 9573 9146
f 9568 9573 9141
f 9143 9148 9570
f 9570 9148 9150
f 9570 9150 9571
f 9571 9150 9575
f 9573 9574 9576
f 9146 9573 9576
f 9146 9576 9151
f 9151 9576 9577
f 9152 9151 9578
f 9151 9577 9578
f 9153 9152 9579
f 9152 9578 9579
f 9580 9579 9581
f 9580 9155 9579
f 9155 9153 9579
f 9155 9582 9157
f 9580 9582 9155
f 9157 9583 9159
f 9582 9583 9157
f 9159 9583 9161
f 9584 9162 9585
f 9584 9575 9162
f 9575 9150 9162
f 9584 9585 9586
f 9587 9588 9589
f 9587 9590 9591
f 9588 9587 9591
f 9590 9592 9593
f 9591 9590 9593
f 9581 9593 9592
f 9581 9592 9580
f 9580 9592 9594
f 9582 9580 9595
f 9595 9580 9594
f 9164 9595 9165
f 9164 9583 9595
f 9583 9582 9595
f 9161 9583 9164
f 9162 9168 9585
f 9585 9596 9586
f 9585 9168 9596
f 9168 9170 9596
f 9596 9170 9171
f 9597 9596 9171
f 9587 9589 9598
f 9598 9599 9600
f 9598 9600 9587
f 9587 9600 9590
f 9173 9600 9174
f 9173 9592 9600
f 9592 9590 9600
f 9175 9592 9173
f 9594 9592 9175
f 9176 9594 9175
f 9595 9594 9176
f 9165 9595 9176
f 9171 9601 9597
f 9177 9601 9171
f 9178 9602 9603
f 9178 9603 9177
f 9177 9603 9601
f 9602 9604 9605
f 9603 9602 9605
f 9605 9604 9606
f 9600 9599 9607
f 9607 9174 9600
f 9607 9608 9174
f 9608 9180 9174
f 9178 9181 9602
f 9183 9602 9181
f 9604 9602 9183
f 9184 9609 9610
f 9183 9184 9610
f 9183 9610 9606
f 9183 9606 9604
f 9610 9609 9611
f 9180 9608 9186
f 9608 9612 9186
f 9184 9188 9609
f 9189 9613 9614
f 9188 9189 9614
f 9188 9614 9611
f 9188 9611 9609
f 9613 9615 9616
f 9614 9613 9616
f 9616 9615 9617
f 9618 9190 9186
f 9618 9186 9619
f 9619 9186 9612
f 9190 9618 9191
f 9189 9193 9613
f 9195 9613 9193
f 9615 9613 9195
f 9196 9620 9621
f 9195 9196 9621
f 9195 9621 9617
f 9195 9617 9615
f 9620 9622 9623
f 9621 9620 9623
f 9623 9622 9624
f 9625 9626 9627
f 9625 9628 9629
f 9626 9625 9629
f 9619 9629 9628
f 9619 9628 9618
f 9618 9628 9630
f 9191 9630 9197
f 9618 9630 9191
f 9196 9199 9620
f 9201 9620 9199
f 9201 9631 9620
f 9631 9622 9620
f 9632 9624 9622
f 9632 9622 9633
f 9633 9622 9631
f 9633 9634 9635
f 9632 9633 9635
f 9634 9636 9637
f 9635 9634 9637
f 9636 9638 9639
f 9637 9636 9639
f 9638 9640 9641
f 9639 9638 9641
f 9640 9642 9643
f 9641 9640 9643
f 9642 9644 9645
f 9643 9642 9645
f 9627 9645 9644
f 9627 9644 9625
f 9625 9644 9646
f 9628 9625 9647
f 9647 9625 9646
f 9203 9647 9204
f 9203 9630 9647
f 9630 9628 9647
f 9197 9630 9203
f 9201 9206 9631
f 9208 9631 9206
f 9633 9631 9208
f 9210 9633 9208
f 9634 9633 9210
f 9211 9634 9210
f 9211 9648 9634
f 9648 9636 9634
f 9638 9636 9649
f 9649 9636 9648
f 9640 9638 9650
f 9650 9638 9649
f 9642 9640 9651
f 9651 9640 9650
f 9213 9651 9214
f 9213 9644 9651
f 9644 9642 9651
f 9216 9644 9213
f 9646 9644 9216
f 9218 9646 9216
f 9647 9646 9218
f 9204 9647 9218
f 9211 9219 9648
f 9221 9648 9219
f 9649 9648 9221
f 9223 9649 9221
f 9650 9649 9223
f 9225 9650 9223
f 9651 9650 9225
f 9214 9651 9225
f 9228 9227 9652
f 9653 9228 9652
f 9653 9654 9228
f 9654 9229 9228
f 9230 9229 9655
f 9229 9654 9655
f 9231 9230 9656
f 9230 9655 9656
f 9233 9657 9658
f 9233 9231 9657
f 9231 9656 9657
f 9657 9659 9658
f 9236 9235 9660
f 9661 9236 9660
f 9661 9662 9236
f 9662 9237 9236
f 9238 9237 9663
f 9237 9662 9663
f 9239 9238 9664
f 9238 9663 9664
f 9240 9239 9665
f 9239 9664 9665
f 9241 9240 9666
f 9240 9665 9666
f 9242 9241 9667
f 9241 9666 9667
f 9652 9227 9242
f 9652 9242 9668
f 9668 9242 9667
f 9653 9652 9668
f 9233 9658 9243
f 9658 9245 9243
f 9658 9659 9245
f 9659 9669 9245
f 9247 9246 9670
f 9671 9247 9670
f 9671 9672 9247
f 9672 9248 9247
f 9660 9235 9248
f 9660 9248 9673
f 9673 9248 9672
f 9661 9660 9673
f 9245 9669 9250
f 9669 9674 9250
f 9246 9251 9670
f 9670 9251 9253
f 9670 9253 9671
f 9671 9253 9675
f 9676 9677 9255
f 9676 9255 9674
f 9674 9255 9250
f 9676 9678 9677
f 9679 9256 9680
f 9679 9675 9256
f 9675 9253 9256
f 9679 9680 9681
f 9677 9682 9258
f 9255 9677 9258
f 9683 9677 9678
f 9682 9677 9683
f 9256 9259 9680
f 9680 9259 9261
f 9680 9261 9681
f 9681 9261 9684
f 9682 9685 9263
f 9258 9682 9263
f 9686 9682 9683
f 9685 9682 9686
f 9687 9264 9688
f 9687 9684 9264
f 9684 9261 9264
f 9687 9688 9689
f 9265 9690 9266
f 9265 9691 9690
f 9263 9691 9265
f 9263 9692 9691
f 9263 9685 9692
f 9686 9692 9685
f 9264 9267 9688
f 9268 9693 9694
f 9267 9268 9694
f 9267 9694 9689
f 9267 9689 9688
f 9694 9693 9695
f 9270 9696 9271
f 9270 9697 9696
f 9266 9697 9270
f 9266 9698 9697
f 9266 9690 9698
f 9691 9698 9690
f 9268 9272 9693
f 9693 9699 9695
f 9693 9272 9699
f 9272 9274 9699
f 9275 9700 9701
f 9275 9701 9274
f 9274 9701 9699
f 9701 9700 9702
f 9703 9704 9705
f 9696 9706 9704
f 9696 9704 9277
f 9696 9277 9271
f 9277 9704 9703
f 9697 9706 9696
f 9280 9279 9707
f 9280 9708 9281
f 9707 9708 9280
f 9281 9708 9709
f 9275 9281 9709
f 9275 9709 9710
f 9275 9710 9700
f 9702 9700 9710
f 9711 9712 9713
f 9705 9712 9711
f 9703 9705 9711
f 9703 9711 9284
f 9703 9284 9283
f 9277 9703 9283
f 9279 9287 9707
f 9288 9707 9287
f 9288 9714 9707
f 9714 9708 9707
f 9715 9709 9708
f 9714 9715 9708
f 9716 9717 9718
f 9713 9717 9716
f 9713 9716 9711
f 9711 9716 9719
f 9284 9719 9290
f 9711 9719 9284
f 9288 9293 9714
f 9294 9720 9721
f 9293 9294 9721
f 9293 9721 9715
f 9293 9715 9714
f 9720 9722 9723
f 9721 9720 9723
f 9722 9724 9725
f 9723 9722 9725
f 9724 9726 9727
f 9725 9724 9727
f 9718 9727 9726
f 9718 9726 9716
f 9716 9726 9728
f 9719 9716 9729
f 9729 9716 9728
f 9290 9729 9296
f 9719 9729 9290
f 9294 9299 9720
f 9301 9720 9299
f 9722 9720 9301
f 9302 9722 9301
f 9302 9730 9722
f 9730 9724 9722
f 9726 9724 9731
f 9731 9724 9730
f 9728 9726 9732
f 9732 9726 9731
f 9729 9728 9733
f 9733 9728 9732
f 9296 9733 9304
f 9729 9733 9296
f 9302 9307 9730
f 9310 9730 9307
f 9731 9730 9310
f 9312 9731 9310
f 9732 9731 9312
f 9314 9732 9312
f 9733 9732 9314
f 9304 9733 9314
f 9335 9334 9734
f 9335 9735 9336
f 9734 9735 9335
f 9336 9735 9337
f 9734 9344 9736
f 9334 9344 9734
f 9735 9734 9737
f 9737 9734 9736
f 9337 9738 9345
f 9337 9735 9738
f 9735 9737 9738
f 9345 9738 9346
f 9736 9352 9739
f 9344 9352 9736
f 9737 9736 9740
f 9740 9736 9739
f 9738 9737 9741
f 9741 9737 9740
f 9346 9741 9354
f 9738 9741 9346
f 9739 9358 9742
f 9352 9358 9739
f 9740 9739 9743
f 9743 9739 9742
f 9360 9743 9361
f 9360 9741 9743
f 9741 9740 9743
f 9354 9741 9360
f 9358 9366 9742
f 9369 9742 9366
f 9743 9742 9369
f 9361 9743 9369
f 9744 9745 9746
f 9744 9747 9748
f 9746 9747 9744
f 9748 9749 9750
f 9747 9749 9748
f 9750 9751 9752
f 9749 9751 9750
f 9751 9753 9752
f 9754 9755 9756
f 9745 9754 9756
f 9744 9754 9745
f 9744 9384 9754
f 9744 9385 9384
f 9386 9385 9744
f 9748 9386 9744
f 9388 9386 9748
f 9750 9388 9748
f 9390 9388 9750
f 9752 9390 9750
f 9392 9757 9758
f 9390 9757 9392
f 9390 9753 9757
f 9390 9752 9753
f 9757 9759 9758
f 9760 9755 9754
f 9761 9755 9760
f 9384 9402 9760
f 9754 9384 9760
f 9392 9758 9403
f 9405 9762 9763
f 9403 9762 9405
f 9403 9759 9762
f 9403 9758 9759
f 9762 9764 9763
f 9415 9761 9760
f 9415 9414 9761
f 9414 9765 9761
f 9402 9415 9760
f 9405 9763 9416
f 9763 9417 9416
f 9763 9764 9417
f 9764 9766 9417
f 9414 9427 9765
f 9765 9427 9767
f 9417 9766 9768
f 9428 9417 9768
f 9768 9429 9428
f 9769 9429 9768
f 9427 9436 9767
f 9767 9436 9770
f 9429 9769 9438
f 9769 9771 9438
f 9436 9772 9770
f 9443 9772 9436
f 9772 9443 9444
f 9773 9772 9444
f 9774 9445 9438
f 9774 9438 9775
f 9775 9438 9771
f 9445 9774 9446
f 9444 9450 9773
f 9773 9450 9776
f 9777 9774 9775
f 9778 9777 9775
f 9446 9777 9452
f 9774 9777 9446
f 9450 9779 9776
f 9453 9779 9450
f 9779 9453 9454
f 9780 9779 9454
f 9781 9777 9778
f 9782 9781 9778
f 9452 9781 9456
f 9777 9781 9452
f 9454 9783 9780
f 9457 9783 9454
f 9459 9784 9785
f 9459 9785 9457
f 9457 9785 9783
f 9785 9784 9786
f 9787 9788 9789
f 9782 9788 9787
f 9782 9787 9781
f 9781 9787 9790
f 9456 9790 9461
f 9781 9790 9456
f 9459 9463 9784
f 9464 9791 9792
f 9463 9464 9792
f 9463 9792 9786
f 9463 9786 9784
f 9791 9793 9794
f 9792 9791 9794
f 9793 9795 9796
f 9794 9793 9796
f 9789 9796 9795
f 9789 9795 9787
f 9787 9795 9797
f 9466 9797 9467
f 9466 9790 9797
f 9790 9787 9797
f 9461 9790 9466
f 9464 9468 9791
f 9470 9791 9468
f 9793 9791 9470
f 9472 9793 9470
f 9795 9793 9472
f 9474 9795 9472
f 9797 9795 9474
f 9467 9797 9474
f 9491 9798 9799
f 9490 9798 9491
f 9492 9491 9800
f 9491 9799 9800
f 9801 9800 9802
f 9801 9493 9800
f 9493 9492 9800
f 9493 9801 9495
f 9803 9804 9805
f 9803 9805 9798
f 9803 9798 9504
f 9504 9798 9490
f 9806 9807 9808
f 9802 9807 9806
f 9802 9806 9801
f 9801 9806 9809
f 9495 9809 9506
f 9801 9809 9495
f 9516 9804 9803
f 9516 9515 9804
f 9515 9810 9804
f 9504 9516 9803
f 9811 9806 9808
f 9812 9811 9808
f 9518 9811 9519
f 9518 9809 9811
f 9809 9806 9811
f 9506 9809 9518
f 9523 9522 9813
f 9523 9813 9524
f 9531 9530 9814
f 9531 9814 9815
f 9531 9815 9515
f 9515 9815 9810
f 9816 9811 9812
f 9817 9816 9812
f 9519 9816 9533
f 9811 9816 9519
f 9536 9535 9818
f 9536 9813 9522
f 9536 9818 9813
f 9818 9819 9813
f 9524 9819 9538
f 9813 9819 9524
f 9542 9541 9820
f 9542 9814 9530
f 9542 9820 9814
f 9820 9821 9814
f 9822 9815 9814
f 9821 9822 9814
f 9823 9816 9817
f 9824 9823 9817
f 9533 9825 9543
f 9533 9816 9825
f 9816 9823 9825
f 9543 9826 9544
f 9825 9826 9543
f 9544 9818 9535
f 9544 9826 9818
f 9826 9827 9818
f 9819 9818 9828
f 9828 9818 9827
f 9538 9828 9546
f 9819 9828 9538
f 9820 9553 9829
f 9541 9553 9820
f 9821 9820 9830
f 9830 9820 9829
f 9831 9822 9821
f 9830 9831 9821
f 9823 9824 9832
f 9832 9833 9834
f 9832 9834 9823
f 9823 9834 9825
f 9826 9825 9835
f 9835 9825 9834
f 9827 9826 9836
f 9836 9826 9835
f 9828 9827 9837
f 9837 9827 9836
f 9546 9837 9555
f 9828 9837 9546
f 9558 9557 9838
f 9558 9839 9559
f 9838 9839 9558
f 9840 9559 9839
f 9840 9841 9559
f 9841 9560 9559
f 9561 9560 9842
f 9560 9841 9842
f 9562 9561 9843
f 9561 9842 9843
f 9563 9562 9844
f 9562 9843 9844
f 9829 9553 9563
f 9829 9563 9845
f 9845 9563 9844
f 9845 9846 9847
f 9845 9847 9829
f 9829 9847 9830
f 9848 9831 9830
f 9848 9830 9849
f 9849 9830 9847
f 9848 9849 9850
f 9851 9834 9833
f 9852 9851 9833
f 9853 9854 9835
f 9853 9835 9851
f 9851 9835 9834
f 9854 9855 9856
f 9854 9856 9835
f 9835 9856 9836
f 9837 9836 9857
f 9857 9836 9856
f 9555 9857 9565
f 9837 9857 9555
f 9838 9567 9858
f 9557 9567 9838
f 9859 9860 9839
f 9859 9839 9858
f 9858 9839 9838
f 9840 9839 9860
f 9847 9846 9861
f 9849 9847 9861
f 9862 9849 9861
f 9850 9849 9862
f 9863 9851 9852
f 9864 9863 9852
f 9865 9853 9851
f 9865 9851 9866
f 9866 9851 9863
f 9855 9865 9866
f 9855 9866 9856
f 9856 9866 9867
f 9857 9856 9868
f 9868 9856 9867
f 9565 9868 9569
f 9857 9868 9565
f 9572 9571 9869
f 9572 9869 9870
f 9567 9572 9870
f 9567 9870 9871
f 9567 9871 9858
f 9859 9858 9871
f 9863 9864 9872
f 9866 9863 9872
f 9873 9866 9872
f 9867 9866 9873
f 9874 9867 9873
f 9874 9875 9876
f 9874 9876 9867
f 9867 9876 9868
f 9569 9876 9574
f 9868 9876 9569
f 9869 9575 9877
f 9571 9575 9869
f 9878 9870 9869
f 9877 9878 9869
f 9876 9875 9879
f 9880 9879 9881
f 9576 9879 9880
f 9576 9876 9879
f 9576 9574 9876
f 9576 9882 9577
f 9880 9882 9576
f 9577 9883 9578
f 9882 9883 9577
f 9578 9884 9579
f 9883 9884 9578
f 9579 9884 9581
f 9575 9584 9877
f 9586 9885 9886
f 9584 9586 9886
f 9584 9886 9878
f 9584 9878 9877
f 9886 9885 9887
f 9880 9881 9888
f 9588 9889 9589
f 9588 9880 9889
f 9588 9882 9880
f 9880 9888 9889
f 9591 9882 9588
f 9883 9882 9591
f 9593 9883 9591
f 9884 9883 9593
f 9581 9884 9593
f 9586 9596 9885
f 9597 9890 9891
f 9596 9597 9891
f 9596 9891 9887
f 9596 9887 9885
f 9891 9890 9892
f 9893 9598 9589
f 9893 9589 9894
f 9894 9589 9889
f 9598 9893 9599
f 9597 9601 9890
f 9890 9895 9892
f 9890 9601 9895
f 9601 9603 9895
f 9605 9896 9603
f 9603 9896 9895
f 9606 9897 9898
f 9606 9898 9605
f 9605 9898 9896
f 9898 9897 9899
f 9893 9894 9900
f 9901 9900 9902
f 9607 9900 9901
f 9607 9893 9900
f 9607 9599 9893
f 9607 9901 9608
f 9606 9610 9897
f 9611 9903 9904
f 9610 9611 9904
f 9610 9904 9899
f 9610 9899 9897
f 9903 9905 9906
f 9904 9903 9906
f 9906 9905 9907
f 9908 9909 9910
f 9902 9909 9908
f 9902 9908 9901
f 9901 9908 9911
f 9608 9911 9612
f 9901 9911 9608
f 9611 9614 9903
f 9616 9903 9614
f 9905 9903 9616
f 9617 9912 9913
f 9616 9617 9913
f 9616 9913 9907
f 9616 9907 9905
f 9912 9914 9915
f 9913 9912 9915
f 9914 9916 9917
f 9915 9914 9917
f 9916 9918 9919
f 9917 9916 9919
f 9919 9918 9920
f 9921 9922 9923
f 9910 9922 9921
f 9910 9921 9908
f 9908 9921 9924
f 9911 9908 9925
f 9925 9908 9924
f 9612 9925 9619
f 9911 9925 9612
f 9617 9621 9912
f 9623 9912 9621
f 9914 9912 9623
f 9624 9914 9623
f 9624 9926 9914
f 9926 9916 9914
f 9918 9916 9927
f 9927 9916 9926
f 9928 9920 9918
f 9928 9918 9929
f 9929 9918 9927
f 9929 9930 9931
f 9928 9929 9931
f 9930 9932 9933
f 9931 9930 9933
f 9932 9934 9935
f 9933 9932 9935
f 9923 9935 9934
f 9923 9934 9921
f 9921 9934 9936
f 9626 9936 9627
f 9626 9924 9936
f 9924 9921 9936
f 9629 9924 9626
f 9925 9924 9629
f 9619 9925 9629
f 9624 9632 9926
f 9635 9926 9632
f 9927 9926 9635
f 9637 9927 9635
f 9929 9927 9637
f 9639 9929 9637
f 9930 9929 9639
f 9641 9930 9639
f 9932 9930 9641
f 9643 9932 9641
f 9934 9932 9643
f 9645 9934 9643
f 9936 9934 9645
f 9627 9936 9645
f 9654 9653 9937
f 9654 9938 9655
f 9937 9938 9654
f 9939 9655 9938
f 9939 9940 9655
f 9940 9656 9655
f 9657 9656 9941
f 9656 9940 9941
f 9941 9659 9657
f 9942 9659 9941
f 9662 9661 9943
f 9944 9662 9943
f 9944 9945 9662
f 9945 9663 9662
f 9664 9663 9946
f 9663 9945 9946
f 9665 9664 9947
f 9664 9946 9947
f 9666 9665 9948
f 9665 9947 9948
f 9667 9666 9949
f 9666 9948 9949
f 9668 9667 9950
f 9667 9949 9950
f 9937 9653 9668
f 9937 9668 9951
f 9951 9668 9950
f 9938 9937 9951
f 9952 9938 9951
f 9939 9938 9952
f 9953 9954 9669
f 9953 9669 9942
f 9942 9669 9659
f 9953 9955 9954
f 9672 9671 9956
f 9957 9672 9956
f 9957 9958 9672
f 9958 9673 9672
f 9943 9661 9673
f 9943 9673 9959
f 9959 9673 9958
f 9944 9943 9959
f 9954 9960 9674
f 9669 9954 9674
f 9961 9954 9955
f 9960 9954 9961
f 9956 9675 9962
f 9671 9675 9956
f 9963 9957 9956
f 9962 9963 9956
f 9674 9960 9676
f 9960 9678 9676
f 9960 9961 9678
f 9961 9964 9678
f 9675 9679 9962
f 9962 9679 9681
f 9962 9681 9963
f 9963 9681 9965
f 9678 9964 9683
f 9964 9966 9683
f 9967 9684 9968
f 9967 9965 9684
f 9965 9681 9684
f 9967 9968 9969
f 9683 9966 9686
f 9966 9970 9686
f 9684 9687 9968
f 9968 9687 9689
f 9968 9689 9969
f 9969 9689 9971
f 9692 9972 9691
f 9692 9973 9972
f 9692 9686 9973
f 9686 9970 9973
f 9689 9974 9971
f 9694 9974 9689
f 9974 9694 9695
f 9975 9974 9695
f 9698 9976 9697
f 9698 9977 9976
f 9691 9977 9698
f 9691 9978 9977
f 9691 9972 9978
f 9973 9978 9972
f 9695 9979 9975
f 9699 9979 9695
f 9701 9980 9699
f 9699 9980 9979
f 9980 9701 9702
f 9981 9980 9702
f 9704 9982 9705
f 9983 9982 9704
f 9983 9704 9984
f 9984 9704 9706
f 9976 9706 9697
f 9976 9985 9706
f 9985 9984 9706
f 9977 9985 9976
f 9710 9709 9986
f 9987 9981 9702
f 9987 9702 9986
f 9987 9986 9988
f 9986 9702 9710
f 9988 9989 9990
f 9987 9988 9990
f 9989 9991 9992
f 9990 9989 9992
f 9991 9993 9994
f 9992 9991 9994
f 9993 9713 9712
f 9993 9712 9994
f 9994 9712 9995
f 9982 9712 9705
f 9982 9996 9712
f 9996 9995 9712
f 9983 9996 9982
f 9986 9715 9997
f 9709 9715 9986
f 9988 9986 9998
f 9998 9986 9997
f 9989 9988 9999
f 9999 9988 9998
f 9991 9989 10000
f 10000 9989 9999
f 9717 10000 9718
f 9717 9993 10000
f 9993 9991 10000
f 9713 9993 9717
f 9715 9721 9997
f 9723 9997 9721
f 9998 9997 9723
f 9725 9998 9723
f 9999 9998 9725
f 9727 9999 9725
f 10000 9999 9727
f 9718 10000 9727
f 10001 10002 10003
f 10001 10004 10005
f 10003 10004 10001
f 10005 10006 10007
f 10004 10006 10005
f 10006 10008 10007
f 9746 10009 10010
f 9745 10009 9746
f 10002 10001 9747
f 10002 9747 10010
f 10010 9747 9746
f 9749 9747 10001
f 10005 9749 10001
f 9751 9749 10005
f 10007 9751 10005
f 9753 10011 10012
f 9751 10011 9753
f 9751 10008 10011
f 9751 10007 10008
f 10011 10013 10012
f 9756 10014 10015
f 9755 10014 9756
f 10009 9745 9756
f 10015 10009 9756
f 9753 10012 9757
f 10012 9759 9757
f 10012 10013 9759
f 10013 10016 9759
f 10017 10018 10019
f 10017 10019 10014
f 10017 10014 9761
f 9761 10014 9755
f 9759 10016 10020
f 9762 9759 10020
f 10020 9764 9762
f 10021 9764 10020
f 10022 10018 10017
f 10023 10018 10022
f 9761 9765 10022
f 10017 9761 10022
f 9764 10021 9766
f 10021 10024 9766
f 10022 10025 10023
f 10025 10022 9765
f 10025 9765 10026
f 10026 9765 9767
f 10027 9768 9766
f 10027 9766 10028
f 10028 9766 10024
f 9768 10027 9769
f 9767 9770 10026
f 10026 9770 10029
f 10030 10027 10028
f 10031 10030 10028
f 9769 10030 9771
f 10027 10030 9769
f 9770 10032 10029
f 9772 10032 9770
f 10032 9772 9773
f 10033 10032 9773
f 10034 10030 10031
f 10035 10034 10031
f 9771 10034 9775
f 10030 10034 9771
f 10036 9776 10037
f 10036 10033 9776
f 10033 9773 9776
f 10036 10037 10038
f 10039 10034 10035
f 10040 10039 10035
f 9775 10039 9778
f 10034 10039 9775
f 9776 9779 10037
f 9780 10041 10042
f 9779 9780 10042
f 9779 10042 10038
f 9779 10038 10037
f 10041 10043 10044
f 10042 10041 10044
f 10044 10043 10045
f 10046 10047 10048
f 10040 10047 10046
f 10040 10046 10039
f 10039 10046 10049
f 9778 10049 9782
f 10039 10049 9778
f 9780 9783 10041
f 9785 10041 9783
f 10043 10041 9785
f 9786 10050 10051
f 9785 9786 10051
f 9785 10051 10045
f 9785 10045 10043
f 10050 10052 10053
f 10051 10050 10053
f 10048 10053 10052
f 10048 10052 10046
f 10046 10052 10054
f 9788 10054 9789
f 9788 10049 10054
f 10049 10046 10054
f 9782 10049 9788
f 9786 9792 10050
f 9794 10050 9792
f 10052 10050 9794
f 9796 10052 9794
f 10054 10052 9796
f 9789 10054 9796
f 9799 9798 10055
f 9799 10056 9800
f 10055 10056 9799
f 9800 10056 9802
f 9805 10057 10058
f 9804 10057 9805
f 10055 9798 9805
f 10055 9805 10059
f 10059 9805 10058
f 9807 10060 9808
f 9807 10055 10060
f 9807 10056 10055
f 10055 10059 10060
f 9802 10056 9807
f 9804 9810 10057
f 10057 9810 10061
f 10062 10063 10064
f 10062 10060 10063
f 10062 9812 10060
f 9812 9808 10060
f 9810 9815 10061
f 10061 9815 10065
f 10066 10062 10064
f 10067 10066 10064
f 9812 10066 9817
f 10062 10066 9812
f 9815 9822 10065
f 10065 9822 10068
f 10069 10066 10067
f 10070 10069 10067
f 9817 10069 9824
f 10066 10069 9817
f 9822 9831 10068
f 10068 9831 10071
f 10069 10070 10072
f 10073 10072 10074
f 9832 10072 10073
f 9832 10069 10072
f 9832 9824 10069
f 9832 10073 9833
f 9841 9840 10075
f 9841 10076 9842
f 10075 10076 9841
f 9842 10077 9843
f 10076 10077 9842
f 9843 10078 9844
f 10077 10078 9843
f 9844 10079 9845
f 10078 10079 9844
f 9845 10079 9846
f 10080 9831 9848
f 10080 10081 9831
f 10081 10071 9831
f 9848 9850 10080
f 10082 10073 10074
f 10083 10082 10074
f 9833 10082 9852
f 10073 10082 9833
f 9854 9853 10084
f 9854 10084 9855
f 9860 9859 10085
f 9860 10085 10086
f 9840 9860 10086
f 9840 10086 10087
f 9840 10087 10075
f 10076 10075 10087
f 10088 10076 10087
f 10077 10076 10088
f 10089 10077 10088
f 10078 10077 10089
f 10090 10078 10089
f 10079 10078 10090
f 10091 10079 10090
f 9846 10079 10091
f 9846 10091 9861
f 9861 10091 10092
f 10081 10080 9862
f 10081 9862 10092
f 10092 9862 9861
f 9850 9862 10080
f 10093 10082 10083
f 10094 10093 10083
f 9852 10093 9864
f 10082 10093 9852
f 9853 9865 10084
f 9855 10084 9865
f 9871 9870 10095
f 9871 10085 9859
f 9871 10095 10085
f 10095 10096 10085
f 10097 10086 10085
f 10096 10097 10085
f 10093 10094 10098
f 9864 10093 10098
f 9864 10098 9872
f 9872 10098 10099
f 10100 10099 10101
f 10100 9873 10099
f 9873 9872 10099
f 9873 10102 9874
f 10100 10102 9873
f 9874 10102 9875
f 10095 9878 10103
f 9870 9878 10095
f 10104 10105 10096
f 10104 10096 10103
f 10103 10096 10095
f 10097 10096 10105
f 10100 10101 10106
f 10102 10100 10106
f 10107 10102 10106
f 10108 10107 10109
f 9879 10107 10108
f 9879 10102 10107
f 9879 9875 10102
f 9879 10108 9881
f 9878 9886 10103
f 9887 10110 10111
f 9886 9887 10111
f 9886 10111 10104
f 9886 10104 10103
f 10111 10110 10112
f 10108 10109 10113
f 10114 10113 10115
f 9888 10113 10114
f 9888 10108 10113
f 9888 9881 10108
f 9888 10114 9889
f 9887 9891 10110
f 9892 10116 10117
f 9891 9892 10117
f 9891 10117 10112
f 9891 10112 10110
f 10117 10116 10118
f 10119 10114 10115
f 10120 10119 10115
f 9889 10119 9894
f 10114 10119 9889
f 9892 9895 10116
f 10116 10121 10118
f 10116 9895 10121
f 9895 9896 10121
f 9898 10122 9896
f 9896 10122 10121
f 9899 10123 10124
f 9899 10124 9898
f 9898 10124 10122
f 10123 10125 10126
f 10124 10123 10126
f 10126 10125 10127
f 10128 10119 10120
f 10129 10128 10120
f 9894 10130 9900
f 9894 10119 10130
f 10119 10128 10130
f 9900 10130 9902
f 9899 9904 10123
f 9906 10123 9904
f 10125 10123 9906
f 9907 10131 10132
f 9906 9907 10132
f 9906 10132 10127
f 9906 10127 10125
f 10131 10133 10134
f 10132 10131 10134
f 10133 10135 10136
f 10134 10133 10136
f 10135 10137 10138
f 10136 10135 10138
f 10137 10139 10140
f 10138 10137 10140
f 10139 10141 10142
f 10140 10139 10142
f 10141 10143 10144
f 10142 10141 10144
f 10143 10145 10146
f 10144 10143 10146
f 10129 10146 10145
f 10129 10145 10128
f 10128 10145 10147
f 9909 10147 9910
f 9909 10130 10147
f 10130 10128 10147
f 9902 10130 9909
f 9907 9913 10131
f 9915 10131 9913
f 10133 10131 9915
f 9917 10133 9915
f 10135 10133 9917
f 9919 10135 9917
f 10137 10135 9919
f 9920 10137 9919
f 9920 10148 10137
f 10148 10139 10137
f 10141 10139 10149
f 10149 10139 10148
f 10143 10141 10150
f 10150 10141 10149
f 10145 10143 10151
f 10151 10143 10150
f 9922 10151 9923
f 9922 10147 10151
f 10147 10145 10151
f 9910 10147 9922
f 9920 9928 10148
f 9931 10148 9928
f 10149 10148 9931
f 9933 10149 9931
f 10150 10149 9933
f 9935 10150 9933
f 10151 10150 9935
f 9923 10151 9935
f 9940 9939 10152
f 10153 9940 10152
f 10153 10154 9940
f 10154 9941 9940
f 9942 10155 10156
f 9942 9941 10155
f 9941 10154 10155
f 10155 10157 10156
f 9945 9944 10158
f 10159 9945 10158
f 10159 10160 9945
f 10160 9946 9945
f 9947 9946 10161
f 9946 10160 10161
f 9948 9947 10162
f 9947 10161 10162
f 9949 9948 10163
f 9948 10162 10163
f 9950 9949 10164
f 9949 10163 10164
f 9951 9950 10165
f 9950 10164 10165
f 9952 9951 10166
f 9951 10165 10166
f 10152 9939 9952
f 10152 9952 10167
f 10167 9952 10166
f 10153 10152 10167
f 9942 10156 9953
f 10156 9955 9953
f 10156 10157 9955
f 10157 10168 9955
f 9958 10169 10170
f 9957 10169 9958
f 9959 9958 10171
f 9958 10170 10171
f 10158 9944 9959
f 10158 9959 10172
f 10172 9959 10171
f 10159 10158 10172
f 9955 10168 9961
f 10168 10173 9961
f 9957 9963 10169
f 10169 9963 10174
f 9961 10173 9964
f 10173 10175 9964
f 10176 9965 10177
f 10176 10174 9965
f 10174 9963 9965
f 10176 10177 10178
f 10179 10180 9966
f 10179 9966 10175
f 10175 9966 9964
f 10179 10181 10180
f 9965 9967 10177
f 10177 9967 9969
f 10177 9969 10178
f 10178 9969 10182
f 10180 10183 10184
f 10180 10184 9966
f 9966 10184 9970
f 10181 10183 10180
f 10185 9971 10186
f 10185 10182 9971
f 10182 9969 9971
f 10185 10186 10187
f 9970 10184 9973
f 10184 10188 9973
f 9971 9974 10186
f 10186 9974 9975
f 10186 9975 10187
f 10187 9975 10189
f 9978 10190 9977
f 9978 10191 10190
f 9978 9973 10191
f 9973 10188 10191
f 9975 10192 10189
f 9979 10192 9975
f 9980 10193 9979
f 9979 10193 10192
f 10193 9980 9981
f 10194 10193 9981
f 9984 10195 9983
f 10196 10195 9984
f 10196 9984 10197
f 10197 9984 9985
f 10190 9985 9977
f 10190 10198 9985
f 10198 10197 9985
f 10191 10198 10190
f 9981 10199 10194
f 9987 10199 9981
f 9990 10200 9987
f 9987 10200 10199
f 9992 10201 9990
f 9990 10201 10200
f 9994 10202 9992
f 9992 10202 10201
f 9995 10203 9994
f 9994 10203 10202
f 9996 10204 9995
f 9995 10204 10203
f 10195 9996 9983
f 10195 10205 9996
f 10205 10204 9996
f 10196 10205 10195
f 10206 10207 10208
f 10208 10209 10206
f 10210 10211 10212
f 10210 10003 10002
f 10210 10212 10003
f 10212 10213 10003
f 10207 10206 10004
f 10207 10004 10213
f 10213 10004 10003
f 10206 10209 10214
f 10206 10214 10004
f 10004 10214 10006
f 10008 10215 10216
f 10008 10006 10215
f 10006 10214 10215
f 10215 10217 10216
f 10218 10219 10220
f 10211 10218 10220
f 10210 10218 10211
f 10210 10009 10218
f 10210 10010 10009
f 10002 10010 10210
f 10008 10216 10011
f 10013 10221 10222
f 10011 10221 10013
f 10011 10217 10221
f 10011 10216 10217
f 10221 10223 10222
f 10015 10219 10218
f 10015 10014 10219
f 10014 10224 10219
f 10009 10015 10218
f 10222 10225 10016
f 10013 10222 10016
f 10226 10222 10223
f 10225 10222 10226
f 10019 10227 10228
f 10018 10227 10019
f 10224 10014 10019
f 10228 10224 10019
f 10016 10225 10020
f 10225 10021 10020
f 10225 10226 10021
f 10226 10229 10021
f 10018 10023 10227
f 10227 10023 10230
f 10021 10229 10024
f 10229 10231 10024
f 10023 10232 10230
f 10025 10232 10023
f 10232 10025 10026
f 10233 10232 10026
f 10024 10231 10028
f 10231 10234 10028
f 10026 10029 10233
f 10233 10029 10235
f 10028 10234 10031
f 10234 10236 10031
f 10029 10237 10235
f 10032 10237 10029
f 10237 10032 10033
f 10238 10237 10033
f 10239 10240 10241
f 10239 10236 10240
f 10239 10035 10236
f 10035 10031 10236
f 10033 10242 10238
f 10036 10242 10033
f 10038 10243 10244
f 10038 10244 10036
f 10036 10244 10242
f 10243 10245 10246
f 10244 10243 10246
f 10245 10247 10248
f 10246 10245 10248
f 10247 10249 10250
f 10248 10247 10250
f 10241 10250 10249
f 10241 10249 10239
f 10239 10249 10251
f 10035 10251 10040
f 10239 10251 10035
f 10038 10042 10243
f 10044 10243 10042
f 10245 10243 10044
f 10045 10245 10044
f 10045 10252 10245
f 10252 10247 10245
f 10249 10247 10253
f 10253 10247 10252
f 10047 10253 10048
f 10047 10251 10253
f 10251 10249 10253
f 10040 10251 10047
f 10045 10051 10252
f 10053 10252 10051
f 10253 10252 10053
f 10048 10253 10053
f 10058 10057 10254
f 10058 10255 10059
f 10254 10255 10058
f 10059 10255 10060
f 10254 10256 10257
f 10254 10057 10256
f 10057 10061 10256
f 10063 10258 10064
f 10063 10254 10258
f 10063 10255 10254
f 10254 10257 10258
f 10060 10255 10063
f 10061 10065 10256
f 10256 10065 10259
f 10064 10258 10067
f 10258 10260 10067
f 10065 10068 10259
f 10259 10068 10261
f 10067 10260 10070
f 10260 10262 10070
f 10068 10071 10261
f 10261 10071 10263
f 10264 10072 10070
f 10264 10070 10265
f 10265 10070 10262
f 10072 10264 10074
f 10266 10081 10267
f 10266 10263 10081
f 10263 10071 10081
f 10265 10266 10267
f 10265 10267 10264
f 10264 10267 10268
f 10074 10268 10083
f 10264 10268 10074
f 10087 10086 10269
f 10087 10270 10088
f 10269 10270 10087
f 10088 10271 10089
f 10270 10271 10088
f 10089 10272 10090
f 10271 10272 10089
f 10090 10273 10091
f 10272 10273 10090
f 10091 10274 10092
f 10273 10274 10091
f 10092 10267 10081
f 10092 10274 10267
f 10274 10275 10267
f 10268 10267 10276
f 10276 10267 10275
f 10083 10276 10094
f 10268 10276 10083
f 10269 10097 10277
f 10086 10097 10269
f 10270 10269 10278
f 10278 10269 10277
f 10279 10280 10271
f 10279 10271 10278
f 10278 10271 10270
f 10272 10271 10280
f 10281 10272 10280
f 10273 10272 10281
f 10282 10273 10281
f 10274 10273 10282
f 10283 10274 10282
f 10275 10274 10283
f 10284 10275 10283
f 10276 10275 10284
f 10285 10276 10284
f 10094 10276 10285
f 10094 10285 10098
f 10098 10285 10286
f 10287 10286 10288
f 10287 10099 10286
f 10099 10098 10286
f 10099 10287 10101
f 10105 10104 10289
f 10105 10277 10097
f 10105 10289 10277
f 10289 10290 10277
f 10291 10292 10278
f 10291 10278 10290
f 10290 10278 10277
f 10279 10278 10292
f 10287 10288 10293
f 10101 10287 10293
f 10101 10293 10106
f 10106 10293 10294
f 10295 10294 10296
f 10295 10107 10294
f 10107 10106 10294
f 10107 10295 10109
f 10104 10111 10289
f 10112 10289 10111
f 10112 10297 10289
f 10297 10290 10289
f 10298 10291 10290
f 10297 10298 10290
f 10295 10296 10299
f 10300 10299 10301
f 10113 10299 10300
f 10113 10295 10299
f 10113 10109 10295
f 10113 10300 10115
f 10112 10117 10297
f 10118 10302 10303
f 10117 10118 10303
f 10117 10303 10298
f 10117 10298 10297
f 10302 10304 10305
f 10303 10302 10305
f 10305 10304 10306
f 10307 10300 10301
f 10308 10307 10301
f 10115 10307 10120
f 10300 10307 10115
f 10118 10121 10302
f 10122 10302 10121
f 10304 10302 10122
f 10304 10309 10306
f 10304 10122 10309
f 10122 10124 10309
f 10126 10310 10124
f 10124 10310 10309
f 10127 10311 10312
f 10127 10312 10126
f 10126 10312 10310
f 10311 10313 10314
f 10312 10311 10314
f 10313 10315 10316
f 10314 10313 10316
f 10315 10317 10318
f 10316 10315 10318
f 10317 10319 10320
f 10318 10317 10320
f 10319 10321 10322
f 10320 10319 10322
f 10321 10323 10324
f 10322 10321 10324
f 10308 10324 10323
f 10308 10323 10307
f 10307 10323 10325
f 10120 10325 10129
f 10307 10325 10120
f 10127 10132 10311
f 10134 10311 10132
f 10313 10311 10134
f 10136 10313 10134
f 10315 10313 10136
f 10138 10315 10136
f 10317 10315 10138
f 10140 10317 10138
f 10319 10317 10140
f 10142 10319 10140
f 10321 10319 10142
f 10144 10321 10142
f 10323 10321 10144
f 10146 10323 10144
f 10325 10323 10146
f 10129 10325 10146
f 10154 10153 10326
f 10154 10327 10155
f 10326 10327 10154
f 10155 10327 10157
f 10160 10159 10328
f 10160 10329 10161
f 10328 10329 10160
f 10330 10161 10329
f 10330 10331 10161
f 10331 10162 10161
f 10163 10162 10332
f 10162 10331 10332
f 10164 10163 10333
f 10163 10332 10333
f 10165 10164 10334
f 10164 10333 10334
f 10166 10165 10335
f 10165 10334 10335
f 10167 10166 10336
f 10166 10335 10336
f 10326 10153 10167
f 10326 10167 10337
f 10337 10167 10336
f 10327 10326 10337
f 10338 10327 10337
f 10338 10157 10327
f 10338 10339 10157
f 10339 10168 10157
f 10170 10169 10340
f 10341 10170 10340
f 10341 10342 10170
f 10342 10171 10170
f 10172 10171 10343
f 10171 10342 10343
f 10328 10159 10172
f 10328 10172 10344
f 10344 10172 10343
f 10329 10328 10344
f 10345 10329 10344
f 10330 10329 10345
f 10168 10339 10173
f 10339 10346 10173
f 10340 10174 10347
f 10169 10174 10340
f 10348 10341 10340
f 10347 10348 10340
f 10173 10346 10175
f 10346 10349 10175
f 10174 10176 10347
f 10347 10176 10178
f 10347 10178 10348
f 10348 10178 10350
f 10175 10349 10351
f 10179 10175 10351
f 10351 10181 10179
f 10352 10181 10351
f 10353 10182 10354
f 10353 10350 10182
f 10350 10178 10182
f 10353 10354 10355
f 10183 10356 10184
f 10183 10357 10356
f 10183 10181 10357
f 10181 10352 10357
f 10182 10185 10354
f 10354 10185 10187
f 10354 10187 10355
f 10355 10187 10358
f 10356 10359 10360
f 10356 10360 10184
f 10184 10360 10188
f 10357 10359 10356
f 10361 10189 10362
f 10361 10358 10189
f 10358 10187 10189
f 10361 10362 10363
f 10188 10360 10191
f 10360 10364 10191
f 10189 10192 10362
f 10362 10365 10363
f 10362 10192 10365
f 10192 10193 10365
f 10365 10193 10194
f 10366 10365 10194
f 10197 10367 10196
f 10368 10367 10197
f 10368 10197 10369
f 10369 10197 10198
f 10364 10198 10191
f 10369 10198 10364
f 10194 10370 10366
f 10199 10370 10194
f 10200 10371 10199
f 10199 10371 10370
f 10372 10373 10371
f 10372 10371 10201
f 10201 10371 10200
f 10201 10202 10374
f 10372 10201 10374
f 10202 10203 10375
f 10374 10202 10375
f 10203 10204 10376
f 10375 10203 10376
f 10377 10376 10204
f 10377 10204 10378
f 10378 10204 10205
f 10367 10205 10196
f 10367 10379 10205
f 10379 10378 10205
f 10368 10379 10367
f 10372 10380 10373
f 10374 10380 10372
f 10381 10380 10374
f 10375 10381 10374
f 10382 10381 10375
f 10376 10382 10375
f 10383 10382 10376
f 10377 10383 10376
f 10384 10385 10386
f 10384 10208 10207
f 10384 10386 10208
f 10386 10387 10208
f 10209 10388 10389
f 10209 10208 10388
f 10208 10387 10388
f 10389 10390 10391
f 10388 10390 10389
f 10390 10392 10391
f 10212 10393 10394
f 10211 10393 10212
f 10385 10384 10213
f 10385 10213 10394
f 10394 10213 10212
f 10207 10213 10384
f 10209 10389 10214
f 10215 10214 10389
f 10391 10215 10389
f 10217 10395 10396
f 10215 10395 10217
f 10215 10392 10395
f 10215 10391 10392
f 10395 10397 10396
f 10220 10398 10399
f 10219 10398 10220
f 10393 10211 10220
f 10399 10393 10220
f 10217 10396 10221
f 10396 10223 10221
f 10396 10397 10223
f 10397 10400 10223
f 10219 10224 10398
f 10398 10224 10401
f 10223 10400 10226
f 10400 10402 10226
f 10228 10227 10403
f 10228 10403 10404
f 10228 10404 10224
f 10224 10404 10401
f 10226 10402 10229
f 10402 10405 10229
f 10403 10230 10406
f 10227 10230 10403
f 10407 10404 10403
f 10406 10407 10403
f 10229 10405 10231
f 10405 10408 10231
f 10230 10232 10406
f 10406 10232 10233
f 10406 10233 10407
f 10407 10233 10409
f 10410 10411 10412
f 10410 10408 10411
f 10410 10234 10408
f 10234 10231 10408
f 10413 10235 10414
f 10413 10409 10235
f 10409 10233 10235
f 10413 10414 10415
f 10416 10417 10418
f 10412 10417 10416
f 10412 10416 10410
f 10410 10416 10419
f 10234 10419 10236
f 10410 10419 10234
f 10235 10237 10414
f 10238 10420 10421
f 10237 10238 10421
f 10237 10421 10415
f 10237 10415 10414
f 10420 10422 10423
f 10421 10420 10423
f 10422 10424 10425
f 10423 10422 10425
f 10424 10426 10427
f 10425 10424 10427
f 10418 10427 10426
f 10418 10426 10416
f 10416 10426 10428
f 10240 10428 10241
f 10240 10419 10428
f 10419 10416 10428
f 10236 10419 10240
f 10238 10242 10420
f 10244 10420 10242
f 10422 10420 10244
f 10246 10422 10244
f 10424 10422 10246
f 10248 10424 10246
f 10426 10424 10248
f 10250 10426 10248
f 10428 10426 10250
f 10241 10428 10250
f 10257 10256 10429
f 10257 10429 10258
f 10429 10259 10430
f 10256 10259 10429
f 10258 10430 10260
f 10429 10430 10258
f 10430 10261 10431
f 10259 10261 10430
f 10260 10431 10262
f 10430 10431 10260
f 10431 10263 10432
f 10261 10263 10431
f 10262 10432 10265
f 10431 10432 10262
f 10263 10266 10432
f 10265 10432 10266
f 10280 10279 10433
f 10280 10434 10281
f 10433 10434 10280
f 10281 10435 10282
f 10434 10435 10281
f 10282 10436 10283
f 10435 10436 10282
f 10283 10437 10284
f 10436 10437 10283
f 10284 10438 10285
f 10437 10438 10284
f 10285 10439 10286
f 10438 10439 10285
f 10286 10439 10288
f 10292 10291 10440
f 10292 10433 10279
f 10292 10440 10433
f 10440 10441 10433
f 10434 10433 10442
f 10442 10433 10441
f 10435 10434 10443
f 10443 10434 10442
f 10436 10435 10444
f 10444 10435 10443
f 10437 10436 10445
f 10445 10436 10444
f 10438 10437 10446
f 10446 10437 10445
f 10439 10438 10447
f 10447 10438 10446
f 10288 10448 10293
f 10288 10439 10448
f 10439 10447 10448
f 10293 10449 10294
f 10448 10449 10293
f 10294 10449 10296
f 10440 10298 10450
f 10291 10298 10440
f 10441 10440 10451
f 10451 10440 10450
f 10442 10441 10452
f 10452 10441 10451
f 10443 10442 10453
f 10453 10442 10452
f 10454 10455 10444
f 10454 10444 10453
f 10453 10444 10443
f 10445 10444 10455
f 10456 10445 10455
f 10446 10445 10456
f 10457 10446 10456
f 10447 10446 10457
f 10458 10447 10457
f 10458 10459 10460
f 10458 10460 10447
f 10447 10460 10448
f 10449 10448 10461
f 10461 10448 10460
f 10296 10462 10299
f 10296 10449 10462
f 10449 10461 10462
f 10299 10462 10301
f 10298 10303 10450
f 10305 10450 10303
f 10451 10450 10305
f 10306 10451 10305
f 10306 10463 10451
f 10463 10452 10451
f 10453 10452 10464
f 10464 10452 10463
f 10465 10454 10453
f 10465 10453 10466
f 10466 10453 10464
f 10465 10466 10467
f 10468 10460 10459
f 10469 10468 10459
f 10461 10460 10470
f 10470 10460 10468
f 10462 10461 10471
f 10471 10461 10470
f 10301 10471 10308
f 10462 10471 10301
f 10306 10309 10463
f 10310 10463 10309
f 10464 10463 10310
f 10312 10464 10310
f 10466 10464 10312
f 10466 10472 10467
f 10466 10312 10472
f 10312 10314 10472
f 10316 10473 10314
f 10314 10473 10472
f 10318 10474 10316
f 10316 10474 10473
f 10469 10320 10468
f 10469 10474 10320
f 10474 10318 10320
f 10322 10468 10320
f 10470 10468 10322
f 10324 10470 10322
f 10471 10470 10324
f 10308 10471 10324
f 10331 10330 10475
f 10476 10331 10475
f 10476 10477 10331
f 10477 10332 10331
f 10333 10332 10478
f 10332 10477 10478
f 10334 10333 10479
f 10333 10478 10479
f 10335 10334 10480
f 10334 10479 10480
f 10336 10335 10481
f 10335 10480 10481
f 10337 10336 10482
f 10336 10481 10482
f 10338 10337 10483
f 10337 10482 10483
f 10483 10339 10338
f 10484 10339 10483
f 10342 10485 10486
f 10341 10485 10342
f 10343 10342 10487
f 10342 10486 10487
f 10344 10343 10488
f 10343 10487 10488
f 10345 10344 10489
f 10344 10488 10489
f 10475 10330 10345
f 10475 10345 10490
f 10490 10345 10489
f 10476 10475 10490
f 10339 10484 10346
f 10484 10491 10346
f 10492 10348 10493
f 10492 10485 10348
f 10485 10341 10348
f 10492 10493 10494
f 10346 10491 10349
f 10491 10495 10349
f 10493 10350 10496
f 10348 10350 10493
f 10497 10494 10493
f 10496 10497 10493
f 10349 10495 10498
f 10351 10349 10498
f 10498 10352 10351
f 10499 10352 10498
f 10350 10353 10496
f 10496 10353 10355
f 10496 10355 10497
f 10497 10355 10500
f 10352 10499 10357
f 10499 10501 10357
f 10355 10358 10500
f 10500 10358 10502
f 10359 10503 10504
f 10360 10359 10504
f 10501 10359 10357
f 10503 10359 10501
f 10358 10505 10502
f 10361 10505 10358
f 10505 10361 10363
f 10506 10505 10363
f 10360 10504 10364
f 10504 10507 10364
f 10363 10508 10506
f 10365 10508 10363
f 10508 10365 10366
f 10509 10508 10366
f 10369 10510 10511
f 10368 10369 10511
f 10507 10369 10364
f 10510 10369 10507
f 10366 10512 10509
f 10370 10512 10366
f 10371 10513 10370
f 10370 10513 10512
f 10513 10371 10373
f 10514 10513 10373
f 10378 10515 10516
f 10377 10378 10516
f 10379 10517 10378
f 10378 10517 10515
f 10511 10379 10368
f 10517 10379 10511
f 10373 10518 10514
f 10380 10518 10373
f 10381 10519 10380
f 10380 10519 10518
f 10382 10520 10381
f 10381 10520 10519
f 10383 10521 10382
f 10382 10521 10520
f 10516 10383 10377
f 10521 10383 10516
f 10522 10523 10524
f 10522 10525 10526
f 10524 10525 10522
f 10526 10527 10528
f 10525 10527 10526
f 10527 10529 10528
f 10530 10531 10532
f 10530 10386 10385
f 10530 10532 10386
f 10532 10533 10386
f 10523 10522 10387
f 10523 10387 10533
f 10533 10387 10386
f 10388 10387 10522
f 10526 10388 10522
f 10390 10388 10526
f 10528 10390 10526
f 10392 10534 10535
f 10390 10534 10392
f 10390 10529 10534
f 10390 10528 10529
f 10534 10536 10535
f 10394 10531 10530
f 10394 10393 10531
f 10393 10537 10531
f 10385 10394 10530
f 10392 10535 10395
f 10397 10538 10539
f 10395 10538 10397
f 10395 10536 10538
f 10395 10535 10536
f 10538 10540 10539
f 10399 10541 10542
f 10398 10541 10399
f 10537 10393 10399
f 10542 10537 10399
f 10539 10543 10400
f 10397 10539 10400
f 10544 10539 10540
f 10543 10539 10544
f 10398 10401 10541
f 10541 10401 10545
f 10543 10546 10402
f 10400 10543 10402
f 10547 10543 10544
f 10546 10543 10547
f 10401 10404 10545
f 10545 10404 10548
f 10546 10549 10550
f 10546 10550 10402
f 10402 10550 10405
f 10547 10549 10546
f 10404 10407 10548
f 10548 10407 10551
f 10405 10550 10408
f 10550 10552 10408
f 10407 10409 10551
f 10551 10409 10553
f 10411 10554 10555
f 10412 10411 10555
f 10552 10411 10408
f 10554 10411 10552
f 10409 10556 10553
f 10413 10556 10409
f 10415 10557 10558
f 10415 10558 10413
f 10413 10558 10556
f 10558 10557 10559
f 10560 10561 10562
f 10560 10418 10417
f 10560 10417 10561
f 10561 10417 10563
f 10555 10417 10412
f 10563 10417 10555
f 10415 10421 10557
f 10557 10564 10559
f 10557 10421 10564
f 10421 10423 10564
f 10425 10565 10423
f 10423 10565 10564
f 10562 10427 10560
f 10562 10565 10427
f 10565 10425 10427
f 10418 10560 10427
f 10455 10454 10566
f 10455 10567 10456
f 10566 10567 10455
f 10456 10568 10457
f 10567 10568 10456
f 10457 10569 10458
f 10568 10569 10457
f 10458 10569 10459
f 10454 10465 10566
f 10467 10566 10465
f 10467 10570 10566
f 10570 10567 10566
f 10568 10567 10571
f 10571 10567 10570
f 10569 10568 10572
f 10572 10568 10571
f 10459 10572 10469
f 10569 10572 10459
f 10467 10472 10570
f 10473 10570 10472
f 10571 10570 10473
f 10474 10571 10473
f 10572 10571 10474
f 10469 10572 10474
f 10477 10476 10573
f 10477 10574 10478
f 10573 10574 10477
f 10575 10478 10574
f 10575 10576 10478
f 10576 10479 10478
f 10480 10479 10577
f 10479 10576 10577
f 10481 10480 10578
f 10480 10577 10578
f 10482 10481 10579
f 10481 10578 10579
f 10483 10482 10580
f 10482 10579 10580
f 10580 10484 10483
f 10581 10484 10580
f 10486 10485 10582
f 10583 10486 10582
f 10583 10584 10486
f 10584 10487 10486
f 10488 10487 10585
f 10487 10584 10585
f 10489 10488 10586
f 10488 10585 10586
f 10490 10489 10587
f 10489 10586 10587
f 10573 10476 10490
f 10573 10490 10588
f 10588 10490 10587
f 10574 10573 10588
f 10589 10574 10588
f 10575 10574 10589
f 10484 10581 10491
f 10581 10590 10491
f 10485 10492 10582
f 10582 10492 10494
f 10582 10494 10583
f 10583 10494 10591
f 10491 10590 10495
f 10590 10592 10495
f 10494 10497 10591
f 10591 10497 10593
f 10594 10498 10495
f 10594 10495 10595
f 10595 10495 10592
f 10498 10594 10499
f 10596 10500 10597
f 10596 10593 10500
f 10593 10497 10500
f 10596 10597 10598
f 10599 10594 10595
f 10600 10599 10595
f 10499 10599 10501
f 10594 10599 10499
f 10597 10502 10601
f 10500 10502 10597
f 10602 10598 10597
f 10601 10602 10597
f 10503 10599 10600
f 10503 10600 10504
f 10504 10600 10603
f 10501 10599 10503
f 10502 10505 10601
f 10601 10505 10506
f 10601 10506 10602
f 10602 10506 10604
f 10504 10603 10507
f 10603 10605 10507
f 10506 10606 10604
f 10508 10606 10506
f 10606 10508 10509
f 10607 10606 10509
f 10510 10608 10609
f 10511 10510 10609
f 10605 10510 10507
f 10608 10510 10605
f 10509 10610 10607
f 10512 10610 10509
f 10513 10611 10512
f 10512 10611 10610
f 10611 10513 10514
f 10612 10611 10514
f 10515 10613 10614
f 10516 10515 10614
f 10517 10615 10515
f 10515 10615 10613
f 10609 10517 10511
f 10615 10517 10609
f 10514 10616 10612
f 10518 10616 10514
f 10519 10617 10518
f 10518 10617 10616
f 10520 10618 10519
f 10519 10618 10617
f 10521 10619 10520
f 10520 10619 10618
f 10614 10521 10516
f 10619 10521 10614
f 10620 10621 10622
f 10620 10623 10624
f 10622 10623 10620
f 10624 10625 10626
f 10623 10625 10624
f 10626 10627 10628
f 10625 10627 10626
f 10627 10629 10628
f 10630 10631 10632
f 10621 10630 10632
f 10620 10630 10621
f 10620 10523 10630
f 10620 10524 10523
f 10525 10524 10620
f 10624 10525 10620
f 10527 10525 10624
f 10626 10527 10624
f 10529 10527 10626
f 10529 10626 10633
f 10633 10626 10628
f 10634 10628 10629
f 10634 10635 10628
f 10635 10633 10628
f 10634 10636 10635
f 10532 10637 10638
f 10531 10637 10532
f 10631 10630 10533
f 10631 10533 10638
f 10638 10533 10532
f 10523 10533 10630
f 10529 10633 10534
f 10536 10534 10633
f 10536 10633 10639
f 10639 10633 10635
f 10640 10635 10636
f 10640 10641 10635
f 10641 10639 10635
f 10640 10642 10641
f 10531 10537 10637
f 10637 10537 10643
f 10536 10639 10538
f 10540 10538 10639
f 10540 10639 10644
f 10644 10639 10641
f 10645 10641 10642
f 10644 10641 10645
f 10542 10646 10647
f 10541 10646 10542
f 10643 10537 10542
f 10647 10643 10542
f 10644 10648 10544
f 10540 10644 10544
f 10649 10644 10645
f 10648 10644 10649
f 10541 10545 10646
f 10646 10545 10650
f 10648 10651 10652
f 10648 10652 10544
f 10544 10652 10547
f 10649 10651 10648
f 10545 10548 10650
f 10650 10548 10653
f 10549 10654 10550
f 10549 10655 10654
f 10549 10547 10655
f 10547 10652 10655
f 10656 10551 10657
f 10656 10653 10551
f 10653 10548 10551
f 10656 10657 10658
f 10654 10659 10660
f 10654 10660 10550
f 10550 10660 10552
f 10655 10659 10654
f 10657 10553 10661
f 10551 10553 10657
f 10662 10658 10657
f 10661 10662 10657
f 10554 10663 10664
f 10555 10554 10664
f 10660 10554 10552
f 10663 10554 10660
f 10553 10556 10661
f 10661 10665 10662
f 10661 10556 10665
f 10556 10558 10665
f 10559 10666 10667
f 10559 10667 10558
f 10558 10667 10665
f 10666 10668 10669
f 10667 10666 10669
f 10668 10562 10561
f 10668 10561 10669
f 10669 10561 10670
f 10563 10671 10561
f 10561 10671 10670
f 10664 10563 10555
f 10671 10563 10664
f 10559 10564 10666
f 10565 10666 10564
f 10668 10666 10565
f 10562 10668 10565
f 10576 10575 10672
f 10576 10673 10577
f 10672 10673 10576
f 10674 10577 10673
f 10674 10675 10577
f 10675 10578 10577
f 10579 10578 10676
f 10578 10675 10676
f 10580 10579 10677
f 10579 10676 10677
f 10677 10581 10580
f 10678 10581 10677
f 10584 10583 10679
f 10680 10584 10679
f 10680 10681 10584
f 10681 10585 10584
f 10586 10585 10682
f 10585 10681 10682
f 10587 10586 10683
f 10586 10682 10683
f 10588 10587 10684
f 10587 10683 10684
f 10589 10588 10685
f 10588 10684 10685
f 10672 10575 10589
f 10672 10589 10686
f 10686 10589 10685
f 10673 10672 10686
f 10687 10673 10686
f 10674 10673 10687
f 10581 10678 10590
f 10678 10688 10590
f 10679 10591 10689
f 10583 10591 10679
f 10690 10680 10679
f 10689 10690 10679
f 10590 10688 10592
f 10688 10691 10592
f 10689 10593 10692
f 10591 10593 10689
f 10693 10690 10689
f 10692 10693 10689
f 10592 10691 10595
f 10691 10694 10595
f 10593 10596 10692
f 10692 10596 10598
f 10692 10598 10693
f 10693 10598 10695
f 10595 10694 10600
f 10694 10696 10600
f 10598 10602 10695
f 10695 10602 10697
f 10600 10696 10603
f 10696 10698 10603
f 10699 10604 10700
f 10699 10697 10604
f 10697 10602 10604
f 10699 10700 10701
f 10702 10703 10704
f 10702 10698 10703
f 10702 10605 10698
f 10605 10603 10698
f 10604 10606 10700
f 10607 10705 10706
f 10606 10607 10706
f 10606 10706 10701
f 10606 10701 10700
f 10706 10705 10707
f 10708 10709 10710
f 10704 10709 10708
f 10702 10704 10708
f 10702 10708 10609
f 10702 10609 10608
f 10605 10702 10608
f 10607 10610 10705
f 10705 10711 10707
f 10705 10610 10711
f 10610 10611 10711
f 10612 10712 10713
f 10612 10713 10611
f 10611 10713 10711
f 10712 10714 10715
f 10713 10712 10715
f 10714 10716 10717
f 10715 10714 10717
f 10716 10718 10719
f 10717 10716 10719
f 10718 10614 10613
f 10718 10613 10719
f 10719 10613 10720
f 10710 10615 10708
f 10710 10720 10615
f 10720 10613 10615
f 10609 10708 10615
f 10612 10616 10712
f 10617 10712 10616
f 10714 10712 10617
f 10618 10714 10617
f 10716 10714 10618
f 10619 10716 10618
f 10718 10716 10619
f 10614 10718 10619
f 10721 10722 10723
f 10721 10724 10725
f 10723 10724 10721
f 10724 10726 10725
f 10727 10728 10729
f 10722 10727 10729
f 10721 10727 10722
f 10721 10621 10727
f 10721 10622 10621
f 10623 10622 10721
f 10725 10623 10721
f 10725 10726 10730
f 10725 10730 10623
f 10623 10730 10625
f 10627 10625 10731
f 10625 10730 10731
f 10731 10629 10627
f 10732 10629 10731
f 10632 10728 10727
f 10632 10631 10728
f 10631 10733 10728
f 10621 10632 10727
f 10629 10732 10734
f 10634 10629 10734
f 10734 10636 10634
f 10735 10636 10734
f 10638 10736 10737
f 10637 10736 10638
f 10733 10631 10638
f 10737 10733 10638
f 10636 10735 10738
f 10640 10636 10738
f 10738 10642 10640
f 10739 10642 10738
f 10637 10643 10736
f 10736 10643 10740
f 10741 10742 10645
f 10741 10645 10739
f 10739 10645 10642
f 10741 10743 10742
f 10647 10646 10744
f 10647 10744 10745
f 10647 10745 10643
f 10643 10745 10740
f 10742 10746 10649
f 10645 10742 10649
f 10747 10742 10743
f 10746 10742 10747
f 10744 10650 10748
f 10646 10650 10744
f 10749 10745 10744
f 10748 10749 10744
f 10651 10750 10652
f 10651 10649 10746
f 10651 10746 10750
f 10750 10746 10751
f 10752 10746 10747
f 10751 10746 10752
f 10748 10653 10753
f 10650 10653 10748
f 10754 10749 10748
f 10753 10754 10748
f 10750 10755 10655
f 10652 10750 10655
f 10756 10751 10757
f 10756 10755 10751
f 10755 10750 10751
f 10752 10757 10751
f 10653 10656 10753
f 10753 10656 10658
f 10753 10658 10754
f 10754 10658 10758
f 10659 10759 10760
f 10660 10659 10760
f 10755 10659 10655
f 10755 10761 10659
f 10761 10759 10659
f 10756 10761 10755
f 10762 10662 10763
f 10762 10758 10662
f 10758 10658 10662
f 10763 10764 10765
f 10762 10763 10765
f 10765 10764 10766
f 10767 10768 10769
f 10767 10664 10663
f 10767 10663 10768
f 10768 10663 10770
f 10760 10663 10660
f 10770 10663 10760
f 10662 10665 10763
f 10667 10763 10665
f 10764 10763 10667
f 10764 10771 10766
f 10764 10667 10771
f 10667 10669 10771
f 10670 10772 10669
f 10669 10772 10771
f 10769 10671 10767
f 10769 10772 10671
f 10772 10670 10671
f 10664 10767 10671
f 10675 10674 10773
f 10675 10774 10676
f 10773 10774 10675
f 10676 10775 10677
f 10774 10775 10676
f 10677 10775 10678
f 10681 10680 10776
f 10777 10681 10776
f 10777 10778 10681
f 10778 10682 10681
f 10683 10682 10779
f 10682 10778 10779
f 10684 10683 10780
f 10683 10779 10780
f 10685 10684 10781
f 10684 10780 10781
f 10686 10685 10782
f 10685 10781 10782
f 10687 10686 10783
f 10686 10782 10783
f 10773 10674 10687
f 10773 10687 10784
f 10784 10687 10783
f 10774 10773 10784
f 10785 10774 10784
f 10785 10786 10787
f 10785 10787 10774
f 10774 10787 10775
f 10678 10787 10688
f 10775 10787 10678
f 10776 10690 10788
f 10680 10690 10776
f 10789 10777 10776
f 10788 10789 10776
f 10790 10787 10786
f 10791 10790 10786
f 10688 10790 10691
f 10787 10790 10688
f 10788 10693 10792
f 10690 10693 10788
f 10793 10789 10788
f 10792 10793 10788
f 10794 10790 10791
f 10795 10794 10791
f 10691 10794 10694
f 10790 10794 10691
f 10792 10695 10796
f 10693 10695 10792
f 10797 10793 10792
f 10796 10797 10792
f 10798 10794 10795
f 10799 10798 10795
f 10694 10798 10696
f 10794 10798 10694
f 10796 10697 10800
f 10695 10697 10796
f 10801 10797 10796
f 10800 10801 10796
f 10802 10798 10799
f 10803 10802 10799
f 10696 10802 10698
f 10798 10802 10696
f 10697 10699 10800
f 10701 10804 10805
f 10699 10701 10805
f 10699 10805 10801
f 10699 10801 10800
f 10805 10804 10806
f 10807 10808 10809
f 10803 10808 10807
f 10802 10803 10807
f 10802 10807 10704
f 10802 10704 10703
f 10698 10802 10703
f 10701 10706 10804
f 10707 10810 10811
f 10706 10707 10811
f 10706 10811 10806
f 10706 10806 10804
f 10810 10812 10813
f 10811 10810 10813
f 10813 10812 10814
f 10815 10816 10817
f 10809 10816 10815
f 10807 10809 10815
f 10807 10815 10710
f 10807 10710 10709
f 10704 10807 10709
f 10707 10711 10810
f 10713 10810 10711
f 10812 10810 10713
f 10812 10818 10814
f 10812 10713 10818
f 10713 10715 10818
f 10717 10819 10715
f 10715 10819 10818
f 10719 10820 10717
f 10717 10820 10819
f 10817 10720 10815
f 10817 10820 10720
f 10820 10719 10720
f 10710 10815 10720
f 10821 10822 10823
f 10823 10824 10821
f 10723 10825 10826
f 10722 10825 10723
f 10724 10723 10827
f 10723 10826 10827
f 10726 10828 10829
f 10726 10724 10828
f 10724 10827 10828
f 10828 10830 10829
f 10831 10832 10833
f 10822 10831 10833
f 10822 10821 10831
f 10821 10834 10831
f 10835 10821 10824
f 10834 10821 10835
f 10836 10837 10838
f 10836 10729 10728
f 10836 10838 10729
f 10838 10839 10729
f 10825 10722 10729
f 10839 10825 10729
f 10726 10829 10730
f 10829 10830 10840
f 10829 10840 10730
f 10730 10840 10731
f 10840 10732 10731
f 10841 10732 10840
f 10842 10832 10831
f 10843 10832 10842
f 10844 10834 10845
f 10844 10842 10834
f 10842 10831 10834
f 10835 10845 10834
f 10846 10837 10836
f 10847 10837 10846
f 10728 10733 10846
f 10836 10728 10846
f 10732 10841 10848
f 10734 10732 10848
f 10735 10849 10850
f 10735 10734 10849
f 10734 10848 10849
f 10849 10851 10850
f 10852 10843 10842
f 10853 10843 10852
f 10854 10842 10844
f 10852 10842 10854
f 10737 10847 10846
f 10737 10736 10847
f 10736 10855 10847
f 10733 10737 10846
f 10735 10850 10738
f 10739 10856 10857
f 10738 10856 10739
f 10738 10851 10856
f 10738 10850 10851
f 10857 10858 10859
f 10856 10858 10857
f 10858 10860 10859
f 10861 10862 10863
f 10861 10864 10865
f 10861 10852 10864
f 10861 10863 10853
f 10852 10861 10853
f 10854 10864 10852
f 10736 10740 10855
f 10855 10740 10866
f 10739 10857 10741
f 10743 10741 10857
f 10743 10857 10867
f 10867 10857 10859
f 10868 10859 10860
f 10868 10869 10859
f 10869 10867 10859
f 10862 10869 10868
f 10862 10861 10869
f 10861 10870 10869
f 10871 10861 10865
f 10870 10861 10871
f 10740 10745 10866
f 10866 10745 10872
f 10867 10873 10747
f 10743 10867 10747
f 10869 10874 10867
f 10874 10873 10867
f 10875 10870 10876
f 10875 10874 10870
f 10874 10869 10870
f 10871 10876 10870
f 10745 10749 10872
f 10872 10749 10877
f 10873 10878 10879
f 10873 10879 10747
f 10747 10879 10752
f 10874 10878 10873
f 10880 10878 10874
f 10875 10880 10874
f 10749 10754 10877
f 10877 10754 10881
f 10757 10882 10883
f 10756 10757 10883
f 10879 10757 10752
f 10882 10757 10879
f 10884 10758 10885
f 10884 10881 10758
f 10881 10754 10758
f 10884 10885 10886
f 10887 10888 10889
f 10760 10759 10890
f 10888 10887 10891
f 10892 10890 10759
f 10892 10759 10893
f 10893 10759 10761
f 10883 10761 10756
f 10893 10761 10883
f 10758 10762 10885
f 10885 10894 10886
f 10885 10762 10894
f 10762 10765 10894
f 10766 10895 10896
f 10766 10896 10765
f 10765 10896 10894
f 10895 10897 10898
f 10896 10895 10898
f 10897 10769 10768
f 10897 10768 10898
f 10898 10768 10899
f 10889 10770 10887
f 10889 10899 10770
f 10899 10768 10770
f 10770 10891 10887
f 10770 10900 10891
f 10770 10760 10890
f 10900 10770 10890
f 10892 10900 10890
f 10766 10771 10895
f 10772 10895 10771
f 10897 10895 10772
f 10769 10897 10772
f 10778 10777 10901
f 10902 10778 10901
f 10902 10903 10778
f 10903 10779 10778
f 10780 10779 10904
f 10779 10903 10904
f 10781 10780 10905
f 10780 10904 10905
f 10782 10781 10906
f 10781 10905 10906
f 10783 10782 10907
f 10782 10906 10907
f 10784 10783 10908
f 10783 10907 10908
f 10909 10908 10910
f 10909 10785 10908
f 10785 10784 10908
f 10785 10909 10786
f 10901 10789 10911
f 10777 10789 10901
f 10912 10902 10901
f 10911 10912 10901
f 10913 10909 10910
f 10914 10913 10910
f 10786 10913 10791
f 10909 10913 10786
f 10911 10793 10915
f 10789 10793 10911
f 10916 10912 10911
f 10915 10916 10911
f 10917 10918 10919
f 10914 10918 10917
f 10914 10917 10913
f 10913 10917 10920
f 10791 10920 10795
f 10913 10920 10791
f 10915 10797 10921
f 10793 10797 10915
f 10922 10916 10915
f 10922 10915 10923
f 10923 10915 10921
f 10922 10923 10924
f 10917 10919 10925
f 10925 10926 10927
f 10925 10927 10917
f 10917 10927 10920
f 10795 10927 10799
f 10920 10927 10795
f 10921 10801 10928
f 10797 10801 10921
f 10923 10921 10929
f 10929 10921 10928
f 10930 10924 10923
f 10929 10930 10923
f 10931 10932 10933
f 10926 10932 10931
f 10926 10931 10927
f 10927 10931 10934
f 10799 10934 10803
f 10927 10934 10799
f 10801 10805 10928
f 10806 10928 10805
f 10806 10935 10928
f 10935 10929 10928
f 10936 10930 10929
f 10936 10929 10937
f 10937 10929 10935
f 10937 10938 10939
f 10936 10937 10939
f 10939 10938 10940
f 10941 10942 10943
f 10933 10942 10941
f 10933 10941 10931
f 10931 10941 10944
f 10808 10944 10809
f 10808 10934 10944
f 10934 10931 10944
f 10803 10934 10808
f 10806 10811 10935
f 10813 10935 10811
f 10937 10935 10813
f 10814 10937 10813
f 10814 10945 10937
f 10945 10938 10937
f 10946 10940 10938
f 10946 10938 10947
f 10947 10938 10945
f 10943 10946 10947
f 10943 10947 10941
f 10941 10947 10948
f 10816 10948 10817
f 10816 10944 10948
f 10944 10941 10948
f 10809 10944 10816
f 10814 10818 10945
f 10819 10945 10818
f 10947 10945 10819
f 10820 10947 10819
f 10948 10947 10820
f 10817 10948 10820
f 10949 10950 10951
f 10949 10823 10822
f 10949 10951 10823
f 10951 10952 10823
f 10824 10953 10954
f 10824 10823 10953
f 10823 10952 10953
f 10953 10955 10954
f 10826 10956 10957
f 10825 10956 10826
f 10827 10826 10958
f 10826 10957 10958
f 10828 10827 10959
f 10827 10958 10959
f 10830 10960 10961
f 10830 10828 10960
f 10828 10959 10960
f 10960 10962 10961
f 10963 10964 10965
f 10950 10963 10965
f 10949 10963 10950
f 10949 10832 10963
f 10949 10833 10832
f 10822 10833 10949
f 10954 10966 10835
f 10824 10954 10835
f 10967 10954 10955
f 10966 10954 10967
f 10838 10968 10969
f 10837 10968 10838
f 10839 10838 10970
f 10838 10969 10970
f 10956 10825 10839
f 10970 10956 10839
f 10830 10961 10840
f 10841 10971 10972
f 10840 10971 10841
f 10840 10962 10971
f 10840 10961 10962
f 10971 10973 10972
f 10974 10964 10963
f 10975 10964 10974
f 10832 10843 10974
f 10963 10832 10974
f 10845 10976 10844
f 10845 10977 10976
f 10835 10977 10845
f 10835 10978 10977
f 10835 10966 10978
f 10967 10978 10966
f 10837 10847 10968
f 10968 10847 10979
f 10841 10972 10848
f 10972 10973 10980
f 10972 10980 10848
f 10848 10980 10849
f 10851 10981 10982
f 10851 10849 10981
f 10849 10980 10981
f 10981 10983 10982
f 10984 10985 10986
f 10975 10984 10986
f 10975 10974 10984
f 10974 10987 10984
f 10843 10853 10987
f 10974 10843 10987
f 10976 10988 10854
f 10844 10976 10854
f 10989 10976 10977
f 10988 10976 10989
f 10847 10855 10979
f 10979 10855 10990
f 10851 10982 10856
f 10982 10983 10991
f 10982 10991 10856
f 10856 10991 10858
f 10860 10984 10992
f 10860 10991 10984
f 10860 10858 10991
f 10991 10985 10984
f 10863 10862 10992
f 10863 10992 10987
f 10987 10992 10984
f 10863 10987 10853
f 10993 10865 10864
f 10864 10994 10993
f 10854 10994 10864
f 10854 10995 10994
f 10854 10988 10995
f 10989 10995 10988
f 10855 10866 10990
f 10990 10866 10996
f 10860 10992 10868
f 10862 10868 10992
f 10993 10997 10871
f 10865 10993 10871
f 10998 10993 10994
f 10997 10993 10998
f 10866 10872 10996
f 10996 10872 10999
f 10876 11000 10875
f 10876 11001 11000
f 10871 11001 10876
f 10871 11002 11001
f 10871 10997 11002
f 10998 11002 10997
f 11003 10877 11004
f 11003 10999 10877
f 10999 10872 10877
f 11003 11004 11005
f 10878 11006 10879
f 10878 10880 11007
f 11006 10878 11007
f 10880 11008 11007
f 10875 11008 10880
f 10875 11009 11008
f 10875 11000 11009
f 11001 11009 11000
f 11004 10881 11010
f 10877 10881 11004
f 11011 11005 11004
f 11010 11011 11004
f 10882 11012 11013
f 10883 10882 11013
f 11006 10882 10879
f 11006 11014 10882
f 11014 11012 10882
f 11007 11014 11006
f 11015 11014 11007
f 11008 11015 11007
f 10881 10884 11010
f 10886 11016 11017
f 10884 10886 11017
f 10884 11017 11011
f 10884 11011 11010
f 11016 11018 11019
f 11017 11016 11019
f 11018 11020 11021
f 11019 11018 11021
f 11021 11020 11022
f 10888 11023 10889
f 10888 10891 11023
f 10893 11024 11025
f 10892 10893 11025
f 11013 10893 10883
f 11024 10893 11013
f 10886 10894 11016
f 10896 11016 10894
f 11018 11016 10896
f 10898 11018 10896
f 11020 11018 10898
f 11020 11026 11022
f 11020 10898 11026
f 10898 10899 11026
f 11023 10899 10889
f 11023 11027 10899
f 11027 11026 10899
f 10891 11027 11023
f 10891 10900 11027
f 10900 11028 11027
f 11025 10900 10892
f 11028 10900 11025
f 10903 10902 11029
f 10903 11030 10904
f 11029 11030 10903
f 10904 11031 10905
f 11030 11031 10904
f 11032 10905 11031
f 11032 11033 10905
f 11033 10906 10905
f 11034 11033 11035
f 11034 10907 11033
f 10907 10906 11033
f 10907 11036 10908
f 11034 11036 10907
f 10908 11036 10910
f 11029 10912 11037
f 10902 10912 11029
f 11030 11029 11038
f 11038 11029 11037
f 11031 11030 11039
f 11039 11030 11038
f 11040 11032 11031
f 11040 11031 11041
f 11041 11031 11039
f 11035 11040 11041
f 11035 11041 11034
f 11034 11041 11042
f 11036 11034 11043
f 11043 11034 11042
f 10910 11043 10914
f 11036 11043 10910
f 11037 10916 11044
f 10912 10916 11037
f 11038 11037 11045
f 11045 11037 11044
f 11039 11038 11046
f 11046 11038 11045
f 11041 11039 11047
f 11047 11039 11046
f 11042 11041 11048
f 11048 11041 11047
f 10918 11048 10919
f 10918 11043 11048
f 11043 11042 11048
f 10914 11043 10918
f 10916 10922 11044
f 10924 11044 10922
f 10924 11049 11044
f 11049 11045 11044
f 11046 11045 11050
f 11050 11045 11049
f 11047 11046 11051
f 11051 11046 11050
f 11048 11047 11052
f 11052 11047 11051
f 10919 11053 10925
f 10919 11048 11053
f 11048 11052 11053
f 10925 11053 10926
f 11049 10930 11054
f 10924 10930 11049
f 11050 11049 11055
f 11055 11049 11054
f 11051 11050 11056
f 11056 11050 11055
f 11052 11051 11057
f 11057 11051 11056
f 10932 11057 10933
f 10932 11053 11057
f 11053 11052 11057
f 10926 11053 10932
f 10930 10936 11054
f 10939 11054 10936
f 11055 11054 10939
f 10940 11055 10939
f 10940 11058 11055
f 11058 11056 11055
f 10942 11058 10943
f 10942 11057 11058
f 11057 11056 11058
f 10933 11057 10942
f 10940 10946 11058
f 10943 11058 10946
f 11059 11060 11061
f 11059 11062 11063
f 11061 11062 11059
f 11063 11064 11065
f 11062 11064 11063
f 11064 11066 11065
f 10951 11067 11068
f 10950 11067 10951
f 10952 10951 11069
f 10951 11068 11069
f 10953 10952 11070
f 10952 11069 11070
f 11070 10955 10953
f 11071 10955 11070
f 11072 11073 11074
f 11060 11072 11074
f 11059 11072 11060
f 11059 10956 11072
f 11059 10957 10956
f 10958 10957 11059
f 11063 10958 11059
f 10959 10958 11063
f 11065 10959 11063
f 11065 11066 11075
f 11065 11075 10959
f 10959 11075 10960
f 11075 10962 10960
f 11076 10962 11075
f 10965 11077 11078
f 10964 11077 10965
f 11067 10950 10965
f 11078 11067 10965
f 10955 11071 10967
f 11071 11079 10967
f 10969 10968 11080
f 11072 11081 11073
f 11072 10969 11081
f 11072 10970 10969
f 11080 11081 10969
f 10956 10970 11072
f 10962 11076 11082
f 10971 10962 11082
f 11082 10973 10971
f 11083 10973 11082
f 10964 10975 11077
f 11077 10975 11084
f 10978 11085 11086
f 10977 10978 11086
f 11079 10978 10967
f 11085 10978 11079
f 11080 11087 11088
f 11080 10968 11087
f 10968 10979 11087
f 11081 11080 11088
f 10973 11083 11089
f 10980 10973 11089
f 10981 10980 11090
f 10980 11089 11090
f 11090 10983 10981
f 11091 10983 11090
f 10986 11092 11093
f 10985 11092 10986
f 11084 10975 10986
f 11093 11084 10986
f 10977 11086 10989
f 11086 11094 10989
f 10979 10990 11087
f 11087 10990 11095
f 10983 11091 11096
f 10991 10983 11096
f 11092 10985 10991
f 11096 11092 10991
f 10995 11097 11098
f 10994 10995 11098
f 11094 10995 10989
f 11097 10995 11094
f 10990 10996 11095
f 11095 10996 11099
f 10994 11098 10998
f 11098 11100 10998
f 10996 10999 11099
f 11099 10999 11101
f 11002 11102 11001
f 11002 11103 11102
f 11002 10998 11103
f 10998 11100 11103
f 10999 11104 11101
f 11003 11104 10999
f 11104 11003 11005
f 11105 11104 11005
f 11009 11106 11107
f 11008 11009 11107
f 11102 11009 11001
f 11102 11108 11009
f 11108 11106 11009
f 11103 11108 11102
f 11109 11011 11110
f 11109 11105 11011
f 11105 11005 11011
f 11109 11110 11111
f 11012 11112 11113
f 11013 11012 11113
f 11014 11114 11012
f 11012 11114 11112
f 11015 11115 11014
f 11014 11115 11114
f 11107 11015 11008
f 11115 11015 11107
f 11011 11017 11110
f 11110 11116 11111
f 11110 11017 11116
f 11017 11019 11116
f 11117 11118 11116
f 11117 11116 11021
f 11021 11116 11019
f 11021 11022 11117
f 11024 11119 11120
f 11025 11024 11120
f 11113 11024 11013
f 11119 11024 11113
f 11117 11121 11118
f 11022 11121 11117
f 11022 11026 11121
f 11026 11122 11121
f 11027 11123 11026
f 11026 11123 11122
f 11028 11124 11027
f 11027 11124 11123
f 11120 11028 11025
f 11124 11028 11120
f 11033 11032 11125
f 11033 11125 11035
f 11032 11040 11125
f 11035 11125 11040
f 11126 11127 11128
f 11126 11129 11130
f 11128 11129 11126
f 11129 11131 11130
f 11132 11127 11126
f 11133 11127 11132
f 11130 11134 11126
f 11134 11132 11126
f 11135 11130 11131
f 11134 11130 11135
f 11136 11137 11138
f 11138 11139 11136
f 11140 11141 11142
f 11140 11143 11144
f 11140 11132 11143
f 11140 11142 11133
f 11132 11140 11133
f 11134 11143 11132
f 11145 11143 11134
f 11135 11145 11134
f 11146 11147 11148
f 11137 11146 11148
f 11137 11136 11146
f 11136 11149 11146
f 11150 11136 11139
f 11149 11136 11150
f 11061 11151 11152
f 11060 11151 11061
f 11141 11140 11062
f 11141 11062 11152
f 11152 11062 11061
f 11140 11144 11153
f 11140 11153 11062
f 11062 11153 11064
f 11153 11066 11064
f 11154 11066 11153
f 11146 11155 11147
f 11149 11155 11146
f 11156 11155 11149
f 11150 11156 11149
f 11068 11157 11158
f 11067 11157 11068
f 11069 11068 11159
f 11068 11158 11159
f 11160 11159 11161
f 11160 11070 11159
f 11070 11069 11159
f 11070 11160 11071
f 11074 11162 11163
f 11073 11162 11074
f 11151 11060 11074
f 11163 11151 11074
f 11066 11154 11164
f 11075 11066 11164
f 11164 11076 11075
f 11165 11076 11164
f 11078 11077 11166
f 11078 11166 11167
f 11078 11167 11067
f 11067 11167 11157
f 11168 11160 11161
f 11169 11168 11161
f 11071 11168 11079
f 11160 11168 11071
f 11073 11081 11162
f 11162 11081 11170
f 11076 11165 11171
f 11082 11076 11171
f 11171 11083 11082
f 11172 11083 11171
f 11166 11173 11174
f 11166 11077 11173
f 11077 11084 11173
f 11167 11166 11174
f 11085 11168 11169
f 11085 11169 11086
f 11086 11169 11175
f 11079 11168 11085
f 11088 11087 11176
f 11088 11176 11177
f 11088 11177 11081
f 11081 11177 11170
f 11083 11172 11178
f 11089 11083 11178
f 11090 11089 11179
f 11089 11178 11179
f 11179 11091 11090
f 11180 11091 11179
f 11093 11092 11181
f 11093 11181 11182
f 11093 11182 11084
f 11084 11182 11173
f 11086 11175 11094
f 11175 11183 11094
f 11176 11095 11184
f 11087 11095 11176
f 11185 11177 11176
f 11184 11185 11176
f 11091 11180 11186
f 11096 11091 11186
f 11181 11092 11096
f 11181 11096 11187
f 11187 11096 11186
f 11182 11181 11187
f 11097 11188 11189
f 11098 11097 11189
f 11183 11097 11094
f 11188 11097 11183
f 11184 11190 11191
f 11184 11095 11190
f 11095 11099 11190
f 11185 11184 11191
f 11098 11189 11100
f 11189 11192 11100
f 11099 11101 11190
f 11190 11101 11193
f 11194 11195 11196
f 11194 11192 11195
f 11194 11103 11192
f 11103 11100 11192
f 11101 11197 11193
f 11104 11197 11101
f 11197 11104 11105
f 11198 11197 11105
f 11106 11199 11200
f 11107 11106 11200
f 11196 11108 11194
f 11196 11199 11108
f 11199 11106 11108
f 11103 11194 11108
f 11201 11105 11109
f 11201 11202 11105
f 11202 11198 11105
f 11109 11111 11201
f 11112 11203 11113
f 11204 11203 11112
f 11204 11112 11205
f 11205 11112 11114
f 11115 11206 11114
f 11114 11206 11205
f 11200 11115 11107
f 11206 11115 11200
f 11201 11207 11202
f 11111 11207 11201
f 11111 11116 11207
f 11116 11208 11207
f 11208 11116 11118
f 11209 11208 11118
f 11210 11211 11212
f 11210 11213 11214
f 11211 11210 11214
f 11213 11120 11119
f 11213 11119 11214
f 11214 11119 11215
f 11203 11119 11113
f 11203 11216 11119
f 11216 11215 11119
f 11204 11216 11203
f 11118 11217 11209
f 11121 11217 11118
f 11122 11218 11121
f 11121 11218 11217
f 11212 11123 11210
f 11212 11218 11123
f 11218 11122 11123
f 11124 11210 11123
f 11213 11210 11124
f 11120 11213 11124
f 11128 11219 11220
f 11127 11219 11128
f 11129 11128 11221
f 11128 11220 11221
f 11131 11222 11223
f 11131 11129 11222
f 11129 11221 11222
f 11222 11224 11223
f 11127 11133 11219
f 11219 11133 11225
f 11223 11226 11135
f 11131 11223 11135
f 11227 11223 11224
f 11227 11228 11223
f 11228 11226 11223
f 11228 11138 11137
f 11228 11227 11138
f 11227 11229 11138
f 11139 11230 11231
f 11139 11138 11230
f 11138 11229 11230
f 11230 11232 11231
f 11233 11234 11235
f 11233 11142 11141
f 11233 11235 11142
f 11235 11236 11142
f 11237 11144 11143
f 11225 11133 11236
f 11142 11236 11133
f 11143 11145 11238
f 11237 11143 11238
f 11145 11239 11238
f 11135 11239 11145
f 11135 11240 11239
f 11135 11226 11240
f 11148 11147 11241
f 11148 11241 11226
f 11148 11226 11228
f 11226 11241 11240
f 11137 11148 11228
f 11231 11242 11150
f 11139 11231 11150
f 11243 11231 11232
f 11242 11231 11243
f 11152 11234 11233
f 11152 11151 11234
f 11151 11244 11234
f 11141 11152 11233
f 11144 11237 11153
f 11245 11237 11238
f 11245 11154 11237
f 11245 11246 11154
f 11153 11237 11154
f 11239 11245 11238
f 11147 11247 11241
f 11155 11247 11147
f 11248 11249 11247
f 11248 11247 11156
f 11156 11247 11155
f 11156 11250 11248
f 11150 11250 11156
f 11150 11251 11250
f 11150 11242 11251
f 11242 11252 11251
f 11242 11253 11252
f 11242 11243 11254
f 11253 11242 11254
f 11253 11255 11256
f 11254 11255 11253
f 11257 11158 11157
f 11258 11256 11255
f 11158 11259 11159
f 11257 11259 11158
f 11159 11259 11161
f 11163 11260 11261
f 11162 11260 11163
f 11244 11151 11163
f 11261 11244 11163
f 11154 11246 11262
f 11164 11154 11262
f 11262 11165 11164
f 11263 11165 11262
f 11248 11264 11249
f 11250 11264 11248
f 11253 11265 11252
f 11265 11266 11267
f 11265 11253 11266
f 11253 11256 11266
f 11257 11157 11268
f 11167 11268 11157
f 11269 11256 11258
f 11256 11269 11266
f 11259 11257 11270
f 11270 11257 11268
f 11161 11270 11169
f 11259 11270 11161
f 11162 11170 11260
f 11260 11170 11271
f 11165 11263 11272
f 11171 11165 11272
f 11272 11172 11171
f 11273 11172 11272
f 11174 11173 11274
f 11266 11275 11267
f 11269 11275 11266
f 11274 11167 11174
f 11167 11274 11268
f 11276 11268 11274
f 11270 11268 11277
f 11277 11268 11276
f 11169 11277 11175
f 11270 11277 11169
f 11170 11177 11271
f 11271 11177 11278
f 11172 11273 11279
f 11178 11172 11279
f 11179 11178 11280
f 11178 11279 11280
f 11280 11180 11179
f 11281 11180 11280
f 11274 11182 11282
f 11173 11182 11274
f 11276 11274 11283
f 11283 11274 11282
f 11277 11276 11284
f 11284 11276 11283
f 11175 11284 11183
f 11277 11284 11175
f 11177 11185 11278
f 11278 11185 11285
f 11180 11281 11286
f 11186 11180 11286
f 11187 11186 11287
f 11186 11286 11287
f 11182 11187 11287
f 11182 11287 11288
f 11182 11288 11282
f 11289 11288 11287
f 11283 11282 11290
f 11290 11282 11288
f 11188 11290 11189
f 11188 11284 11290
f 11284 11283 11290
f 11183 11284 11188
f 11191 11190 11291
f 11191 11291 11292
f 11191 11292 11185
f 11185 11292 11285
f 11288 11289 11293
f 11293 11294 11295
f 11293 11295 11288
f 11288 11295 11290
f 11189 11295 11192
f 11290 11295 11189
f 11291 11193 11296
f 11190 11193 11291
f 11297 11292 11291
f 11297 11291 11298
f 11298 11291 11296
f 11297 11298 11299
f 11195 11295 11294
f 11195 11294 11196
f 11196 11294 11300
f 11192 11295 11195
f 11193 11197 11296
f 11198 11296 11197
f 11198 11301 11296
f 11301 11298 11296
f 11302 11299 11298
f 11302 11298 11303
f 11303 11298 11301
f 11302 11303 11304
f 11199 11305 11306
f 11200 11199 11306
f 11300 11199 11196
f 11305 11199 11300
f 11301 11202 11307
f 11198 11202 11301
f 11303 11301 11308
f 11308 11301 11307
f 11309 11304 11303
f 11309 11303 11310
f 11310 11303 11308
f 11310 11311 11312
f 11309 11310 11312
f 11312 11311 11313
f 11314 11315 11316
f 11314 11204 11205
f 11314 11205 11315
f 11315 11205 11317
f 11206 11318 11205
f 11205 11318 11317
f 11306 11206 11200
f 11318 11206 11306
f 11202 11207 11307
f 11208 11307 11207
f 11308 11307 11208
f 11209 11308 11208
f 11209 11319 11308
f 11319 11310 11308
f 11311 11310 11320
f 11320 11310 11319
f 11212 11211 11321
f 11212 11321 11311
f 11212 11311 11320
f 11313 11311 11321
f 11214 11322 11211
f 11211 11322 11321
f 11215 11323 11214
f 11214 11323 11322
f 11316 11216 11314
f 11316 11323 11216
f 11323 11215 11216
f 11204 11314 11216
f 11209 11217 11319
f 11218 11319 11217
f 11320 11319 11218
f 11212 11320 11218
f 11220 11324 11325
f 11219 11324 11220
f 11221 11220 11326
f 11220 11325 11326
f 11222 11221 11327
f 11221 11326 11327
f 11327 11224 11222
f 11328 11224 11327
f 11329 11330 11331
f 11331 11332 11329
f 11333 11334 11335
f 11333 11335 11324
f 11333 11324 11225
f 11225 11324 11219
f 11224 11328 11336
f 11227 11224 11336
f 11330 11329 11229
f 11330 11229 11336
f 11336 11229 11227
f 11329 11332 11337
f 11329 11337 11229
f 11229 11337 11230
f 11337 11232 11230
f 11338 11232 11337
f 11235 11339 11340
f 11234 11339 11235
f 11334 11333 11236
f 11334 11236 11340
f 11340 11236 11235
f 11225 11236 11333
f 11240 11341 11239
f 11240 11241 11341
f 11342 11343 11243
f 11342 11243 11338
f 11338 11243 11232
f 11343 11344 11345
f 11342 11344 11343
f 11344 11346 11345
f 11234 11244 11339
f 11339 11244 11347
f 11245 11348 11246
f 11245 11349 11348
f 11239 11349 11245
f 11239 11350 11349
f 11239 11341 11350
f 11351 11352 11350
f 11247 11351 11350
f 11247 11350 11341
f 11247 11341 11241
f 11247 11249 11351
f 11251 11353 11250
f 11243 11343 11254
f 11353 11251 11252
f 11255 11254 11343
f 11345 11255 11343
f 11258 11354 11355
f 11255 11354 11258
f 11255 11346 11354
f 11255 11345 11346
f 11354 11356 11355
f 11261 11357 11358
f 11260 11357 11261
f 11347 11244 11261
f 11358 11347 11261
f 11246 11348 11262
f 11348 11263 11262
f 11348 11349 11263
f 11349 11359 11263
f 11351 11360 11352
f 11249 11360 11351
f 11249 11264 11360
f 11264 11361 11360
f 11353 11264 11250
f 11353 11362 11264
f 11362 11361 11264
f 11363 11364 11362
f 11265 11363 11362
f 11265 11362 11353
f 11265 11353 11252
f 11265 11267 11363
f 11355 11365 11366
f 11355 11366 11258
f 11258 11366 11269
f 11356 11365 11355
f 11260 11271 11357
f 11357 11271 11367
f 11263 11359 11368
f 11272 11263 11368
f 11368 11273 11272
f 11369 11273 11368
f 11363 11370 11364
f 11267 11370 11363
f 11267 11275 11370
f 11275 11371 11370
f 11366 11275 11269
f 11371 11275 11366
f 11271 11278 11367
f 11367 11278 11372
f 11273 11369 11373
f 11279 11273 11373
f 11280 11279 11374
f 11279 11373 11374
f 11374 11281 11280
f 11375 11281 11374
f 11376 11285 11377
f 11376 11372 11285
f 11372 11278 11285
f 11376 11377 11378
f 11281 11375 11379
f 11286 11281 11379
f 11380 11379 11381
f 11380 11287 11379
f 11287 11286 11379
f 11287 11380 11289
f 11377 11292 11382
f 11285 11292 11377
f 11383 11378 11377
f 11382 11383 11377
f 11380 11381 11384
f 11385 11384 11386
f 11293 11384 11385
f 11293 11380 11384
f 11293 11289 11380
f 11293 11385 11294
f 11292 11297 11382
f 11299 11387 11388
f 11297 11299 11388
f 11297 11388 11383
f 11297 11383 11382
f 11388 11387 11389
f 11390 11385 11386
f 11391 11390 11386
f 11294 11390 11300
f 11385 11390 11294
f 11299 11302 11387
f 11304 11392 11393
f 11302 11304 11393
f 11302 11393 11389
f 11302 11389 11387
f 11393 11392 11394
f 11305 11390 11391
f 11305 11391 11306
f 11306 11391 11395
f 11300 11390 11305
f 11304 11309 11392
f 11392 11396 11394
f 11392 11309 11396
f 11309 11312 11396
f 11313 11397 11398
f 11313 11398 11312
f 11312 11398 11396
f 11397 11399 11400
f 11398 11397 11400
f 11399 11401 11402
f 11400 11399 11402
f 11401 11316 11315
f 11401 11315 11402
f 11402 11315 11403
f 11317 11404 11315
f 11315 11404 11403
f 11318 11405 11317
f 11317 11405 11404
f 11395 11318 11306
f 11405 11318 11395
f 11313 11321 11397
f 11322 11397 11321
f 11399 11397 11322
f 11323 11399 11322
f 11401 11399 11323
f 11316 11401 11323
f 11325 11406 11407
f 11324 11406 11325
f 11326 11325 11408
f 11325 11407 11408
f 11409 11408 11410
f 11409 11327 11408
f 11327 11326 11408
f 11327 11409 11328
f 11331 11330 11411
f 11331 11411 11332
f 11335 11412 11413
f 11334 11412 11335
f 11406 11324 11335
f 11413 11406 11335
f 11414 11409 11410
f 11415 11414 11410
f 11328 11409 11414
f 11328 11414 11416
f 11328 11416 11336
f 11416 11414 11417
f 11411 11330 11336
f 11411 11336 11418
f 11418 11336 11416
f 11419 11418 11420
f 11337 11418 11419
f 11337 11411 11418
f 11337 11332 11411
f 11337 11419 11338
f 11340 11421 11422
f 11339 11421 11340
f 11412 11334 11340
f 11422 11412 11340
f 11414 11415 11423
f 11417 11414 11423
f 11419 11420 11424
f 11338 11419 11424
f 11338 11424 11342
f 11342 11424 11425
f 11344 11342 11426
f 11342 11425 11426
f 11426 11346 11344
f 11427 11346 11426
f 11339 11347 11421
f 11421 11347 11428
f 11350 11429 11349
f 11350 11352 11429
f 11346 11427 11430
f 11354 11346 11430
f 11430 11356 11354
f 11431 11356 11430
f 11358 11357 11432
f 11358 11432 11433
f 11358 11433 11347
f 11347 11433 11428
f 11429 11434 11435
f 11429 11435 11349
f 11349 11435 11359
f 11352 11434 11429
f 11352 11360 11434
f 11360 11436 11434
f 11361 11437 11360
f 11360 11437 11436
f 11362 11438 11361
f 11361 11438 11437
f 11438 11362 11364
f 11439 11438 11364
f 11365 11440 11366
f 11365 11441 11440
f 11365 11356 11441
f 11356 11431 11441
f 11432 11367 11442
f 11357 11367 11432
f 11443 11433 11432
f 11442 11443 11432
f 11359 11435 11444
f 11368 11359 11444
f 11444 11369 11368
f 11445 11369 11444
f 11364 11446 11439
f 11370 11446 11364
f 11371 11447 11370
f 11370 11447 11446
f 11440 11371 11366
f 11440 11448 11371
f 11448 11447 11371
f 11441 11448 11440
f 11442 11372 11449
f 11367 11372 11442
f 11450 11443 11442
f 11449 11450 11442
f 11369 11445 11451
f 11373 11369 11451
f 11374 11373 11452
f 11373 11451 11452
f 11452 11375 11374
f 11453 11375 11452
f 11372 11376 11449
f 11449 11376 11378
f 11449 11378 11450
f 11450 11378 11454
f 11375 11453 11455
f 11379 11375 11455
f 11455 11381 11379
f 11456 11381 11455
f 11457 11383 11458
f 11457 11454 11383
f 11454 11378 11383
f 11457 11458 11459
f 11381 11456 11460
f 11384 11381 11460
f 11460 11386 11384
f 11461 11386 11460
f 11383 11388 11458
f 11458 11388 11389
f 11458 11389 11459
f 11459 11389 11462
f 11386 11461 11391
f 11461 11463 11391
f 11389 11464 11462
f 11393 11464 11389
f 11394 11465 11466
f 11394 11466 11393
f 11393 11466 11464
f 11466 11465 11467
f 11468 11469 11470
f 11468 11463 11469
f 11468 11395 11463
f 11395 11391 11463
f 11394 11396 11465
f 11465 11471 11467
f 11465 11396 11471
f 11396 11398 11471
f 11400 11472 11398
f 11398 11472 11471
f 11402 11473 11400
f 11400 11473 11472
f 11403 11474 11402
f 11402 11474 11473
f 11404 11475 11403
f 11403 11475 11474
f 11470 11405 11468
f 11470 11475 11405
f 11475 11404 11405
f 11395 11468 11405
f 11407 11406 11476
f 11407 11477 11408
f 11476 11477 11407
f 11408 11477 11410
f 11413 11478 11479
f 11412 11478 11413
f 11476 11406 11413
f 11476 11413 11480
f 11480 11413 11479
f 11480 11481 11482
f 11480 11482 11476
f 11476 11482 11477
f 11410 11482 11415
f 11477 11482 11410
f 11416 11483 11484
f 11417 11483 11416
f 11485 11484 11486
f 11485 11418 11484
f 11418 11416 11484
f 11418 11485 11420
f 11422 11487 11488
f 11421 11487 11422
f 11478 11412 11422
f 11488 11478 11422
f 11482 11481 11489
f 11415 11482 11489
f 11415 11489 11423
f 11423 11489 11490
f 11483 11417 11423
f 11490 11483 11423
f 11485 11486 11491
f 11492 11491 11493
f 11424 11491 11492
f 11424 11485 11491
f 11424 11420 11485
f 11424 11494 11425
f 11492 11494 11424
f 11425 11495 11426
f 11494 11495 11425
f 11426 11495 11427
f 11421 11428 11487
f 11487 11428 11496
f 11492 11493 11497
f 11494 11492 11497
f 11498 11494 11497
f 11495 11494 11498
f 11499 11495 11498
f 11500 11499 11501
f 11430 11499 11500
f 11430 11495 11499
f 11430 11427 11495
f 11430 11500 11431
f 11428 11433 11496
f 11496 11433 11502
f 11434 11503 11435
f 11434 11436 11504
f 11503 11434 11504
f 11436 11437 11505
f 11504 11436 11505
f 11437 11438 11506
f 11505 11437 11506
f 11438 11439 11506
f 11500 11501 11507
f 11507 11431 11500
f 11507 11508 11431
f 11508 11441 11431
f 11433 11443 11502
f 11502 11443 11509
f 11435 11503 11444
f 11445 11444 11503
f 11445 11503 11510
f 11510 11503 11504
f 11511 11505 11512
f 11511 11510 11505
f 11510 11504 11505
f 11512 11513 11514
f 11512 11505 11513
f 11505 11506 11513
f 11439 11446 11515
f 11439 11515 11506
f 11506 11515 11513
f 11446 11447 11516
f 11515 11446 11516
f 11517 11516 11447
f 11517 11447 11518
f 11518 11447 11448
f 11508 11448 11441
f 11518 11448 11508
f 11443 11450 11509
f 11509 11450 11519
f 11445 11510 11451
f 11510 11511 11520
f 11510 11520 11451
f 11451 11520 11452
f 11453 11513 11521
f 11453 11520 11513
f 11453 11452 11520
f 11520 11514 11513
f 11515 11522 11513
f 11522 11521 11513
f 11516 11523 11515
f 11523 11522 11515
f 11524 11516 11517
f 11523 11516 11524
f 11525 11454 11526
f 11525 11519 11454
f 11519 11450 11454
f 11525 11526 11527
f 11453 11521 11455
f 11456 11455 11521
f 11456 11521 11528
f 11528 11521 11522
f 11529 11523 11530
f 11529 11528 11523
f 11528 11522 11523
f 11524 11530 11523
f 11454 11457 11526
f 11526 11457 11459
f 11526 11459 11527
f 11527 11459 11531
f 11456 11528 11460
f 11528 11461 11460
f 11528 11529 11461
f 11529 11532 11461
f 11533 11462 11534
f 11533 11531 11462
f 11531 11459 11462
f 11533 11534 11535
f 11461 11532 11463
f 11532 11536 11463
f 11462 11464 11534
f 11534 11537 11535
f 11534 11464 11537
f 11464 11466 11537
f 11467 11538 11539
f 11467 11539 11466
f 11466 11539 11537
f 11538 11540 11541
f 11539 11538 11541
f 11541 11540 11542
f 11469 11543 11544
f 11470 11469 11544
f 11536 11469 11463
f 11543 11469 11536
f 11467 11471 11538
f 11472 11538 11471
f 11540 11538 11472
f 11540 11545 11542
f 11540 11472 11545
f 11472 11473 11545
f 11474 11546 11473
f 11473 11546 11545
f 11475 11547 11474
f 11474 11547 11546
f 11544 11475 11470
f 11547 11475 11544
f 11479 11478 11548
f 11479 11549 11480
f 11548 11549 11479
f 11480 11549 11481
f 11484 11483 11550
f 11484 11550 11486
f 11488 11487 11551
f 11488 11548 11478
f 11488 11551 11548
f 11551 11552 11548
f 11549 11548 11553
f 11553 11548 11552
f 11481 11554 11489
f 11481 11549 11554
f 11549 11553 11554
f 11555 11489 11554
f 11555 11556 11489
f 11556 11490 11489
f 11550 11483 11490
f 11550 11490 11557
f 11557 11490 11556
f 11486 11550 11557
f 11486 11557 11491
f 11491 11557 11558
f 11558 11493 11491
f 11559 11493 11558
f 11551 11496 11560
f 11487 11496 11551
f 11552 11551 11561
f 11561 11551 11560
f 11553 11552 11562
f 11562 11552 11561
f 11554 11553 11563
f 11563 11553 11562
f 11564 11555 11554
f 11563 11564 11554
f 11565 11497 11493
f 11565 11493 11566
f 11566 11493 11559
f 11567 11497 11565
f 11567 11568 11497
f 11568 11498 11497
f 11569 11568 11570
f 11569 11499 11568
f 11499 11498 11568
f 11499 11569 11501
f 11560 11502 11571
f 11496 11502 11560
f 11572 11573 11561
f 11572 11561 11571
f 11571 11561 11560
f 11562 11561 11573
f 11574 11562 11573
f 11563 11562 11574
f 11575 11563 11574
f 11564 11563 11575
f 11565 11566 11576
f 11567 11565 11576
f 11569 11570 11577
f 11578 11577 11579
f 11507 11577 11578
f 11507 11569 11577
f 11507 11501 11569
f 11507 11578 11508
f 11571 11509 11580
f 11502 11509 11571
f 11581 11572 11571
f 11580 11581 11571
f 11512 11582 11511
f 11512 11514 11582
f 11518 11578 11579
f 11518 11579 11517
f 11517 11579 11583
f 11508 11578 11518
f 11580 11519 11584
f 11509 11519 11580
f 11585 11581 11580
f 11584 11585 11580
f 11511 11582 11520
f 11514 11520 11582
f 11517 11583 11524
f 11583 11586 11524
f 11519 11525 11584
f 11584 11525 11527
f 11584 11527 11585
f 11585 11527 11587
f 11530 11588 11529
f 11530 11589 11588
f 11530 11524 11589
f 11524 11586 11589
f 11590 11531 11591
f 11590 11587 11531
f 11587 11527 11531
f 11590 11591 11592
f 11588 11593 11594
f 11588 11594 11529
f 11529 11594 11532
f 11589 11593 11588
f 11531 11533 11591
f 11535 11595 11596
f 11533 11535 11596
f 11533 11596 11592
f 11533 11592 11591
f 11595 11597 11598
f 11596 11595 11598
f 11598 11597 11599
f 11532 11594 11536
f 11594 11600 11536
f 11535 11537 11595
f 11539 11595 11537
f 11597 11595 11539
f 11597 11601 11599
f 11597 11539 11601
f 11539 11541 11601
f 11542 11602 11603
f 11542 11603 11541
f 11541 11603 11601
f 11602 11604 11605
f 11603 11602 11605
f 11604 11606 11607
f 11605 11604 11607
f 11606 11544 11543
f 11606 11543 11607
f 11607 11543 11608
f 11600 11543 11536
f 11608 11543 11600
f 11542 11545 11602
f 11546 11602 11545
f 11604 11602 11546
f 11547 11604 11546
f 11606 11604 11547
f 11544 11606 11547
f 11556 11555 11609
f 11556 11610 11557
f 11609 11610 11556
f 11557 11611 11558
f 11610 11611 11557
f 11558 11611 11559
f 11609 11612 11613
f 11609 11555 11612
f 11555 11564 11612
f 11610 11609 11613
f 11614 11610 11613
f 11611 11610 11614
f 11615 11611 11614
f 11615 11559 11611
f 11615 11616 11559
f 11616 11566 11559
f 11568 11567 11617
f 11568 11617 11570
f 11573 11572 11618
f 11573 11619 11574
f 11618 11619 11573
f 11574 11620 11575
f 11619 11620 11574
f 11575 11620 11621
f 11575 11621 11564
f 11564 11621 11612
f 11622 11576 11566
f 11622 11566 11623
f 11623 11566 11616
f 11576 11622 11624
f 11567 11576 11624
f 11567 11624 11625
f 11567 11625 11617
f 11570 11617 11625
f 11570 11625 11577
f 11577 11625 11626
f 11626 11579 11577
f 11627 11579 11626
f 11618 11581 11628
f 11572 11581 11618
f 11619 11618 11629
f 11629 11618 11628
f 11630 11631 11620
f 11630 11620 11629
f 11629 11620 11619
f 11621 11620 11631
f 11622 11623 11632
f 11624 11622 11632
f 11579 11627 11583
f 11627 11633 11583
f 11628 11585 11634
f 11581 11585 11628
f 11635 11636 11629
f 11635 11629 11634
f 11634 11629 11628
f 11630 11629 11636
f 11637 11638 11639
f 11638 11637 11640
f 11583 11633 11586
f 11633 11641 11586
f 11634 11587 11642
f 11585 11587 11634
f 11643 11635 11634
f 11642 11643 11634
f 11637 11639 11644
f 11640 11637 11644
f 11645 11646 11647
f 11645 11641 11646
f 11645 11589 11641
f 11589 11586 11641
f 11587 11590 11642
f 11592 11648 11649
f 11590 11592 11649
f 11590 11649 11643
f 11590 11643 11642
f 11649 11648 11650
f 11593 11645 11647
f 11593 11647 11594
f 11594 11647 11651
f 11589 11645 11593
f 11592 11596 11648
f 11648 11652 11650
f 11648 11596 11652
f 11596 11598 11652
f 11599 11653 11654
f 11599 11654 11598
f 11598 11654 11652
f 11653 11655 11656
f 11654 11653 11656
f 11656 11655 11657
f 11658 11659 11660
f 11658 11651 11659
f 11658 11600 11651
f 11600 11594 11651
f 11599 11601 11653
f 11603 11653 11601
f 11655 11653 11603
f 11655 11661 11657
f 11655 11603 11661
f 11603 11605 11661
f 11607 11662 11605
f 11605 11662 11661
f 11660 11608 11658
f 11660 11662 11608
f 11662 11607 11608
f 11600 11658 11608
f 11613 11612 11663
f 11613 11664 11614
f 11663 11664 11613
f 11614 11665 11615
f 11664 11665 11614
f 11615 11665 11616
f 11663 11621 11666
f 11612 11621 11663
f 11667 11668 11664
f 11667 11664 11666
f 11666 11664 11663
f 11668 11669 11670
f 11668 11670 11664
f 11664 11670 11665
f 11616 11670 11623
f 11665 11670 11616
f 11625 11624 11671
f 11625 11672 11626
f 11671 11672 11625
f 11626 11672 11627
f 11631 11630 11673
f 11631 11673 11674
f 11621 11631 11674
f 11621 11674 11675
f 11621 11675 11666
f 11676 11677 11678
f 11666 11675 11667
f 11669 11678 11677
f 11669 11677 11670
f 11670 11677 11679
f 11623 11680 11632
f 11623 11670 11680
f 11670 11679 11680
f 11632 11671 11624
f 11632 11680 11671
f 11680 11681 11671
f 11672 11671 11682
f 11682 11671 11681
f 11627 11682 11633
f 11672 11682 11627
f 11636 11635 11683
f 11636 11673 11630
f 11636 11683 11673
f 11683 11684 11673
f 11685 11674 11673
f 11684 11685 11673
f 11686 11677 11676
f 11687 11686 11676
f 11638 11686 11639
f 11638 11679 11686
f 11679 11677 11686
f 11640 11679 11638
f 11640 11688 11679
f 11688 11680 11679
f 11681 11680 11689
f 11689 11680 11688
f 11682 11681 11690
f 11690 11681 11689
f 11633 11690 11641
f 11682 11690 11633
f 11683 11643 11691
f 11635 11643 11683
f 11684 11683 11692
f 11692 11683 11691
f 11693 11685 11684
f 11693 11684 11694
f 11694 11684 11692
f 11687 11693 11694
f 11687 11694 11686
f 11686 11694 11695
f 11639 11696 11644
f 11639 11686 11696
f 11686 11695 11696
f 11644 11688 11640
f 11644 11696 11688
f 11696 11697 11688
f 11689 11688 11698
f 11698 11688 11697
f 11646 11698 11647
f 11646 11690 11698
f 11690 11689 11698
f 11641 11690 11646
f 11643 11649 11691
f 11650 11691 11649
f 11650 11699 11691
f 11699 11692 11691
f 11694 11692 11700
f 11700 11692 11699
f 11695 11694 11701
f 11701 11694 11700
f 11696 11695 11702
f 11702 11695 11701
f 11697 11696 11703
f 11703 11696 11702
f 11698 11697 11704
f 11704 11697 11703
f 11647 11704 11651
f 11698 11704 11647
f 11650 11652 11699
f 11654 11699 11652
f 11700 11699 11654
f 11656 11700 11654
f 11701 11700 11656
f 11657 11701 11656
f 11657 11705 11701
f 11705 11702 11701
f 11703 11702 11706
f 11706 11702 11705
f 11659 11706 11660
f 11659 11704 11706
f 11704 11703 11706
f 11651 11704 11659
f 11657 11661 11705
f 11662 11705 11661
f 11706 11705 11662
f 11660 11706 11662
f 11668 11667 11707
f 11668 11707 11669
f 11675 11674 11708
f 11708 11667 11675
f 11708 11707 11667
f 11708 11676 11678
f 11707 11708 11678
f 11669 11707 11678
f 11708 11685 11709
f 11674 11685 11708
f 11676 11709 11687
f 11708 11709 11676
f 11685 11693 11709
f 11687 11709 11693

